dataset,base_year,period,code,measure,value,status
cpi,2024,2025-01-31,cpi:all,index,101.67,F
cpi,2024,2025-02-28,cpi:all,index,101.32,F
cpi,2024,2025-03-31,cpi:all,index,101.39,F
cpi,2024,2025-04-30,cpi:all,index,101.58,F
cpi,2024,2025-05-31,cpi:all,index,101.9,F
cpi,2024,2025-06-30,cpi:all,index,102.51,F
cpi,2024,2025-07-31,cpi:all,index,103.35,F
cpi,2024,2025-08-31,cpi:all,index,103.74,F
cpi,2024,2025-09-30,cpi:all,index,103.74,F
cpi,2024,2025-10-31,cpi:all,index,103.74,F
cpi,2024,2025-11-30,cpi:all,index,104.01,F
cpi,2024,2025-12-31,cpi:all,index,104.1,F
cpi,2024,2026-01-31,cpi:all,index,104.45,F
cpi,2024,2026-01-31,cpi:all,inflation_published,2.74,F
cpi,2024,2026-02-28,cpi:all,index,104.57,F
cpi,2024,2026-02-28,cpi:all,inflation_published,3.21,F
cpi,2024,2026-03-31,cpi:all,index,104.84,F
cpi,2024,2026-03-31,cpi:all,inflation_published,3.4,F
cpi,2024,2026-04-30,cpi:all,index,105.12,F
cpi,2024,2026-04-30,cpi:all,inflation_published,3.48,F
cpi,2024,2026-05-31,cpi:all,index,105.91,F
cpi,2024,2026-05-31,cpi:all,inflation_published,3.93,F
cpi,2024,2026-06-30,cpi:all,index,107.0,F
cpi,2024,2026-06-30,cpi:all,inflation_published,4.38,F
cpi,2024,2026-07-31,cpi:all,index,107.95,F
cpi,2024,2026-07-31,cpi:all,inflation_published,4.45,F
cpi,2024,2026-08-31,cpi:all,index,108.74,P
cpi,2024,2026-08-31,cpi:all,inflation_published,4.82,P
iip,2022-23,2023-04-30,iip:electricity,growth_published,3.8,
iip,2022-23,2023-04-30,iip:electricity,index,103.8,
iip,2022-23,2023-04-30,iip:electricity_gas,growth_published,3.8,
iip,2022-23,2023-04-30,iip:electricity_gas,index,103.8,
iip,2022-23,2023-04-30,iip:electricity_gas/gas_supply,growth_published,3.8,
iip,2022-23,2023-04-30,iip:electricity_gas/gas_supply,index,103.8,
iip,2022-23,2023-04-30,iip:electricity_gas/non_renewable_electricity,growth_published,10.3,
iip,2022-23,2023-04-30,iip:electricity_gas/non_renewable_electricity,index,110.3,
iip,2022-23,2023-04-30,iip:electricity_gas/renewable_electricity,growth_published,-18.0,
iip,2022-23,2023-04-30,iip:electricity_gas/renewable_electricity,index,82.0,
iip,2022-23,2023-04-30,iip:general,growth_published,0.4,
iip,2022-23,2023-04-30,iip:general,index,100.4,
iip,2022-23,2023-04-30,iip:manufacturing,growth_published,0.1,
iip,2022-23,2023-04-30,iip:manufacturing,index,100.1,
iip,2022-23,2023-04-30,iip:mining,growth_published,-2.6,
iip,2022-23,2023-04-30,iip:mining,index,97.4,
iip,2022-23,2023-04-30,iip:mining/fuel_minerals,growth_published,-3.0,
iip,2022-23,2023-04-30,iip:mining/fuel_minerals,index,97.0,
iip,2022-23,2023-04-30,iip:mining/metallic_minerals_incl_rare_earth_minerals,growth_published,10.8,
iip,2022-23,2023-04-30,iip:mining/metallic_minerals_incl_rare_earth_minerals,index,110.8,
iip,2022-23,2023-04-30,iip:mining/non_metallic_minerals_incl_minor_minerals,growth_published,-9.8,
iip,2022-23,2023-04-30,iip:mining/non_metallic_minerals_incl_minor_minerals,index,90.2,
iip,2022-23,2023-04-30,iip:use/capital_goods,growth_published,-4.7,
iip,2022-23,2023-04-30,iip:use/capital_goods,index,95.3,
iip,2022-23,2023-04-30,iip:use/consumer_durables,growth_published,-4.0,
iip,2022-23,2023-04-30,iip:use/consumer_durables,index,96.0,
iip,2022-23,2023-04-30,iip:use/consumer_non_durables,growth_published,0.6,
iip,2022-23,2023-04-30,iip:use/consumer_non_durables,index,100.6,
iip,2022-23,2023-04-30,iip:use/infrastructure_construction_goods,growth_published,5.7,
iip,2022-23,2023-04-30,iip:use/infrastructure_construction_goods,index,105.7,
iip,2022-23,2023-04-30,iip:use/intermediate_goods,growth_published,0.6,
iip,2022-23,2023-04-30,iip:use/intermediate_goods,index,100.6,
iip,2022-23,2023-04-30,iip:use/primary_goods,growth_published,1.3,
iip,2022-23,2023-04-30,iip:use/primary_goods,index,101.3,
iip,2022-23,2023-04-30,iip:water_waste,growth_published,9.6,
iip,2022-23,2023-04-30,iip:water_waste,index,109.6,
iip,2022-23,2023-04-30,iip:water_waste/sewerage_waste_management,growth_published,5.9,
iip,2022-23,2023-04-30,iip:water_waste/sewerage_waste_management,index,105.9,
iip,2022-23,2023-04-30,iip:water_waste/water_supply,growth_published,12.9,
iip,2022-23,2023-04-30,iip:water_waste/water_supply,index,112.9,
iip,2022-23,2023-04-30,nic:10,growth_published,-1.1,
iip,2022-23,2023-04-30,nic:10,index,98.9,
iip,2022-23,2023-04-30,nic:11,growth_published,22.8,
iip,2022-23,2023-04-30,nic:11,index,122.8,
iip,2022-23,2023-04-30,nic:12,growth_published,-12.5,
iip,2022-23,2023-04-30,nic:12,index,87.5,
iip,2022-23,2023-04-30,nic:13,growth_published,5.5,
iip,2022-23,2023-04-30,nic:13,index,105.5,
iip,2022-23,2023-04-30,nic:14,growth_published,-7.8,
iip,2022-23,2023-04-30,nic:14,index,92.2,
iip,2022-23,2023-04-30,nic:15,growth_published,-12.7,
iip,2022-23,2023-04-30,nic:15,index,87.3,
iip,2022-23,2023-04-30,nic:16,growth_published,-9.8,
iip,2022-23,2023-04-30,nic:16,index,90.2,
iip,2022-23,2023-04-30,nic:17,growth_published,-1.3,
iip,2022-23,2023-04-30,nic:17,index,98.7,
iip,2022-23,2023-04-30,nic:18,growth_published,0.2,
iip,2022-23,2023-04-30,nic:18,index,100.2,
iip,2022-23,2023-04-30,nic:19,growth_published,0.9,
iip,2022-23,2023-04-30,nic:19,index,100.9,
iip,2022-23,2023-04-30,nic:20,growth_published,1.5,
iip,2022-23,2023-04-30,nic:20,index,101.5,
iip,2022-23,2023-04-30,nic:21,growth_published,1.9,
iip,2022-23,2023-04-30,nic:21,index,101.9,
iip,2022-23,2023-04-30,nic:22,growth_published,-5.4,
iip,2022-23,2023-04-30,nic:22,index,94.6,
iip,2022-23,2023-04-30,nic:23,growth_published,4.3,
iip,2022-23,2023-04-30,nic:23,index,104.3,
iip,2022-23,2023-04-30,nic:24,growth_published,5.0,
iip,2022-23,2023-04-30,nic:24,index,105.0,
iip,2022-23,2023-04-30,nic:25,growth_published,-1.3,
iip,2022-23,2023-04-30,nic:25,index,98.7,
iip,2022-23,2023-04-30,nic:26,growth_published,7.6,
iip,2022-23,2023-04-30,nic:26,index,107.6,
iip,2022-23,2023-04-30,nic:27,growth_published,-0.6,
iip,2022-23,2023-04-30,nic:27,index,99.4,
iip,2022-23,2023-04-30,nic:28,growth_published,-9.9,
iip,2022-23,2023-04-30,nic:28,index,90.1,
iip,2022-23,2023-04-30,nic:29,growth_published,-1.8,
iip,2022-23,2023-04-30,nic:29,index,98.2,
iip,2022-23,2023-04-30,nic:30,growth_published,-1.2,
iip,2022-23,2023-04-30,nic:30,index,98.8,
iip,2022-23,2023-04-30,nic:31,growth_published,-20.6,
iip,2022-23,2023-04-30,nic:31,index,79.4,
iip,2022-23,2023-04-30,nic:32,growth_published,-2.4,
iip,2022-23,2023-04-30,nic:32,index,97.6,
iip,2022-23,2023-05-31,iip:electricity,growth_published,8.8,
iip,2022-23,2023-05-31,iip:electricity,index,108.8,
iip,2022-23,2023-05-31,iip:electricity_gas,growth_published,9.1,
iip,2022-23,2023-05-31,iip:electricity_gas,index,109.1,
iip,2022-23,2023-05-31,iip:electricity_gas/gas_supply,growth_published,13.9,
iip,2022-23,2023-05-31,iip:electricity_gas/gas_supply,index,113.9,
iip,2022-23,2023-05-31,iip:electricity_gas/non_renewable_electricity,growth_published,10.2,
iip,2022-23,2023-05-31,iip:electricity_gas/non_renewable_electricity,index,110.2,
iip,2022-23,2023-05-31,iip:electricity_gas/renewable_electricity,growth_published,4.1,
iip,2022-23,2023-05-31,iip:electricity_gas/renewable_electricity,index,104.1,
iip,2022-23,2023-05-31,iip:general,growth_published,5.2,
iip,2022-23,2023-05-31,iip:general,index,105.2,
iip,2022-23,2023-05-31,iip:manufacturing,growth_published,5.2,
iip,2022-23,2023-05-31,iip:manufacturing,index,105.2,
iip,2022-23,2023-05-31,iip:mining,growth_published,0.7,
iip,2022-23,2023-05-31,iip:mining,index,100.7,
iip,2022-23,2023-05-31,iip:mining/fuel_minerals,growth_published,1.8,
iip,2022-23,2023-05-31,iip:mining/fuel_minerals,index,101.8,
iip,2022-23,2023-05-31,iip:mining/metallic_minerals_incl_rare_earth_minerals,growth_published,16.4,
iip,2022-23,2023-05-31,iip:mining/metallic_minerals_incl_rare_earth_minerals,index,116.4,
iip,2022-23,2023-05-31,iip:mining/non_metallic_minerals_incl_minor_minerals,growth_published,-10.3,
iip,2022-23,2023-05-31,iip:mining/non_metallic_minerals_incl_minor_minerals,index,89.7,
iip,2022-23,2023-05-31,iip:use/capital_goods,growth_published,1.6,
iip,2022-23,2023-05-31,iip:use/capital_goods,index,101.6,
iip,2022-23,2023-05-31,iip:use/consumer_durables,growth_published,-1.2,
iip,2022-23,2023-05-31,iip:use/consumer_durables,index,98.8,
iip,2022-23,2023-05-31,iip:use/consumer_non_durables,growth_published,8.4,
iip,2022-23,2023-05-31,iip:use/consumer_non_durables,index,108.4,
iip,2022-23,2023-05-31,iip:use/infrastructure_construction_goods,growth_published,7.9,
iip,2022-23,2023-05-31,iip:use/infrastructure_construction_goods,index,107.9,
iip,2022-23,2023-05-31,iip:use/intermediate_goods,growth_published,5.5,
iip,2022-23,2023-05-31,iip:use/intermediate_goods,index,105.5,
iip,2022-23,2023-05-31,iip:use/primary_goods,growth_published,5.8,
iip,2022-23,2023-05-31,iip:use/primary_goods,index,105.8,
iip,2022-23,2023-05-31,iip:water_waste,growth_published,11.0,
iip,2022-23,2023-05-31,iip:water_waste,index,111.0,
iip,2022-23,2023-05-31,iip:water_waste/sewerage_waste_management,growth_published,6.1,
iip,2022-23,2023-05-31,iip:water_waste/sewerage_waste_management,index,106.1,
iip,2022-23,2023-05-31,iip:water_waste/water_supply,growth_published,15.4,
iip,2022-23,2023-05-31,iip:water_waste/water_supply,index,115.4,
iip,2022-23,2023-05-31,nic:10,growth_published,-2.4,
iip,2022-23,2023-05-31,nic:10,index,97.6,
iip,2022-23,2023-05-31,nic:11,growth_published,37.2,
iip,2022-23,2023-05-31,nic:11,index,137.2,
iip,2022-23,2023-05-31,nic:12,growth_published,-0.1,
iip,2022-23,2023-05-31,nic:12,index,99.9,
iip,2022-23,2023-05-31,nic:13,growth_published,6.0,
iip,2022-23,2023-05-31,nic:13,index,106.0,
iip,2022-23,2023-05-31,nic:14,growth_published,-5.2,
iip,2022-23,2023-05-31,nic:14,index,94.8,
iip,2022-23,2023-05-31,nic:15,growth_published,3.1,
iip,2022-23,2023-05-31,nic:15,index,103.1,
iip,2022-23,2023-05-31,nic:16,growth_published,4.0,
iip,2022-23,2023-05-31,nic:16,index,104.0,
iip,2022-23,2023-05-31,nic:17,growth_published,-4.6,
iip,2022-23,2023-05-31,nic:17,index,95.4,
iip,2022-23,2023-05-31,nic:18,growth_published,-2.7,
iip,2022-23,2023-05-31,nic:18,index,97.3,
iip,2022-23,2023-05-31,nic:19,growth_published,7.7,
iip,2022-23,2023-05-31,nic:19,index,107.7,
iip,2022-23,2023-05-31,nic:20,growth_published,9.7,
iip,2022-23,2023-05-31,nic:20,index,109.7,
iip,2022-23,2023-05-31,nic:21,growth_published,16.8,
iip,2022-23,2023-05-31,nic:21,index,116.8,
iip,2022-23,2023-05-31,nic:22,growth_published,-2.8,
iip,2022-23,2023-05-31,nic:22,index,97.2,
iip,2022-23,2023-05-31,nic:23,growth_published,7.9,
iip,2022-23,2023-05-31,nic:23,index,107.9,
iip,2022-23,2023-05-31,nic:24,growth_published,7.7,
iip,2022-23,2023-05-31,nic:24,index,107.7,
iip,2022-23,2023-05-31,nic:25,growth_published,1.6,
iip,2022-23,2023-05-31,nic:25,index,101.6,
iip,2022-23,2023-05-31,nic:26,growth_published,4.5,
iip,2022-23,2023-05-31,nic:26,index,104.5,
iip,2022-23,2023-05-31,nic:27,growth_published,-0.5,
iip,2022-23,2023-05-31,nic:27,index,99.5,
iip,2022-23,2023-05-31,nic:28,growth_published,-1.8,
iip,2022-23,2023-05-31,nic:28,index,98.2,
iip,2022-23,2023-05-31,nic:29,growth_published,5.3,
iip,2022-23,2023-05-31,nic:29,index,105.3,
iip,2022-23,2023-05-31,nic:30,growth_published,8.5,
iip,2022-23,2023-05-31,nic:30,index,108.5,
iip,2022-23,2023-05-31,nic:31,growth_published,-9.2,
iip,2022-23,2023-05-31,nic:31,index,90.8,
iip,2022-23,2023-05-31,nic:32,growth_published,-6.1,
iip,2022-23,2023-05-31,nic:32,index,93.9,
iip,2022-23,2023-06-30,iip:electricity,growth_published,10.8,
iip,2022-23,2023-06-30,iip:electricity,index,110.8,
iip,2022-23,2023-06-30,iip:electricity_gas,growth_published,10.4,
iip,2022-23,2023-06-30,iip:electricity_gas,index,110.4,
iip,2022-23,2023-06-30,iip:electricity_gas/gas_supply,growth_published,4.5,
iip,2022-23,2023-06-30,iip:electricity_gas/gas_supply,index,104.5,
iip,2022-23,2023-06-30,iip:electricity_gas/non_renewable_electricity,growth_published,7.8,
iip,2022-23,2023-06-30,iip:electricity_gas/non_renewable_electricity,index,107.8,
iip,2022-23,2023-06-30,iip:electricity_gas/renewable_electricity,growth_published,21.0,
iip,2022-23,2023-06-30,iip:electricity_gas/renewable_electricity,index,121.0,
iip,2022-23,2023-06-30,iip:general,growth_published,4.6,
iip,2022-23,2023-06-30,iip:general,index,104.6,
iip,2022-23,2023-06-30,iip:manufacturing,growth_published,4.2,
iip,2022-23,2023-06-30,iip:manufacturing,index,104.2,
iip,2022-23,2023-06-30,iip:mining,growth_published,-0.1,
iip,2022-23,2023-06-30,iip:mining,index,99.9,
iip,2022-23,2023-06-30,iip:mining/fuel_minerals,growth_published,-0.6,
iip,2022-23,2023-06-30,iip:mining/fuel_minerals,index,99.4,
iip,2022-23,2023-06-30,iip:mining/metallic_minerals_incl_rare_earth_minerals,growth_published,7.7,
iip,2022-23,2023-06-30,iip:mining/metallic_minerals_incl_rare_earth_minerals,index,107.7,
iip,2022-23,2023-06-30,iip:mining/non_metallic_minerals_incl_minor_minerals,growth_published,-3.8,
iip,2022-23,2023-06-30,iip:mining/non_metallic_minerals_incl_minor_minerals,index,96.2,
iip,2022-23,2023-06-30,iip:use/capital_goods,growth_published,8.8,
iip,2022-23,2023-06-30,iip:use/capital_goods,index,108.8,
iip,2022-23,2023-06-30,iip:use/consumer_durables,growth_published,-1.2,
iip,2022-23,2023-06-30,iip:use/consumer_durables,index,98.8,
iip,2022-23,2023-06-30,iip:use/consumer_non_durables,growth_published,6.9,
iip,2022-23,2023-06-30,iip:use/consumer_non_durables,index,106.9,
iip,2022-23,2023-06-30,iip:use/infrastructure_construction_goods,growth_published,7.4,
iip,2022-23,2023-06-30,iip:use/infrastructure_construction_goods,index,107.4,
iip,2022-23,2023-06-30,iip:use/intermediate_goods,growth_published,1.7,
iip,2022-23,2023-06-30,iip:use/intermediate_goods,index,101.7,
iip,2022-23,2023-06-30,iip:use/primary_goods,growth_published,5.4,
iip,2022-23,2023-06-30,iip:use/primary_goods,index,105.4,
iip,2022-23,2023-06-30,iip:water_waste,growth_published,13.1,
iip,2022-23,2023-06-30,iip:water_waste,index,113.1,
iip,2022-23,2023-06-30,iip:water_waste/sewerage_waste_management,growth_published,7.9,
iip,2022-23,2023-06-30,iip:water_waste/sewerage_waste_management,index,107.9,
iip,2022-23,2023-06-30,iip:water_waste/water_supply,growth_published,17.9,
iip,2022-23,2023-06-30,iip:water_waste/water_supply,index,117.9,
iip,2022-23,2023-06-30,nic:10,growth_published,-7.4,
iip,2022-23,2023-06-30,nic:10,index,92.6,
iip,2022-23,2023-06-30,nic:11,growth_published,42.0,
iip,2022-23,2023-06-30,nic:11,index,142.0,
iip,2022-23,2023-06-30,nic:12,growth_published,12.6,
iip,2022-23,2023-06-30,nic:12,index,112.6,
iip,2022-23,2023-06-30,nic:13,growth_published,2.8,
iip,2022-23,2023-06-30,nic:13,index,102.8,
iip,2022-23,2023-06-30,nic:14,growth_published,-4.8,
iip,2022-23,2023-06-30,nic:14,index,95.2,
iip,2022-23,2023-06-30,nic:15,growth_published,-4.5,
iip,2022-23,2023-06-30,nic:15,index,95.5,
iip,2022-23,2023-06-30,nic:16,growth_published,-12.1,
iip,2022-23,2023-06-30,nic:16,index,87.9,
iip,2022-23,2023-06-30,nic:17,growth_published,0.1,
iip,2022-23,2023-06-30,nic:17,index,100.1,
iip,2022-23,2023-06-30,nic:18,growth_published,-11.2,
iip,2022-23,2023-06-30,nic:18,index,88.8,
iip,2022-23,2023-06-30,nic:19,growth_published,4.5,
iip,2022-23,2023-06-30,nic:19,index,104.5,
iip,2022-23,2023-06-30,nic:20,growth_published,3.0,
iip,2022-23,2023-06-30,nic:20,index,103.0,
iip,2022-23,2023-06-30,nic:21,growth_published,13.0,
iip,2022-23,2023-06-30,nic:21,index,113.0,
iip,2022-23,2023-06-30,nic:22,growth_published,-5.9,
iip,2022-23,2023-06-30,nic:22,index,94.1,
iip,2022-23,2023-06-30,nic:23,growth_published,7.3,
iip,2022-23,2023-06-30,nic:23,index,107.3,
iip,2022-23,2023-06-30,nic:24,growth_published,6.1,
iip,2022-23,2023-06-30,nic:24,index,106.1,
iip,2022-23,2023-06-30,nic:25,growth_published,1.4,
iip,2022-23,2023-06-30,nic:25,index,101.4,
iip,2022-23,2023-06-30,nic:26,growth_published,6.3,
iip,2022-23,2023-06-30,nic:26,index,106.3,
iip,2022-23,2023-06-30,nic:27,growth_published,1.7,
iip,2022-23,2023-06-30,nic:27,index,101.7,
iip,2022-23,2023-06-30,nic:28,growth_published,8.0,
iip,2022-23,2023-06-30,nic:28,index,108.0,
iip,2022-23,2023-06-30,nic:29,growth_published,4.2,
iip,2022-23,2023-06-30,nic:29,index,104.2,
iip,2022-23,2023-06-30,nic:30,growth_published,13.8,
iip,2022-23,2023-06-30,nic:30,index,113.8,
iip,2022-23,2023-06-30,nic:31,growth_published,-5.0,
iip,2022-23,2023-06-30,nic:31,index,95.0,
iip,2022-23,2023-06-30,nic:32,growth_published,1.1,
iip,2022-23,2023-06-30,nic:32,index,101.1,
iip,2022-23,2023-07-31,iip:electricity,growth_published,10.1,
iip,2022-23,2023-07-31,iip:electricity,index,110.1,
iip,2022-23,2023-07-31,iip:electricity_gas,growth_published,10.0,
iip,2022-23,2023-07-31,iip:electricity_gas,index,110.0,
iip,2022-23,2023-07-31,iip:electricity_gas/gas_supply,growth_published,8.4,
iip,2022-23,2023-07-31,iip:electricity_gas/gas_supply,index,108.4,
iip,2022-23,2023-07-31,iip:electricity_gas/non_renewable_electricity,growth_published,2.7,
iip,2022-23,2023-07-31,iip:electricity_gas/non_renewable_electricity,index,102.7,
iip,2022-23,2023-07-31,iip:electricity_gas/renewable_electricity,growth_published,35.1,
iip,2022-23,2023-07-31,iip:electricity_gas/renewable_electricity,index,135.1,
iip,2022-23,2023-07-31,iip:general,growth_published,3.0,
iip,2022-23,2023-07-31,iip:general,index,103.0,
iip,2022-23,2023-07-31,iip:manufacturing,growth_published,4.7,
iip,2022-23,2023-07-31,iip:manufacturing,index,104.7,
iip,2022-23,2023-07-31,iip:mining,growth_published,-17.2,
iip,2022-23,2023-07-31,iip:mining,index,82.8,
iip,2022-23,2023-07-31,iip:mining/fuel_minerals,growth_published,0.6,
iip,2022-23,2023-07-31,iip:mining/fuel_minerals,index,100.6,
iip,2022-23,2023-07-31,iip:mining/metallic_minerals_incl_rare_earth_minerals,growth_published,-17.2,
iip,2022-23,2023-07-31,iip:mining/metallic_minerals_incl_rare_earth_minerals,index,82.8,
iip,2022-23,2023-07-31,iip:mining/non_metallic_minerals_incl_minor_minerals,growth_published,-46.7,
iip,2022-23,2023-07-31,iip:mining/non_metallic_minerals_incl_minor_minerals,index,53.3,
iip,2022-23,2023-07-31,iip:use/capital_goods,growth_published,4.1,
iip,2022-23,2023-07-31,iip:use/capital_goods,index,104.1,
iip,2022-23,2023-07-31,iip:use/consumer_durables,growth_published,2.4,
iip,2022-23,2023-07-31,iip:use/consumer_durables,index,102.4,
iip,2022-23,2023-07-31,iip:use/consumer_non_durables,growth_published,5.0,
iip,2022-23,2023-07-31,iip:use/consumer_non_durables,index,105.0,
iip,2022-23,2023-07-31,iip:use/infrastructure_construction_goods,growth_published,7.3,
iip,2022-23,2023-07-31,iip:use/infrastructure_construction_goods,index,107.3,
iip,2022-23,2023-07-31,iip:use/intermediate_goods,growth_published,4.8,
iip,2022-23,2023-07-31,iip:use/intermediate_goods,index,104.8,
iip,2022-23,2023-07-31,iip:use/primary_goods,growth_published,-0.9,
iip,2022-23,2023-07-31,iip:use/primary_goods,index,99.1,
iip,2022-23,2023-07-31,iip:water_waste,growth_published,13.7,
iip,2022-23,2023-07-31,iip:water_waste,index,113.7,
iip,2022-23,2023-07-31,iip:water_waste/sewerage_waste_management,growth_published,6.4,
iip,2022-23,2023-07-31,iip:water_waste/sewerage_waste_management,index,106.4,
iip,2022-23,2023-07-31,iip:water_waste/water_supply,growth_published,20.3,
iip,2022-23,2023-07-31,iip:water_waste/water_supply,index,120.3,
iip,2022-23,2023-07-31,nic:10,growth_published,-2.7,
iip,2022-23,2023-07-31,nic:10,index,97.3,
iip,2022-23,2023-07-31,nic:11,growth_published,11.2,
iip,2022-23,2023-07-31,nic:11,index,111.2,
iip,2022-23,2023-07-31,nic:12,growth_published,-0.5,
iip,2022-23,2023-07-31,nic:12,index,99.5,
iip,2022-23,2023-07-31,nic:13,growth_published,8.8,
iip,2022-23,2023-07-31,nic:13,index,108.8,
iip,2022-23,2023-07-31,nic:14,growth_published,-11.7,
iip,2022-23,2023-07-31,nic:14,index,88.3,
iip,2022-23,2023-07-31,nic:15,growth_published,-10.2,
iip,2022-23,2023-07-31,nic:15,index,89.8,
iip,2022-23,2023-07-31,nic:16,growth_published,-5.6,
iip,2022-23,2023-07-31,nic:16,index,94.4,
iip,2022-23,2023-07-31,nic:17,growth_published,4.3,
iip,2022-23,2023-07-31,nic:17,index,104.3,
iip,2022-23,2023-07-31,nic:18,growth_published,-4.2,
iip,2022-23,2023-07-31,nic:18,index,95.8,
iip,2022-23,2023-07-31,nic:19,growth_published,3.6,
iip,2022-23,2023-07-31,nic:19,index,103.6,
iip,2022-23,2023-07-31,nic:20,growth_published,6.2,
iip,2022-23,2023-07-31,nic:20,index,106.2,
iip,2022-23,2023-07-31,nic:21,growth_published,9.4,
iip,2022-23,2023-07-31,nic:21,index,109.4,
iip,2022-23,2023-07-31,nic:22,growth_published,-1.5,
iip,2022-23,2023-07-31,nic:22,index,98.5,
iip,2022-23,2023-07-31,nic:23,growth_published,-1.7,
iip,2022-23,2023-07-31,nic:23,index,98.3,
iip,2022-23,2023-07-31,nic:24,growth_published,8.6,
iip,2022-23,2023-07-31,nic:24,index,108.6,
iip,2022-23,2023-07-31,nic:25,growth_published,1.4,
iip,2022-23,2023-07-31,nic:25,index,101.4,
iip,2022-23,2023-07-31,nic:26,growth_published,15.5,
iip,2022-23,2023-07-31,nic:26,index,115.5,
iip,2022-23,2023-07-31,nic:27,growth_published,2.0,
iip,2022-23,2023-07-31,nic:27,index,102.0,
iip,2022-23,2023-07-31,nic:28,growth_published,-0.2,
iip,2022-23,2023-07-31,nic:28,index,99.8,
iip,2022-23,2023-07-31,nic:29,growth_published,12.4,
iip,2022-23,2023-07-31,nic:29,index,112.4,
iip,2022-23,2023-07-31,nic:30,growth_published,9.8,
iip,2022-23,2023-07-31,nic:30,index,109.8,
iip,2022-23,2023-07-31,nic:31,growth_published,-6.0,
iip,2022-23,2023-07-31,nic:31,index,94.0,
iip,2022-23,2023-07-31,nic:32,growth_published,11.8,
iip,2022-23,2023-07-31,nic:32,index,111.8,
iip,2022-23,2023-08-31,iip:electricity,growth_published,19.1,
iip,2022-23,2023-08-31,iip:electricity,index,119.1,
iip,2022-23,2023-08-31,iip:electricity_gas,growth_published,19.0,
iip,2022-23,2023-08-31,iip:electricity_gas,index,119.0,
iip,2022-23,2023-08-31,iip:electricity_gas/gas_supply,growth_published,16.9,
iip,2022-23,2023-08-31,iip:electricity_gas/gas_supply,index,116.9,
iip,2022-23,2023-08-31,iip:electricity_gas/non_renewable_electricity,growth_published,9.7,
iip,2022-23,2023-08-31,iip:electricity_gas/non_renewable_electricity,index,109.7,
iip,2022-23,2023-08-31,iip:electricity_gas/renewable_electricity,growth_published,50.6,
iip,2022-23,2023-08-31,iip:electricity_gas/renewable_electricity,index,150.6,
iip,2022-23,2023-08-31,iip:general,growth_published,6.9,
iip,2022-23,2023-08-31,iip:general,index,106.9,
iip,2022-23,2023-08-31,iip:manufacturing,growth_published,8.5,
iip,2022-23,2023-08-31,iip:manufacturing,index,108.5,
iip,2022-23,2023-08-31,iip:mining,growth_published,-17.5,
iip,2022-23,2023-08-31,iip:mining,index,82.5,
iip,2022-23,2023-08-31,iip:mining/fuel_minerals,growth_published,0.0,
iip,2022-23,2023-08-31,iip:mining/fuel_minerals,index,100.0,
iip,2022-23,2023-08-31,iip:mining/metallic_minerals_incl_rare_earth_minerals,growth_published,-16.1,
iip,2022-23,2023-08-31,iip:mining/metallic_minerals_incl_rare_earth_minerals,index,83.9,
iip,2022-23,2023-08-31,iip:mining/non_metallic_minerals_incl_minor_minerals,growth_published,-47.4,
iip,2022-23,2023-08-31,iip:mining/non_metallic_minerals_incl_minor_minerals,index,52.6,
iip,2022-23,2023-08-31,iip:use/capital_goods,growth_published,12.8,
iip,2022-23,2023-08-31,iip:use/capital_goods,index,112.8,
iip,2022-23,2023-08-31,iip:use/consumer_durables,growth_published,7.9,
iip,2022-23,2023-08-31,iip:use/consumer_durables,index,107.9,
iip,2022-23,2023-08-31,iip:use/consumer_non_durables,growth_published,8.7,
iip,2022-23,2023-08-31,iip:use/consumer_non_durables,index,108.7,
iip,2022-23,2023-08-31,iip:use/infrastructure_construction_goods,growth_published,11.8,
iip,2022-23,2023-08-31,iip:use/infrastructure_construction_goods,index,111.8,
iip,2022-23,2023-08-31,iip:use/intermediate_goods,growth_published,8.2,
iip,2022-23,2023-08-31,iip:use/intermediate_goods,index,108.2,
iip,2022-23,2023-08-31,iip:use/primary_goods,growth_published,1.3,
iip,2022-23,2023-08-31,iip:use/primary_goods,index,101.3,
iip,2022-23,2023-08-31,iip:water_waste,growth_published,15.7,
iip,2022-23,2023-08-31,iip:water_waste,index,115.7,
iip,2022-23,2023-08-31,iip:water_waste/sewerage_waste_management,growth_published,8.1,
iip,2022-23,2023-08-31,iip:water_waste/sewerage_waste_management,index,108.1,
iip,2022-23,2023-08-31,iip:water_waste/water_supply,growth_published,22.6,
iip,2022-23,2023-08-31,iip:water_waste/water_supply,index,122.6,
iip,2022-23,2023-08-31,nic:10,growth_published,-0.8,
iip,2022-23,2023-08-31,nic:10,index,99.2,
iip,2022-23,2023-08-31,nic:11,growth_published,8.9,
iip,2022-23,2023-08-31,nic:11,index,108.9,
iip,2022-23,2023-08-31,nic:12,growth_published,7.0,
iip,2022-23,2023-08-31,nic:12,index,107.0,
iip,2022-23,2023-08-31,nic:13,growth_published,10.9,
iip,2022-23,2023-08-31,nic:13,index,110.9,
iip,2022-23,2023-08-31,nic:14,growth_published,-11.5,
iip,2022-23,2023-08-31,nic:14,index,88.5,
iip,2022-23,2023-08-31,nic:15,growth_published,-8.7,
iip,2022-23,2023-08-31,nic:15,index,91.3,
iip,2022-23,2023-08-31,nic:16,growth_published,-7.8,
iip,2022-23,2023-08-31,nic:16,index,92.2,
iip,2022-23,2023-08-31,nic:17,growth_published,4.7,
iip,2022-23,2023-08-31,nic:17,index,104.7,
iip,2022-23,2023-08-31,nic:18,growth_published,-9.5,
iip,2022-23,2023-08-31,nic:18,index,90.5,
iip,2022-23,2023-08-31,nic:19,growth_published,0.1,
iip,2022-23,2023-08-31,nic:19,index,100.1,
iip,2022-23,2023-08-31,nic:20,growth_published,8.1,
iip,2022-23,2023-08-31,nic:20,index,108.1,
iip,2022-23,2023-08-31,nic:21,growth_published,16.9,
iip,2022-23,2023-08-31,nic:21,index,116.9,
iip,2022-23,2023-08-31,nic:22,growth_published,-0.8,
iip,2022-23,2023-08-31,nic:22,index,99.2,
iip,2022-23,2023-08-31,nic:23,growth_published,4.7,
iip,2022-23,2023-08-31,nic:23,index,104.7,
iip,2022-23,2023-08-31,nic:24,growth_published,13.1,
iip,2022-23,2023-08-31,nic:24,index,113.1,
iip,2022-23,2023-08-31,nic:25,growth_published,7.3,
iip,2022-23,2023-08-31,nic:25,index,107.3,
iip,2022-23,2023-08-31,nic:26,growth_published,26.0,
iip,2022-23,2023-08-31,nic:26,index,126.0,
iip,2022-23,2023-08-31,nic:27,growth_published,15.9,
iip,2022-23,2023-08-31,nic:27,index,115.9,
iip,2022-23,2023-08-31,nic:28,growth_published,9.1,
iip,2022-23,2023-08-31,nic:28,index,109.1,
iip,2022-23,2023-08-31,nic:29,growth_published,14.1,
iip,2022-23,2023-08-31,nic:29,index,114.1,
iip,2022-23,2023-08-31,nic:30,growth_published,19.8,
iip,2022-23,2023-08-31,nic:30,index,119.8,
iip,2022-23,2023-08-31,nic:31,growth_published,-2.4,
iip,2022-23,2023-08-31,nic:31,index,97.6,
iip,2022-23,2023-08-31,nic:32,growth_published,18.9,
iip,2022-23,2023-08-31,nic:32,index,118.9,
iip,2022-23,2023-09-30,iip:electricity,growth_published,11.1,
iip,2022-23,2023-09-30,iip:electricity,index,111.1,
iip,2022-23,2023-09-30,iip:electricity_gas,growth_published,11.1,
iip,2022-23,2023-09-30,iip:electricity_gas,index,111.1,
iip,2022-23,2023-09-30,iip:electricity_gas/gas_supply,growth_published,11.3,
iip,2022-23,2023-09-30,iip:electricity_gas/gas_supply,index,111.3,
iip,2022-23,2023-09-30,iip:electricity_gas/non_renewable_electricity,growth_published,8.6,
iip,2022-23,2023-09-30,iip:electricity_gas/non_renewable_electricity,index,108.6,
iip,2022-23,2023-09-30,iip:electricity_gas/renewable_electricity,growth_published,19.6,
iip,2022-23,2023-09-30,iip:electricity_gas/renewable_electricity,index,119.6,
iip,2022-23,2023-09-30,iip:general,growth_published,4.9,
iip,2022-23,2023-09-30,iip:general,index,104.9,
iip,2022-23,2023-09-30,iip:manufacturing,growth_published,6.9,
iip,2022-23,2023-09-30,iip:manufacturing,index,106.9,
iip,2022-23,2023-09-30,iip:mining,growth_published,-17.0,
iip,2022-23,2023-09-30,iip:mining,index,83.0,
iip,2022-23,2023-09-30,iip:mining/fuel_minerals,growth_published,-3.4,
iip,2022-23,2023-09-30,iip:mining/fuel_minerals,index,96.6,
iip,2022-23,2023-09-30,iip:mining/metallic_minerals_incl_rare_earth_minerals,growth_published,-11.5,
iip,2022-23,2023-09-30,iip:mining/metallic_minerals_incl_rare_earth_minerals,index,88.5,
iip,2022-23,2023-09-30,iip:mining/non_metallic_minerals_incl_minor_minerals,growth_published,-42.6,
iip,2022-23,2023-09-30,iip:mining/non_metallic_minerals_incl_minor_minerals,index,57.4,
iip,2022-23,2023-09-30,iip:use/capital_goods,growth_published,16.3,
iip,2022-23,2023-09-30,iip:use/capital_goods,index,116.3,
iip,2022-23,2023-09-30,iip:use/consumer_durables,growth_published,8.3,
iip,2022-23,2023-09-30,iip:use/consumer_durables,index,108.3,
iip,2022-23,2023-09-30,iip:use/consumer_non_durables,growth_published,6.4,
iip,2022-23,2023-09-30,iip:use/consumer_non_durables,index,106.4,
iip,2022-23,2023-09-30,iip:use/infrastructure_construction_goods,growth_published,9.1,
iip,2022-23,2023-09-30,iip:use/infrastructure_construction_goods,index,109.1,
iip,2022-23,2023-09-30,iip:use/intermediate_goods,growth_published,5.6,
iip,2022-23,2023-09-30,iip:use/intermediate_goods,index,105.6,
iip,2022-23,2023-09-30,iip:use/primary_goods,growth_published,-1.9,
iip,2022-23,2023-09-30,iip:use/primary_goods,index,98.1,
iip,2022-23,2023-09-30,iip:water_waste,growth_published,17.0,
iip,2022-23,2023-09-30,iip:water_waste,index,117.0,
iip,2022-23,2023-09-30,iip:water_waste/sewerage_waste_management,growth_published,8.5,
iip,2022-23,2023-09-30,iip:water_waste/sewerage_waste_management,index,108.5,
iip,2022-23,2023-09-30,iip:water_waste/water_supply,growth_published,24.8,
iip,2022-23,2023-09-30,iip:water_waste/water_supply,index,124.8,
iip,2022-23,2023-09-30,nic:10,growth_published,-7.0,
iip,2022-23,2023-09-30,nic:10,index,93.0,
iip,2022-23,2023-09-30,nic:11,growth_published,6.5,
iip,2022-23,2023-09-30,nic:11,index,106.5,
iip,2022-23,2023-09-30,nic:12,growth_published,6.2,
iip,2022-23,2023-09-30,nic:12,index,106.2,
iip,2022-23,2023-09-30,nic:13,growth_published,10.7,
iip,2022-23,2023-09-30,nic:13,index,110.7,
iip,2022-23,2023-09-30,nic:14,growth_published,-14.3,
iip,2022-23,2023-09-30,nic:14,index,85.7,
iip,2022-23,2023-09-30,nic:15,growth_published,-11.7,
iip,2022-23,2023-09-30,nic:15,index,88.3,
iip,2022-23,2023-09-30,nic:16,growth_published,-6.6,
iip,2022-23,2023-09-30,nic:16,index,93.4,
iip,2022-23,2023-09-30,nic:17,growth_published,0.3,
iip,2022-23,2023-09-30,nic:17,index,100.3,
iip,2022-23,2023-09-30,nic:18,growth_published,-9.5,
iip,2022-23,2023-09-30,nic:18,index,90.5,
iip,2022-23,2023-09-30,nic:19,growth_published,-3.6,
iip,2022-23,2023-09-30,nic:19,index,96.4,
iip,2022-23,2023-09-30,nic:20,growth_published,3.8,
iip,2022-23,2023-09-30,nic:20,index,103.8,
iip,2022-23,2023-09-30,nic:21,growth_published,18.3,
iip,2022-23,2023-09-30,nic:21,index,118.3,
iip,2022-23,2023-09-30,nic:22,growth_published,-2.3,
iip,2022-23,2023-09-30,nic:22,index,97.7,
iip,2022-23,2023-09-30,nic:23,growth_published,-0.3,
iip,2022-23,2023-09-30,nic:23,index,99.7,
iip,2022-23,2023-09-30,nic:24,growth_published,11.2,
iip,2022-23,2023-09-30,nic:24,index,111.2,
iip,2022-23,2023-09-30,nic:25,growth_published,6.7,
iip,2022-23,2023-09-30,nic:25,index,106.7,
iip,2022-23,2023-09-30,nic:26,growth_published,35.2,
iip,2022-23,2023-09-30,nic:26,index,135.2,
iip,2022-23,2023-09-30,nic:27,growth_published,8.7,
iip,2022-23,2023-09-30,nic:27,index,108.7,
iip,2022-23,2023-09-30,nic:28,growth_published,14.3,
iip,2022-23,2023-09-30,nic:28,index,114.3,
iip,2022-23,2023-09-30,nic:29,growth_published,10.7,
iip,2022-23,2023-09-30,nic:29,index,110.7,
iip,2022-23,2023-09-30,nic:30,growth_published,32.4,
iip,2022-23,2023-09-30,nic:30,index,132.4,
iip,2022-23,2023-09-30,nic:31,growth_published,1.8,
iip,2022-23,2023-09-30,nic:31,index,101.8,
iip,2022-23,2023-09-30,nic:32,growth_published,20.9,
iip,2022-23,2023-09-30,nic:32,index,120.9,
iip,2022-23,2023-10-31,iip:electricity,growth_published,10.0,
iip,2022-23,2023-10-31,iip:electricity,index,110.0,
iip,2022-23,2023-10-31,iip:electricity_gas,growth_published,10.3,
iip,2022-23,2023-10-31,iip:electricity_gas,index,110.3,
iip,2022-23,2023-10-31,iip:electricity_gas/gas_supply,growth_published,15.3,
iip,2022-23,2023-10-31,iip:electricity_gas/gas_supply,index,115.3,
iip,2022-23,2023-10-31,iip:electricity_gas/non_renewable_electricity,growth_published,16.7,
iip,2022-23,2023-10-31,iip:electricity_gas/non_renewable_electricity,index,116.7,
iip,2022-23,2023-10-31,iip:electricity_gas/renewable_electricity,growth_published,-12.5,
iip,2022-23,2023-10-31,iip:electricity_gas/renewable_electricity,index,87.5,
iip,2022-23,2023-10-31,iip:general,growth_published,6.6,
iip,2022-23,2023-10-31,iip:general,index,106.6,
iip,2022-23,2023-10-31,iip:manufacturing,growth_published,6.5,
iip,2022-23,2023-10-31,iip:manufacturing,index,106.5,
iip,2022-23,2023-10-31,iip:mining,growth_published,1.6,
iip,2022-23,2023-10-31,iip:mining,index,101.6,
iip,2022-23,2023-10-31,iip:mining/fuel_minerals,growth_published,4.8,
iip,2022-23,2023-10-31,iip:mining/fuel_minerals,index,104.8,
iip,2022-23,2023-10-31,iip:mining/metallic_minerals_incl_rare_earth_minerals,growth_published,6.7,
iip,2022-23,2023-10-31,iip:mining/metallic_minerals_incl_rare_earth_minerals,index,106.7,
iip,2022-23,2023-10-31,iip:mining/non_metallic_minerals_incl_minor_minerals,growth_published,-6.7,
iip,2022-23,2023-10-31,iip:mining/non_metallic_minerals_incl_minor_minerals,index,93.3,
iip,2022-23,2023-10-31,iip:use/capital_goods,growth_published,7.6,
iip,2022-23,2023-10-31,iip:use/capital_goods,index,107.6,
iip,2022-23,2023-10-31,iip:use/consumer_durables,growth_published,12.6,
iip,2022-23,2023-10-31,iip:use/consumer_durables,index,112.6,
iip,2022-23,2023-10-31,iip:use/consumer_non_durables,growth_published,3.3,
iip,2022-23,2023-10-31,iip:use/consumer_non_durables,index,103.3,
iip,2022-23,2023-10-31,iip:use/infrastructure_construction_goods,growth_published,10.3,
iip,2022-23,2023-10-31,iip:use/infrastructure_construction_goods,index,110.3,
iip,2022-23,2023-10-31,iip:use/intermediate_goods,growth_published,6.3,
iip,2022-23,2023-10-31,iip:use/intermediate_goods,index,106.3,
iip,2022-23,2023-10-31,iip:use/primary_goods,growth_published,5.0,
iip,2022-23,2023-10-31,iip:use/primary_goods,index,105.0,
iip,2022-23,2023-10-31,iip:water_waste,growth_published,18.6,
iip,2022-23,2023-10-31,iip:water_waste,index,118.6,
iip,2022-23,2023-10-31,iip:water_waste/sewerage_waste_management,growth_published,9.3,
iip,2022-23,2023-10-31,iip:water_waste/sewerage_waste_management,index,109.3,
iip,2022-23,2023-10-31,iip:water_waste/water_supply,growth_published,27.0,
iip,2022-23,2023-10-31,iip:water_waste/water_supply,index,127.0,
iip,2022-23,2023-10-31,nic:10,growth_published,0.0,
iip,2022-23,2023-10-31,nic:10,index,100.0,
iip,2022-23,2023-10-31,nic:11,growth_published,-5.5,
iip,2022-23,2023-10-31,nic:11,index,94.5,
iip,2022-23,2023-10-31,nic:12,growth_published,-0.9,
iip,2022-23,2023-10-31,nic:12,index,99.1,
iip,2022-23,2023-10-31,nic:13,growth_published,12.2,
iip,2022-23,2023-10-31,nic:13,index,112.2,
iip,2022-23,2023-10-31,nic:14,growth_published,-17.4,
iip,2022-23,2023-10-31,nic:14,index,82.6,
iip,2022-23,2023-10-31,nic:15,growth_published,-11.1,
iip,2022-23,2023-10-31,nic:15,index,88.9,
iip,2022-23,2023-10-31,nic:16,growth_published,-2.5,
iip,2022-23,2023-10-31,nic:16,index,97.5,
iip,2022-23,2023-10-31,nic:17,growth_published,5.4,
iip,2022-23,2023-10-31,nic:17,index,105.4,
iip,2022-23,2023-10-31,nic:18,growth_published,-1.5,
iip,2022-23,2023-10-31,nic:18,index,98.5,
iip,2022-23,2023-10-31,nic:19,growth_published,-1.4,
iip,2022-23,2023-10-31,nic:19,index,98.6,
iip,2022-23,2023-10-31,nic:20,growth_published,4.3,
iip,2022-23,2023-10-31,nic:20,index,104.3,
iip,2022-23,2023-10-31,nic:21,growth_published,5.5,
iip,2022-23,2023-10-31,nic:21,index,105.5,
iip,2022-23,2023-10-31,nic:22,growth_published,1.2,
iip,2022-23,2023-10-31,nic:22,index,101.2,
iip,2022-23,2023-10-31,nic:23,growth_published,2.9,
iip,2022-23,2023-10-31,nic:23,index,102.9,
iip,2022-23,2023-10-31,nic:24,growth_published,13.1,
iip,2022-23,2023-10-31,nic:24,index,113.1,
iip,2022-23,2023-10-31,nic:25,growth_published,5.8,
iip,2022-23,2023-10-31,nic:25,index,105.8,
iip,2022-23,2023-10-31,nic:26,growth_published,26.5,
iip,2022-23,2023-10-31,nic:26,index,126.5,
iip,2022-23,2023-10-31,nic:27,growth_published,4.9,
iip,2022-23,2023-10-31,nic:27,index,104.9,
iip,2022-23,2023-10-31,nic:28,growth_published,0.5,
iip,2022-23,2023-10-31,nic:28,index,100.5,
iip,2022-23,2023-10-31,nic:29,growth_published,17.6,
iip,2022-23,2023-10-31,nic:29,index,117.6,
iip,2022-23,2023-10-31,nic:30,growth_published,32.7,
iip,2022-23,2023-10-31,nic:30,index,132.7,
iip,2022-23,2023-10-31,nic:31,growth_published,7.1,
iip,2022-23,2023-10-31,nic:31,index,107.1,
iip,2022-23,2023-10-31,nic:32,growth_published,25.7,
iip,2022-23,2023-10-31,nic:32,index,125.7,
iip,2022-23,2023-11-30,iip:electricity,growth_published,-4.8,
iip,2022-23,2023-11-30,iip:electricity,index,95.2,
iip,2022-23,2023-11-30,iip:electricity_gas,growth_published,-4.0,
iip,2022-23,2023-11-30,iip:electricity_gas,index,96.0,
iip,2022-23,2023-11-30,iip:electricity_gas/gas_supply,growth_published,8.2,
iip,2022-23,2023-11-30,iip:electricity_gas/gas_supply,index,108.2,
iip,2022-23,2023-11-30,iip:electricity_gas/non_renewable_electricity,growth_published,3.6,
iip,2022-23,2023-11-30,iip:electricity_gas/non_renewable_electricity,index,103.6,
iip,2022-23,2023-11-30,iip:electricity_gas/renewable_electricity,growth_published,-33.2,
iip,2022-23,2023-11-30,iip:electricity_gas/renewable_electricity,index,66.8,
iip,2022-23,2023-11-30,iip:general,growth_published,1.1,
iip,2022-23,2023-11-30,iip:general,index,101.1,
iip,2022-23,2023-11-30,iip:manufacturing,growth_published,1.5,
iip,2022-23,2023-11-30,iip:manufacturing,index,101.5,
iip,2022-23,2023-11-30,iip:mining,growth_published,-0.4,
iip,2022-23,2023-11-30,iip:mining,index,99.6,
iip,2022-23,2023-11-30,iip:mining/fuel_minerals,growth_published,4.7,
iip,2022-23,2023-11-30,iip:mining/fuel_minerals,index,104.7,
iip,2022-23,2023-11-30,iip:mining/metallic_minerals_incl_rare_earth_minerals,growth_published,10.5,
iip,2022-23,2023-11-30,iip:mining/metallic_minerals_incl_rare_earth_minerals,index,110.5,
iip,2022-23,2023-11-30,iip:mining/non_metallic_minerals_incl_minor_minerals,growth_published,-15.2,
iip,2022-23,2023-11-30,iip:mining/non_metallic_minerals_incl_minor_minerals,index,84.8,
iip,2022-23,2023-11-30,iip:use/capital_goods,growth_published,1.2,
iip,2022-23,2023-11-30,iip:use/capital_goods,index,101.2,
iip,2022-23,2023-11-30,iip:use/consumer_durables,growth_published,-3.3,
iip,2022-23,2023-11-30,iip:use/consumer_durables,index,96.7,
iip,2022-23,2023-11-30,iip:use/consumer_non_durables,growth_published,2.9,
iip,2022-23,2023-11-30,iip:use/consumer_non_durables,index,102.9,
iip,2022-23,2023-11-30,iip:use/infrastructure_construction_goods,growth_published,3.2,
iip,2022-23,2023-11-30,iip:use/infrastructure_construction_goods,index,103.2,
iip,2022-23,2023-11-30,iip:use/intermediate_goods,growth_published,1.2,
iip,2022-23,2023-11-30,iip:use/intermediate_goods,index,101.2,
iip,2022-23,2023-11-30,iip:use/primary_goods,growth_published,0.8,
iip,2022-23,2023-11-30,iip:use/primary_goods,index,100.8,
iip,2022-23,2023-11-30,iip:water_waste,growth_published,20.5,
iip,2022-23,2023-11-30,iip:water_waste,index,120.5,
iip,2022-23,2023-11-30,iip:water_waste/sewerage_waste_management,growth_published,11.2,
iip,2022-23,2023-11-30,iip:water_waste/sewerage_waste_management,index,111.2,
iip,2022-23,2023-11-30,iip:water_waste/water_supply,growth_published,29.0,
iip,2022-23,2023-11-30,iip:water_waste/water_supply,index,129.0,
iip,2022-23,2023-11-30,nic:10,growth_published,8.3,
iip,2022-23,2023-11-30,nic:10,index,108.3,
iip,2022-23,2023-11-30,nic:11,growth_published,-17.8,
iip,2022-23,2023-11-30,nic:11,index,82.2,
iip,2022-23,2023-11-30,nic:12,growth_published,-0.1,
iip,2022-23,2023-11-30,nic:12,index,99.9,
iip,2022-23,2023-11-30,nic:13,growth_published,0.6,
iip,2022-23,2023-11-30,nic:13,index,100.6,
iip,2022-23,2023-11-30,nic:14,growth_published,-13.5,
iip,2022-23,2023-11-30,nic:14,index,86.5,
iip,2022-23,2023-11-30,nic:15,growth_published,-15.4,
iip,2022-23,2023-11-30,nic:15,index,84.6,
iip,2022-23,2023-11-30,nic:16,growth_published,-10.8,
iip,2022-23,2023-11-30,nic:16,index,89.2,
iip,2022-23,2023-11-30,nic:17,growth_published,-8.4,
iip,2022-23,2023-11-30,nic:17,index,91.6,
iip,2022-23,2023-11-30,nic:18,growth_published,-4.9,
iip,2022-23,2023-11-30,nic:18,index,95.1,
iip,2022-23,2023-11-30,nic:19,growth_published,4.4,
iip,2022-23,2023-11-30,nic:19,index,104.4,
iip,2022-23,2023-11-30,nic:20,growth_published,-0.8,
iip,2022-23,2023-11-30,nic:20,index,99.2,
iip,2022-23,2023-11-30,nic:21,growth_published,6.5,
iip,2022-23,2023-11-30,nic:21,index,106.5,
iip,2022-23,2023-11-30,nic:22,growth_published,-7.4,
iip,2022-23,2023-11-30,nic:22,index,92.6,
iip,2022-23,2023-11-30,nic:23,growth_published,-3.2,
iip,2022-23,2023-11-30,nic:23,index,96.8,
iip,2022-23,2023-11-30,nic:24,growth_published,6.9,
iip,2022-23,2023-11-30,nic:24,index,106.9,
iip,2022-23,2023-11-30,nic:25,growth_published,-4.4,
iip,2022-23,2023-11-30,nic:25,index,95.6,
iip,2022-23,2023-11-30,nic:26,growth_published,8.4,
iip,2022-23,2023-11-30,nic:26,index,108.4,
iip,2022-23,2023-11-30,nic:27,growth_published,4.2,
iip,2022-23,2023-11-30,nic:27,index,104.2,
iip,2022-23,2023-11-30,nic:28,growth_published,-4.7,
iip,2022-23,2023-11-30,nic:28,index,95.3,
iip,2022-23,2023-11-30,nic:29,growth_published,3.9,
iip,2022-23,2023-11-30,nic:29,index,103.9,
iip,2022-23,2023-11-30,nic:30,growth_published,16.8,
iip,2022-23,2023-11-30,nic:30,index,116.8,
iip,2022-23,2023-11-30,nic:31,growth_published,1.6,
iip,2022-23,2023-11-30,nic:31,index,101.6,
iip,2022-23,2023-11-30,nic:32,growth_published,-9.2,
iip,2022-23,2023-11-30,nic:32,index,90.8,
iip,2022-23,2023-12-31,iip:electricity,growth_published,-2.0,
iip,2022-23,2023-12-31,iip:electricity,index,98.0,
iip,2022-23,2023-12-31,iip:electricity_gas,growth_published,-1.1,
iip,2022-23,2023-12-31,iip:electricity_gas,index,98.9,
iip,2022-23,2023-12-31,iip:electricity_gas/gas_supply,growth_published,12.8,
iip,2022-23,2023-12-31,iip:electricity_gas/gas_supply,index,112.8,
iip,2022-23,2023-12-31,iip:electricity_gas/non_renewable_electricity,growth_published,5.2,
iip,2022-23,2023-12-31,iip:electricity_gas/non_renewable_electricity,index,105.2,
iip,2022-23,2023-12-31,iip:electricity_gas/renewable_electricity,growth_published,-26.1,
iip,2022-23,2023-12-31,iip:electricity_gas/renewable_electricity,index,73.9,
iip,2022-23,2023-12-31,iip:general,growth_published,9.0,
iip,2022-23,2023-12-31,iip:general,index,109.0,
iip,2022-23,2023-12-31,iip:manufacturing,growth_published,9.6,
iip,2022-23,2023-12-31,iip:manufacturing,index,109.6,
iip,2022-23,2023-12-31,iip:mining,growth_published,12.5,
iip,2022-23,2023-12-31,iip:mining,index,112.5,
iip,2022-23,2023-12-31,iip:mining/fuel_minerals,growth_published,10.5,
iip,2022-23,2023-12-31,iip:mining/fuel_minerals,index,110.5,
iip,2022-23,2023-12-31,iip:mining/metallic_minerals_incl_rare_earth_minerals,growth_published,15.1,
iip,2022-23,2023-12-31,iip:mining/metallic_minerals_incl_rare_earth_minerals,index,115.1,
iip,2022-23,2023-12-31,iip:mining/non_metallic_minerals_incl_minor_minerals,growth_published,14.2,
iip,2022-23,2023-12-31,iip:mining/non_metallic_minerals_incl_minor_minerals,index,114.2,
iip,2022-23,2023-12-31,iip:use/capital_goods,growth_published,8.2,
iip,2022-23,2023-12-31,iip:use/capital_goods,index,108.2,
iip,2022-23,2023-12-31,iip:use/consumer_durables,growth_published,0.6,
iip,2022-23,2023-12-31,iip:use/consumer_durables,index,100.6,
iip,2022-23,2023-12-31,iip:use/consumer_non_durables,growth_published,15.5,
iip,2022-23,2023-12-31,iip:use/consumer_non_durables,index,115.5,
iip,2022-23,2023-12-31,iip:use/infrastructure_construction_goods,growth_published,12.9,
iip,2022-23,2023-12-31,iip:use/infrastructure_construction_goods,index,112.9,
iip,2022-23,2023-12-31,iip:use/intermediate_goods,growth_published,8.0,
iip,2022-23,2023-12-31,iip:use/intermediate_goods,index,108.0,
iip,2022-23,2023-12-31,iip:use/primary_goods,growth_published,8.3,
iip,2022-23,2023-12-31,iip:use/primary_goods,index,108.3,
iip,2022-23,2023-12-31,iip:water_waste,growth_published,21.3,
iip,2022-23,2023-12-31,iip:water_waste,index,121.3,
iip,2022-23,2023-12-31,iip:water_waste/sewerage_waste_management,growth_published,10.3,
iip,2022-23,2023-12-31,iip:water_waste/sewerage_waste_management,index,110.3,
iip,2022-23,2023-12-31,iip:water_waste/water_supply,growth_published,31.2,
iip,2022-23,2023-12-31,iip:water_waste/water_supply,index,131.2,
iip,2022-23,2023-12-31,nic:10,growth_published,19.4,
iip,2022-23,2023-12-31,nic:10,index,119.4,
iip,2022-23,2023-12-31,nic:11,growth_published,-23.0,
iip,2022-23,2023-12-31,nic:11,index,77.0,
iip,2022-23,2023-12-31,nic:12,growth_published,9.0,
iip,2022-23,2023-12-31,nic:12,index,109.0,
iip,2022-23,2023-12-31,nic:13,growth_published,14.0,
iip,2022-23,2023-12-31,nic:13,index,114.0,
iip,2022-23,2023-12-31,nic:14,growth_published,-0.4,
iip,2022-23,2023-12-31,nic:14,index,99.6,
iip,2022-23,2023-12-31,nic:15,growth_published,-4.6,
iip,2022-23,2023-12-31,nic:15,index,95.4,
iip,2022-23,2023-12-31,nic:16,growth_published,4.7,
iip,2022-23,2023-12-31,nic:16,index,104.7,
iip,2022-23,2023-12-31,nic:17,growth_published,0.7,
iip,2022-23,2023-12-31,nic:17,index,100.7,
iip,2022-23,2023-12-31,nic:18,growth_published,4.5,
iip,2022-23,2023-12-31,nic:18,index,104.5,
iip,2022-23,2023-12-31,nic:19,growth_published,11.7,
iip,2022-23,2023-12-31,nic:19,index,111.7,
iip,2022-23,2023-12-31,nic:20,growth_published,7.7,
iip,2022-23,2023-12-31,nic:20,index,107.7,
iip,2022-23,2023-12-31,nic:21,growth_published,27.2,
iip,2022-23,2023-12-31,nic:21,index,127.2,
iip,2022-23,2023-12-31,nic:22,growth_published,0.1,
iip,2022-23,2023-12-31,nic:22,index,100.1,
iip,2022-23,2023-12-31,nic:23,growth_published,8.7,
iip,2022-23,2023-12-31,nic:23,index,108.7,
iip,2022-23,2023-12-31,nic:24,growth_published,14.4,
iip,2022-23,2023-12-31,nic:24,index,114.4,
iip,2022-23,2023-12-31,nic:25,growth_published,7.6,
iip,2022-23,2023-12-31,nic:25,index,107.6,
iip,2022-23,2023-12-31,nic:26,growth_published,15.2,
iip,2022-23,2023-12-31,nic:26,index,115.2,
iip,2022-23,2023-12-31,nic:27,growth_published,14.6,
iip,2022-23,2023-12-31,nic:27,index,114.6,
iip,2022-23,2023-12-31,nic:28,growth_published,3.0,
iip,2022-23,2023-12-31,nic:28,index,103.0,
iip,2022-23,2023-12-31,nic:29,growth_published,-0.3,
iip,2022-23,2023-12-31,nic:29,index,99.7,
iip,2022-23,2023-12-31,nic:30,growth_published,12.0,
iip,2022-23,2023-12-31,nic:30,index,112.0,
iip,2022-23,2023-12-31,nic:31,growth_published,1.8,
iip,2022-23,2023-12-31,nic:31,index,101.8,
iip,2022-23,2023-12-31,nic:32,growth_published,-8.9,
iip,2022-23,2023-12-31,nic:32,index,91.1,
iip,2022-23,2024-01-31,iip:electricity,growth_published,6.4,
iip,2022-23,2024-01-31,iip:electricity,index,106.4,
iip,2022-23,2024-01-31,iip:electricity_gas,growth_published,7.2,
iip,2022-23,2024-01-31,iip:electricity_gas,index,107.2,
iip,2022-23,2024-01-31,iip:electricity_gas/gas_supply,growth_published,18.2,
iip,2022-23,2024-01-31,iip:electricity_gas/gas_supply,index,118.2,
iip,2022-23,2024-01-31,iip:electricity_gas/non_renewable_electricity,growth_published,16.6,
iip,2022-23,2024-01-31,iip:electricity_gas/non_renewable_electricity,index,116.6,
iip,2022-23,2024-01-31,iip:electricity_gas/renewable_electricity,growth_published,-27.7,
iip,2022-23,2024-01-31,iip:electricity_gas/renewable_electricity,index,72.3,
iip,2022-23,2024-01-31,iip:general,growth_published,11.1,
iip,2022-23,2024-01-31,iip:general,index,111.1,
iip,2022-23,2024-01-31,iip:manufacturing,growth_published,10.5,
iip,2022-23,2024-01-31,iip:manufacturing,index,110.5,
iip,2022-23,2024-01-31,iip:mining,growth_published,17.3,
iip,2022-23,2024-01-31,iip:mining,index,117.3,
iip,2022-23,2024-01-31,iip:mining/fuel_minerals,growth_published,14.4,
iip,2022-23,2024-01-31,iip:mining/fuel_minerals,index,114.4,
iip,2022-23,2024-01-31,iip:mining/metallic_minerals_incl_rare_earth_minerals,growth_published,14.8,
iip,2022-23,2024-01-31,iip:mining/metallic_minerals_incl_rare_earth_minerals,index,114.8,
iip,2022-23,2024-01-31,iip:mining/non_metallic_minerals_incl_minor_minerals,growth_published,23.6,
iip,2022-23,2024-01-31,iip:mining/non_metallic_minerals_incl_minor_minerals,index,123.6,
iip,2022-23,2024-01-31,iip:use/capital_goods,growth_published,9.5,
iip,2022-23,2024-01-31,iip:use/capital_goods,index,109.5,
iip,2022-23,2024-01-31,iip:use/consumer_durables,growth_published,12.1,
iip,2022-23,2024-01-31,iip:use/consumer_durables,index,112.1,
iip,2022-23,2024-01-31,iip:use/consumer_non_durables,growth_published,10.6,
iip,2022-23,2024-01-31,iip:use/consumer_non_durables,index,110.6,
iip,2022-23,2024-01-31,iip:use/infrastructure_construction_goods,growth_published,14.8,
iip,2022-23,2024-01-31,iip:use/infrastructure_construction_goods,index,114.8,
iip,2022-23,2024-01-31,iip:use/intermediate_goods,growth_published,9.8,
iip,2022-23,2024-01-31,iip:use/intermediate_goods,index,109.8,
iip,2022-23,2024-01-31,iip:use/primary_goods,growth_published,11.2,
iip,2022-23,2024-01-31,iip:use/primary_goods,index,111.2,
iip,2022-23,2024-01-31,iip:water_waste,growth_published,22.7,
iip,2022-23,2024-01-31,iip:water_waste,index,122.7,
iip,2022-23,2024-01-31,iip:water_waste/sewerage_waste_management,growth_published,10.6,
iip,2022-23,2024-01-31,iip:water_waste/sewerage_waste_management,index,110.6,
iip,2022-23,2024-01-31,iip:water_waste/water_supply,growth_published,33.6,
iip,2022-23,2024-01-31,iip:water_waste/water_supply,index,133.6,
iip,2022-23,2024-01-31,nic:10,growth_published,11.8,
iip,2022-23,2024-01-31,nic:10,index,111.8,
iip,2022-23,2024-01-31,nic:11,growth_published,11.0,
iip,2022-23,2024-01-31,nic:11,index,111.0,
iip,2022-23,2024-01-31,nic:12,growth_published,10.0,
iip,2022-23,2024-01-31,nic:12,index,110.0,
iip,2022-23,2024-01-31,nic:13,growth_published,13.4,
iip,2022-23,2024-01-31,nic:13,index,113.4,
iip,2022-23,2024-01-31,nic:14,growth_published,0.6,
iip,2022-23,2024-01-31,nic:14,index,100.6,
iip,2022-23,2024-01-31,nic:15,growth_published,-3.3,
iip,2022-23,2024-01-31,nic:15,index,96.7,
iip,2022-23,2024-01-31,nic:16,growth_published,-0.2,
iip,2022-23,2024-01-31,nic:16,index,99.8,
iip,2022-23,2024-01-31,nic:17,growth_published,0.2,
iip,2022-23,2024-01-31,nic:17,index,100.2,
iip,2022-23,2024-01-31,nic:18,growth_published,8.2,
iip,2022-23,2024-01-31,nic:18,index,108.2,
iip,2022-23,2024-01-31,nic:19,growth_published,5.8,
iip,2022-23,2024-01-31,nic:19,index,105.8,
iip,2022-23,2024-01-31,nic:20,growth_published,7.0,
iip,2022-23,2024-01-31,nic:20,index,107.0,
iip,2022-23,2024-01-31,nic:21,growth_published,16.5,
iip,2022-23,2024-01-31,nic:21,index,116.5,
iip,2022-23,2024-01-31,nic:22,growth_published,0.2,
iip,2022-23,2024-01-31,nic:22,index,100.2,
iip,2022-23,2024-01-31,nic:23,growth_published,8.0,
iip,2022-23,2024-01-31,nic:23,index,108.0,
iip,2022-23,2024-01-31,nic:24,growth_published,16.8,
iip,2022-23,2024-01-31,nic:24,index,116.8,
iip,2022-23,2024-01-31,nic:25,growth_published,9.1,
iip,2022-23,2024-01-31,nic:25,index,109.1,
iip,2022-23,2024-01-31,nic:26,growth_published,28.9,
iip,2022-23,2024-01-31,nic:26,index,128.9,
iip,2022-23,2024-01-31,nic:27,growth_published,22.3,
iip,2022-23,2024-01-31,nic:27,index,122.3,
iip,2022-23,2024-01-31,nic:28,growth_published,0.7,
iip,2022-23,2024-01-31,nic:28,index,100.7,
iip,2022-23,2024-01-31,nic:29,growth_published,13.5,
iip,2022-23,2024-01-31,nic:29,index,113.5,
iip,2022-23,2024-01-31,nic:30,growth_published,22.8,
iip,2022-23,2024-01-31,nic:30,index,122.8,
iip,2022-23,2024-01-31,nic:31,growth_published,3.1,
iip,2022-23,2024-01-31,nic:31,index,103.1,
iip,2022-23,2024-01-31,nic:32,growth_published,-3.4,
iip,2022-23,2024-01-31,nic:32,index,96.6,
iip,2022-23,2024-02-29,iip:electricity,growth_published,1.0,
iip,2022-23,2024-02-29,iip:electricity,index,101.0,
iip,2022-23,2024-02-29,iip:electricity_gas,growth_published,1.9,
iip,2022-23,2024-02-29,iip:electricity_gas,index,101.9,
iip,2022-23,2024-02-29,iip:electricity_gas/gas_supply,growth_published,15.2,
iip,2022-23,2024-02-29,iip:electricity_gas/gas_supply,index,115.2,
iip,2022-23,2024-02-29,iip:electricity_gas/non_renewable_electricity,growth_published,8.1,
iip,2022-23,2024-02-29,iip:electricity_gas/non_renewable_electricity,index,108.1,
iip,2022-23,2024-02-29,iip:electricity_gas/renewable_electricity,growth_published,-22.9,
iip,2022-23,2024-02-29,iip:electricity_gas/renewable_electricity,index,77.1,
iip,2022-23,2024-02-29,iip:general,growth_published,9.7,
iip,2022-23,2024-02-29,iip:general,index,109.7,
iip,2022-23,2024-02-29,iip:manufacturing,growth_published,9.4,
iip,2022-23,2024-02-29,iip:manufacturing,index,109.4,
iip,2022-23,2024-02-29,iip:mining,growth_published,16.9,
iip,2022-23,2024-02-29,iip:mining,index,116.9,
iip,2022-23,2024-02-29,iip:mining/fuel_minerals,growth_published,8.4,
iip,2022-23,2024-02-29,iip:mining/fuel_minerals,index,108.4,
iip,2022-23,2024-02-29,iip:mining/metallic_minerals_incl_rare_earth_minerals,growth_published,14.5,
iip,2022-23,2024-02-29,iip:mining/metallic_minerals_incl_rare_earth_minerals,index,114.5,
iip,2022-23,2024-02-29,iip:mining/non_metallic_minerals_incl_minor_minerals,growth_published,32.3,
iip,2022-23,2024-02-29,iip:mining/non_metallic_minerals_incl_minor_minerals,index,132.3,
iip,2022-23,2024-02-29,iip:use/capital_goods,growth_published,13.7,
iip,2022-23,2024-02-29,iip:use/capital_goods,index,113.7,
iip,2022-23,2024-02-29,iip:use/consumer_durables,growth_published,12.0,
iip,2022-23,2024-02-29,iip:use/consumer_durables,index,112.0,
iip,2022-23,2024-02-29,iip:use/consumer_non_durables,growth_published,9.6,
iip,2022-23,2024-02-29,iip:use/consumer_non_durables,index,109.6,
iip,2022-23,2024-02-29,iip:use/infrastructure_construction_goods,growth_published,12.8,
iip,2022-23,2024-02-29,iip:use/infrastructure_construction_goods,index,112.8,
iip,2022-23,2024-02-29,iip:use/intermediate_goods,growth_published,7.0,
iip,2022-23,2024-02-29,iip:use/intermediate_goods,index,107.0,
iip,2022-23,2024-02-29,iip:use/primary_goods,growth_published,8.7,
iip,2022-23,2024-02-29,iip:use/primary_goods,index,108.7,
iip,2022-23,2024-02-29,iip:water_waste,growth_published,23.7,
iip,2022-23,2024-02-29,iip:water_waste,index,123.7,
iip,2022-23,2024-02-29,iip:water_waste/sewerage_waste_management,growth_published,10.6,
iip,2022-23,2024-02-29,iip:water_waste/sewerage_waste_management,index,110.6,
iip,2022-23,2024-02-29,iip:water_waste/water_supply,growth_published,35.6,
iip,2022-23,2024-02-29,iip:water_waste/water_supply,index,135.6,
iip,2022-23,2024-02-29,nic:10,growth_published,8.1,
iip,2022-23,2024-02-29,nic:10,index,108.1,
iip,2022-23,2024-02-29,nic:11,growth_published,23.9,
iip,2022-23,2024-02-29,nic:11,index,123.9,
iip,2022-23,2024-02-29,nic:12,growth_published,3.9,
iip,2022-23,2024-02-29,nic:12,index,103.9,
iip,2022-23,2024-02-29,nic:13,growth_published,14.5,
iip,2022-23,2024-02-29,nic:13,index,114.5,
iip,2022-23,2024-02-29,nic:14,growth_published,8.9,
iip,2022-23,2024-02-29,nic:14,index,108.9,
iip,2022-23,2024-02-29,nic:15,growth_published,-9.0,
iip,2022-23,2024-02-29,nic:15,index,91.0,
iip,2022-23,2024-02-29,nic:16,growth_published,0.0,
iip,2022-23,2024-02-29,nic:16,index,100.0,
iip,2022-23,2024-02-29,nic:17,growth_published,1.7,
iip,2022-23,2024-02-29,nic:17,index,101.7,
iip,2022-23,2024-02-29,nic:18,growth_published,2.5,
iip,2022-23,2024-02-29,nic:18,index,102.5,
iip,2022-23,2024-02-29,nic:19,growth_published,3.3,
iip,2022-23,2024-02-29,nic:19,index,103.3,
iip,2022-23,2024-02-29,nic:20,growth_published,5.4,
iip,2022-23,2024-02-29,nic:20,index,105.4,
iip,2022-23,2024-02-29,nic:21,growth_published,14.0,
iip,2022-23,2024-02-29,nic:21,index,114.0,
iip,2022-23,2024-02-29,nic:22,growth_published,1.9,
iip,2022-23,2024-02-29,nic:22,index,101.9,
iip,2022-23,2024-02-29,nic:23,growth_published,9.0,
iip,2022-23,2024-02-29,nic:23,index,109.0,
iip,2022-23,2024-02-29,nic:24,growth_published,11.0,
iip,2022-23,2024-02-29,nic:24,index,111.0,
iip,2022-23,2024-02-29,nic:25,growth_published,9.1,
iip,2022-23,2024-02-29,nic:25,index,109.1,
iip,2022-23,2024-02-29,nic:26,growth_published,26.6,
iip,2022-23,2024-02-29,nic:26,index,126.6,
iip,2022-23,2024-02-29,nic:27,growth_published,15.3,
iip,2022-23,2024-02-29,nic:27,index,115.3,
iip,2022-23,2024-02-29,nic:28,growth_published,8.2,
iip,2022-23,2024-02-29,nic:28,index,108.2,
iip,2022-23,2024-02-29,nic:29,growth_published,10.8,
iip,2022-23,2024-02-29,nic:29,index,110.8,
iip,2022-23,2024-02-29,nic:30,growth_published,22.7,
iip,2022-23,2024-02-29,nic:30,index,122.7,
iip,2022-23,2024-02-29,nic:31,growth_published,3.7,
iip,2022-23,2024-02-29,nic:31,index,103.7,
iip,2022-23,2024-02-29,nic:32,growth_published,0.8,
iip,2022-23,2024-02-29,nic:32,index,100.8,
iip,2022-23,2024-03-31,iip:electricity,growth_published,10.2,
iip,2022-23,2024-03-31,iip:electricity,index,110.2,
iip,2022-23,2024-03-31,iip:electricity_gas,growth_published,11.0,
iip,2022-23,2024-03-31,iip:electricity_gas,index,111.0,
iip,2022-23,2024-03-31,iip:electricity_gas/gas_supply,growth_published,22.6,
iip,2022-23,2024-03-31,iip:electricity_gas/gas_supply,index,122.6,
iip,2022-23,2024-03-31,iip:electricity_gas/non_renewable_electricity,growth_published,17.8,
iip,2022-23,2024-03-31,iip:electricity_gas/non_renewable_electricity,index,117.8,
iip,2022-23,2024-03-31,iip:electricity_gas/renewable_electricity,growth_published,-15.2,
iip,2022-23,2024-03-31,iip:electricity_gas/renewable_electricity,index,84.8,
iip,2022-23,2024-03-31,iip:general,growth_published,19.0,
iip,2022-23,2024-03-31,iip:general,index,119.0,
iip,2022-23,2024-03-31,iip:manufacturing,growth_published,18.1,
iip,2022-23,2024-03-31,iip:manufacturing,index,118.1,
iip,2022-23,2024-03-31,iip:mining,growth_published,32.0,
iip,2022-23,2024-03-31,iip:mining,index,132.0,
iip,2022-23,2024-03-31,iip:mining/fuel_minerals,growth_published,22.0,
iip,2022-23,2024-03-31,iip:mining/fuel_minerals,index,122.0,
iip,2022-23,2024-03-31,iip:mining/metallic_minerals_incl_rare_earth_minerals,growth_published,17.2,
iip,2022-23,2024-03-31,iip:mining/metallic_minerals_incl_rare_earth_minerals,index,117.2,
iip,2022-23,2024-03-31,iip:mining/non_metallic_minerals_incl_minor_minerals,growth_published,57.1,
iip,2022-23,2024-03-31,iip:mining/non_metallic_minerals_incl_minor_minerals,index,157.1,
iip,2022-23,2024-03-31,iip:use/capital_goods,growth_published,42.4,
iip,2022-23,2024-03-31,iip:use/capital_goods,index,142.4,
iip,2022-23,2024-03-31,iip:use/consumer_durables,growth_published,14.2,
iip,2022-23,2024-03-31,iip:use/consumer_durables,index,114.2,
iip,2022-23,2024-03-31,iip:use/consumer_non_durables,growth_published,14.5,
iip,2022-23,2024-03-31,iip:use/consumer_non_durables,index,114.5,
iip,2022-23,2024-03-31,iip:use/infrastructure_construction_goods,growth_published,21.7,
iip,2022-23,2024-03-31,iip:use/infrastructure_construction_goods,index,121.7,
iip,2022-23,2024-03-31,iip:use/intermediate_goods,growth_published,14.1,
iip,2022-23,2024-03-31,iip:use/intermediate_goods,index,114.1,
iip,2022-23,2024-03-31,iip:use/primary_goods,growth_published,19.5,
iip,2022-23,2024-03-31,iip:use/primary_goods,index,119.5,
iip,2022-23,2024-03-31,iip:water_waste,growth_published,26.2,
iip,2022-23,2024-03-31,iip:water_waste,index,126.2,
iip,2022-23,2024-03-31,iip:water_waste/sewerage_waste_management,growth_published,14.0,
iip,2022-23,2024-03-31,iip:water_waste/sewerage_waste_management,index,114.0,
iip,2022-23,2024-03-31,iip:water_waste/water_supply,growth_published,37.3,
iip,2022-23,2024-03-31,iip:water_waste/water_supply,index,137.3,
iip,2022-23,2024-03-31,nic:10,growth_published,6.3,
iip,2022-23,2024-03-31,nic:10,index,106.3,
iip,2022-23,2024-03-31,nic:11,growth_published,38.9,
iip,2022-23,2024-03-31,nic:11,index,138.9,
iip,2022-23,2024-03-31,nic:12,growth_published,3.7,
iip,2022-23,2024-03-31,nic:12,index,103.7,
iip,2022-23,2024-03-31,nic:13,growth_published,17.9,
iip,2022-23,2024-03-31,nic:13,index,117.9,
iip,2022-23,2024-03-31,nic:14,growth_published,9.9,
iip,2022-23,2024-03-31,nic:14,index,109.9,
iip,2022-23,2024-03-31,nic:15,growth_published,-7.0,
iip,2022-23,2024-03-31,nic:15,index,93.0,
iip,2022-23,2024-03-31,nic:16,growth_published,16.9,
iip,2022-23,2024-03-31,nic:16,index,116.9,
iip,2022-23,2024-03-31,nic:17,growth_published,6.7,
iip,2022-23,2024-03-31,nic:17,index,106.7,
iip,2022-23,2024-03-31,nic:18,growth_published,8.3,
iip,2022-23,2024-03-31,nic:18,index,108.3,
iip,2022-23,2024-03-31,nic:19,growth_published,11.9,
iip,2022-23,2024-03-31,nic:19,index,111.9,
iip,2022-23,2024-03-31,nic:20,growth_published,11.4,
iip,2022-23,2024-03-31,nic:20,index,111.4,
iip,2022-23,2024-03-31,nic:21,growth_published,25.0,
iip,2022-23,2024-03-31,nic:21,index,125.0,
iip,2022-23,2024-03-31,nic:22,growth_published,5.3,
iip,2022-23,2024-03-31,nic:22,index,105.3,
iip,2022-23,2024-03-31,nic:23,growth_published,19.2,
iip,2022-23,2024-03-31,nic:23,index,119.2,
iip,2022-23,2024-03-31,nic:24,growth_published,20.0,
iip,2022-23,2024-03-31,nic:24,index,120.0,
iip,2022-23,2024-03-31,nic:25,growth_published,29.3,
iip,2022-23,2024-03-31,nic:25,index,129.3,
iip,2022-23,2024-03-31,nic:26,growth_published,38.5,
iip,2022-23,2024-03-31,nic:26,index,138.5,
iip,2022-23,2024-03-31,nic:27,growth_published,29.1,
iip,2022-23,2024-03-31,nic:27,index,129.1,
iip,2022-23,2024-03-31,nic:28,growth_published,43.7,
iip,2022-23,2024-03-31,nic:28,index,143.7,
iip,2022-23,2024-03-31,nic:29,growth_published,11.1,
iip,2022-23,2024-03-31,nic:29,index,111.1,
iip,2022-23,2024-03-31,nic:30,growth_published,28.6,
iip,2022-23,2024-03-31,nic:30,index,128.6,
iip,2022-23,2024-03-31,nic:31,growth_published,17.9,
iip,2022-23,2024-03-31,nic:31,index,117.9,
iip,2022-23,2024-03-31,nic:32,growth_published,2.3,
iip,2022-23,2024-03-31,nic:32,index,102.3,
iip,2022-23,2024-04-30,iip:electricity,growth_published,10.3,
iip,2022-23,2024-04-30,iip:electricity,index,114.5,
iip,2022-23,2024-04-30,iip:electricity_gas,growth_published,9.9,
iip,2022-23,2024-04-30,iip:electricity_gas,index,114.1,
iip,2022-23,2024-04-30,iip:electricity_gas/gas_supply,growth_published,4.2,
iip,2022-23,2024-04-30,iip:electricity_gas/gas_supply,index,108.2,
iip,2022-23,2024-04-30,iip:electricity_gas/non_renewable_electricity,growth_published,11.3,
iip,2022-23,2024-04-30,iip:electricity_gas/non_renewable_electricity,index,122.8,
iip,2022-23,2024-04-30,iip:electricity_gas/renewable_electricity,growth_published,5.4,
iip,2022-23,2024-04-30,iip:electricity_gas/renewable_electricity,index,86.4,
iip,2022-23,2024-04-30,iip:general,growth_published,7.1,
iip,2022-23,2024-04-30,iip:general,index,107.5,
iip,2022-23,2024-04-30,iip:manufacturing,growth_published,5.7,
iip,2022-23,2024-04-30,iip:manufacturing,index,105.8,
iip,2022-23,2024-04-30,iip:mining,growth_published,12.5,
iip,2022-23,2024-04-30,iip:mining,index,109.6,
iip,2022-23,2024-04-30,iip:mining/fuel_minerals,growth_published,5.5,
iip,2022-23,2024-04-30,iip:mining/fuel_minerals,index,102.3,
iip,2022-23,2024-04-30,iip:mining/metallic_minerals_incl_rare_earth_minerals,growth_published,7.1,
iip,2022-23,2024-04-30,iip:mining/metallic_minerals_incl_rare_earth_minerals,index,118.7,
iip,2022-23,2024-04-30,iip:mining/non_metallic_minerals_incl_minor_minerals,growth_published,29.2,
iip,2022-23,2024-04-30,iip:mining/non_metallic_minerals_incl_minor_minerals,index,116.5,
iip,2022-23,2024-04-30,iip:use/capital_goods,growth_published,2.1,
iip,2022-23,2024-04-30,iip:use/capital_goods,index,97.3,
iip,2022-23,2024-04-30,iip:use/consumer_durables,growth_published,10.6,
iip,2022-23,2024-04-30,iip:use/consumer_durables,index,106.2,
iip,2022-23,2024-04-30,iip:use/consumer_non_durables,growth_published,5.1,
iip,2022-23,2024-04-30,iip:use/consumer_non_durables,index,105.7,
iip,2022-23,2024-04-30,iip:use/infrastructure_construction_goods,growth_published,7.8,
iip,2022-23,2024-04-30,iip:use/infrastructure_construction_goods,index,113.9,
iip,2022-23,2024-04-30,iip:use/intermediate_goods,growth_published,4.1,
iip,2022-23,2024-04-30,iip:use/intermediate_goods,index,104.7,
iip,2022-23,2024-04-30,iip:use/primary_goods,growth_published,10.1,
iip,2022-23,2024-04-30,iip:use/primary_goods,index,111.5,
iip,2022-23,2024-04-30,iip:water_waste,growth_published,15.6,
iip,2022-23,2024-04-30,iip:water_waste,index,126.7,
iip,2022-23,2024-04-30,iip:water_waste/sewerage_waste_management,growth_published,7.7,
iip,2022-23,2024-04-30,iip:water_waste/sewerage_waste_management,index,114.1,
iip,2022-23,2024-04-30,iip:water_waste/water_supply,growth_published,22.4,
iip,2022-23,2024-04-30,iip:water_waste/water_supply,index,138.2,
iip,2022-23,2024-04-30,nic:10,growth_published,-6.8,
iip,2022-23,2024-04-30,nic:10,index,92.2,
iip,2022-23,2024-04-30,nic:11,growth_published,33.6,
iip,2022-23,2024-04-30,nic:11,index,164.0,
iip,2022-23,2024-04-30,nic:12,growth_published,-0.1,
iip,2022-23,2024-04-30,nic:12,index,87.4,
iip,2022-23,2024-04-30,nic:13,growth_published,4.8,
iip,2022-23,2024-04-30,nic:13,index,110.6,
iip,2022-23,2024-04-30,nic:14,growth_published,4.4,
iip,2022-23,2024-04-30,nic:14,index,96.3,
iip,2022-23,2024-04-30,nic:15,growth_published,4.5,
iip,2022-23,2024-04-30,nic:15,index,91.2,
iip,2022-23,2024-04-30,nic:16,growth_published,-0.3,
iip,2022-23,2024-04-30,nic:16,index,89.9,
iip,2022-23,2024-04-30,nic:17,growth_published,-2.4,
iip,2022-23,2024-04-30,nic:17,index,96.3,
iip,2022-23,2024-04-30,nic:18,growth_published,-4.4,
iip,2022-23,2024-04-30,nic:18,index,95.8,
iip,2022-23,2024-04-30,nic:19,growth_published,5.6,
iip,2022-23,2024-04-30,nic:19,index,106.5,
iip,2022-23,2024-04-30,nic:20,growth_published,3.0,
iip,2022-23,2024-04-30,nic:20,index,104.5,
iip,2022-23,2024-04-30,nic:21,growth_published,10.7,
iip,2022-23,2024-04-30,nic:21,index,112.8,
iip,2022-23,2024-04-30,nic:22,growth_published,6.0,
iip,2022-23,2024-04-30,nic:22,index,100.3,
iip,2022-23,2024-04-30,nic:23,growth_published,3.4,
iip,2022-23,2024-04-30,nic:23,index,107.8,
iip,2022-23,2024-04-30,nic:24,growth_published,7.2,
iip,2022-23,2024-04-30,nic:24,index,112.6,
iip,2022-23,2024-04-30,nic:25,growth_published,4.1,
iip,2022-23,2024-04-30,nic:25,index,102.7,
iip,2022-23,2024-04-30,nic:26,growth_published,5.4,
iip,2022-23,2024-04-30,nic:26,index,113.4,
iip,2022-23,2024-04-30,nic:27,growth_published,7.9,
iip,2022-23,2024-04-30,nic:27,index,107.3,
iip,2022-23,2024-04-30,nic:28,growth_published,2.3,
iip,2022-23,2024-04-30,nic:28,index,92.2,
iip,2022-23,2024-04-30,nic:29,growth_published,5.7,
iip,2022-23,2024-04-30,nic:29,index,103.8,
iip,2022-23,2024-04-30,nic:30,growth_published,20.0,
iip,2022-23,2024-04-30,nic:30,index,118.6,
iip,2022-23,2024-04-30,nic:31,growth_published,14.6,
iip,2022-23,2024-04-30,nic:31,index,91.0,
iip,2022-23,2024-04-30,nic:32,growth_published,20.8,
iip,2022-23,2024-04-30,nic:32,index,117.9,
iip,2022-23,2024-05-31,iip:electricity,growth_published,13.8,
iip,2022-23,2024-05-31,iip:electricity,index,123.8,
iip,2022-23,2024-05-31,iip:electricity_gas,growth_published,13.9,
iip,2022-23,2024-05-31,iip:electricity_gas,index,124.3,
iip,2022-23,2024-05-31,iip:electricity_gas/gas_supply,growth_published,15.5,
iip,2022-23,2024-05-31,iip:electricity_gas/gas_supply,index,131.6,
iip,2022-23,2024-05-31,iip:electricity_gas/non_renewable_electricity,growth_published,15.1,
iip,2022-23,2024-05-31,iip:electricity_gas/non_renewable_electricity,index,126.8,
iip,2022-23,2024-05-31,iip:electricity_gas/renewable_electricity,growth_published,9.0,
iip,2022-23,2024-05-31,iip:electricity_gas/renewable_electricity,index,113.5,
iip,2022-23,2024-05-31,iip:general,growth_published,7.3,
iip,2022-23,2024-05-31,iip:general,index,112.9,
iip,2022-23,2024-05-31,iip:manufacturing,growth_published,6.0,
iip,2022-23,2024-05-31,iip:manufacturing,index,111.5,
iip,2022-23,2024-05-31,iip:mining,growth_published,7.6,
iip,2022-23,2024-05-31,iip:mining,index,108.4,
iip,2022-23,2024-05-31,iip:mining/fuel_minerals,growth_published,4.9,
iip,2022-23,2024-05-31,iip:mining/fuel_minerals,index,106.8,
iip,2022-23,2024-05-31,iip:mining/metallic_minerals_incl_rare_earth_minerals,growth_published,4.9,
iip,2022-23,2024-05-31,iip:mining/metallic_minerals_incl_rare_earth_minerals,index,122.1,
iip,2022-23,2024-05-31,iip:mining/non_metallic_minerals_incl_minor_minerals,growth_published,14.9,
iip,2022-23,2024-05-31,iip:mining/non_metallic_minerals_incl_minor_minerals,index,103.1,
iip,2022-23,2024-05-31,iip:use/capital_goods,growth_published,7.7,
iip,2022-23,2024-05-31,iip:use/capital_goods,index,109.4,
iip,2022-23,2024-05-31,iip:use/consumer_durables,growth_published,11.5,
iip,2022-23,2024-05-31,iip:use/consumer_durables,index,110.2,
iip,2022-23,2024-05-31,iip:use/consumer_non_durables,growth_published,2.0,
iip,2022-23,2024-05-31,iip:use/consumer_non_durables,index,110.6,
iip,2022-23,2024-05-31,iip:use/infrastructure_construction_goods,growth_published,8.2,
iip,2022-23,2024-05-31,iip:use/infrastructure_construction_goods,index,116.8,
iip,2022-23,2024-05-31,iip:use/intermediate_goods,growth_published,5.2,
iip,2022-23,2024-05-31,iip:use/intermediate_goods,index,111.0,
iip,2022-23,2024-05-31,iip:use/primary_goods,growth_published,9.5,
iip,2022-23,2024-05-31,iip:use/primary_goods,index,115.8,
iip,2022-23,2024-05-31,iip:water_waste,growth_published,14.2,
iip,2022-23,2024-05-31,iip:water_waste,index,126.8,
iip,2022-23,2024-05-31,iip:water_waste/sewerage_waste_management,growth_published,6.8,
iip,2022-23,2024-05-31,iip:water_waste/sewerage_waste_management,index,113.3,
iip,2022-23,2024-05-31,iip:water_waste/water_supply,growth_published,20.5,
iip,2022-23,2024-05-31,iip:water_waste/water_supply,index,139.1,
iip,2022-23,2024-05-31,nic:10,growth_published,-5.4,
iip,2022-23,2024-05-31,nic:10,index,92.3,
iip,2022-23,2024-05-31,nic:11,growth_published,30.7,
iip,2022-23,2024-05-31,nic:11,index,179.3,
iip,2022-23,2024-05-31,nic:12,growth_published,10.7,
iip,2022-23,2024-05-31,nic:12,index,110.6,
iip,2022-23,2024-05-31,nic:13,growth_published,7.5,
iip,2022-23,2024-05-31,nic:13,index,113.9,
iip,2022-23,2024-05-31,nic:14,growth_published,7.6,
iip,2022-23,2024-05-31,nic:14,index,102.0,
iip,2022-23,2024-05-31,nic:15,growth_published,-0.4,
iip,2022-23,2024-05-31,nic:15,index,102.7,
iip,2022-23,2024-05-31,nic:16,growth_published,-1.4,
iip,2022-23,2024-05-31,nic:16,index,102.5,
iip,2022-23,2024-05-31,nic:17,growth_published,11.6,
iip,2022-23,2024-05-31,nic:17,index,106.5,
iip,2022-23,2024-05-31,nic:18,growth_published,4.5,
iip,2022-23,2024-05-31,nic:18,index,101.7,
iip,2022-23,2024-05-31,nic:19,growth_published,3.2,
iip,2022-23,2024-05-31,nic:19,index,111.2,
iip,2022-23,2024-05-31,nic:20,growth_published,1.5,
iip,2022-23,2024-05-31,nic:20,index,111.4,
iip,2022-23,2024-05-31,nic:21,growth_published,-1.1,
iip,2022-23,2024-05-31,nic:21,index,115.5,
iip,2022-23,2024-05-31,nic:22,growth_published,4.0,
iip,2022-23,2024-05-31,nic:22,index,101.1,
iip,2022-23,2024-05-31,nic:23,growth_published,1.9,
iip,2022-23,2024-05-31,nic:23,index,110.0,
iip,2022-23,2024-05-31,nic:24,growth_published,8.5,
iip,2022-23,2024-05-31,nic:24,index,116.9,
iip,2022-23,2024-05-31,nic:25,growth_published,8.0,
iip,2022-23,2024-05-31,nic:25,index,109.7,
iip,2022-23,2024-05-31,nic:26,growth_published,21.7,
iip,2022-23,2024-05-31,nic:26,index,127.2,
iip,2022-23,2024-05-31,nic:27,growth_published,21.8,
iip,2022-23,2024-05-31,nic:27,index,121.2,
iip,2022-23,2024-05-31,nic:28,growth_published,9.6,
iip,2022-23,2024-05-31,nic:28,index,107.6,
iip,2022-23,2024-05-31,nic:29,growth_published,2.1,
iip,2022-23,2024-05-31,nic:29,index,107.5,
iip,2022-23,2024-05-31,nic:30,growth_published,19.9,
iip,2022-23,2024-05-31,nic:30,index,130.1,
iip,2022-23,2024-05-31,nic:31,growth_published,10.8,
iip,2022-23,2024-05-31,nic:31,index,100.6,
iip,2022-23,2024-05-31,nic:32,growth_published,6.6,
iip,2022-23,2024-05-31,nic:32,index,100.1,
iip,2022-23,2024-06-30,iip:electricity,growth_published,8.6,
iip,2022-23,2024-06-30,iip:electricity,index,120.3,
iip,2022-23,2024-06-30,iip:electricity_gas,growth_published,9.4,
iip,2022-23,2024-06-30,iip:electricity_gas,index,120.8,
iip,2022-23,2024-06-30,iip:electricity_gas/gas_supply,growth_published,22.7,
iip,2022-23,2024-06-30,iip:electricity_gas/gas_supply,index,128.2,
iip,2022-23,2024-06-30,iip:electricity_gas/non_renewable_electricity,growth_published,11.2,
iip,2022-23,2024-06-30,iip:electricity_gas/non_renewable_electricity,index,119.9,
iip,2022-23,2024-06-30,iip:electricity_gas/renewable_electricity,growth_published,0.6,
iip,2022-23,2024-06-30,iip:electricity_gas/renewable_electricity,index,121.7,
iip,2022-23,2024-06-30,iip:general,growth_published,7.3,
iip,2022-23,2024-06-30,iip:general,index,112.2,
iip,2022-23,2024-06-30,iip:manufacturing,growth_published,7.2,
iip,2022-23,2024-06-30,iip:manufacturing,index,111.7,
iip,2022-23,2024-06-30,iip:mining,growth_published,4.7,
iip,2022-23,2024-06-30,iip:mining,index,104.6,
iip,2022-23,2024-06-30,iip:mining/fuel_minerals,growth_published,4.7,
iip,2022-23,2024-06-30,iip:mining/fuel_minerals,index,104.1,
iip,2022-23,2024-06-30,iip:mining/metallic_minerals_incl_rare_earth_minerals,growth_published,12.8,
iip,2022-23,2024-06-30,iip:mining/metallic_minerals_incl_rare_earth_minerals,index,121.5,
iip,2022-23,2024-06-30,iip:mining/non_metallic_minerals_incl_minor_minerals,growth_published,-0.8,
iip,2022-23,2024-06-30,iip:mining/non_metallic_minerals_incl_minor_minerals,index,95.4,
iip,2022-23,2024-06-30,iip:use/capital_goods,growth_published,9.3,
iip,2022-23,2024-06-30,iip:use/capital_goods,index,118.9,
iip,2022-23,2024-06-30,iip:use/consumer_durables,growth_published,11.0,
iip,2022-23,2024-06-30,iip:use/consumer_durables,index,109.7,
iip,2022-23,2024-06-30,iip:use/consumer_non_durables,growth_published,5.1,
iip,2022-23,2024-06-30,iip:use/consumer_non_durables,index,112.3,
iip,2022-23,2024-06-30,iip:use/infrastructure_construction_goods,growth_published,7.9,
iip,2022-23,2024-06-30,iip:use/infrastructure_construction_goods,index,115.9,
iip,2022-23,2024-06-30,iip:use/intermediate_goods,growth_published,8.4,
iip,2022-23,2024-06-30,iip:use/intermediate_goods,index,110.2,
iip,2022-23,2024-06-30,iip:use/primary_goods,growth_published,5.9,
iip,2022-23,2024-06-30,iip:use/primary_goods,index,111.6,
iip,2022-23,2024-06-30,iip:water_waste,growth_published,12.5,
iip,2022-23,2024-06-30,iip:water_waste,index,127.2,
iip,2022-23,2024-06-30,iip:water_waste/sewerage_waste_management,growth_published,4.9,
iip,2022-23,2024-06-30,iip:water_waste/sewerage_waste_management,index,113.2,
iip,2022-23,2024-06-30,iip:water_waste/water_supply,growth_published,18.7,
iip,2022-23,2024-06-30,iip:water_waste/water_supply,index,140.0,
iip,2022-23,2024-06-30,nic:10,growth_published,2.4,
iip,2022-23,2024-06-30,nic:10,index,94.8,
iip,2022-23,2024-06-30,nic:11,growth_published,11.4,
iip,2022-23,2024-06-30,nic:11,index,158.2,
iip,2022-23,2024-06-30,nic:12,growth_published,-0.8,
iip,2022-23,2024-06-30,nic:12,index,111.7,
iip,2022-23,2024-06-30,nic:13,growth_published,12.5,
iip,2022-23,2024-06-30,nic:13,index,115.6,
iip,2022-23,2024-06-30,nic:14,growth_published,8.3,
iip,2022-23,2024-06-30,nic:14,index,103.1,
iip,2022-23,2024-06-30,nic:15,growth_published,11.1,
iip,2022-23,2024-06-30,nic:15,index,106.1,
iip,2022-23,2024-06-30,nic:16,growth_published,22.5,
iip,2022-23,2024-06-30,nic:16,index,107.7,
iip,2022-23,2024-06-30,nic:17,growth_published,2.9,
iip,2022-23,2024-06-30,nic:17,index,103.0,
iip,2022-23,2024-06-30,nic:18,growth_published,10.9,
iip,2022-23,2024-06-30,nic:18,index,98.5,
iip,2022-23,2024-06-30,nic:19,growth_published,-0.4,
iip,2022-23,2024-06-30,nic:19,index,104.1,
iip,2022-23,2024-06-30,nic:20,growth_published,8.0,
iip,2022-23,2024-06-30,nic:20,index,111.2,
iip,2022-23,2024-06-30,nic:21,growth_published,6.3,
iip,2022-23,2024-06-30,nic:21,index,120.1,
iip,2022-23,2024-06-30,nic:22,growth_published,7.5,
iip,2022-23,2024-06-30,nic:22,index,101.2,
iip,2022-23,2024-06-30,nic:23,growth_published,2.7,
iip,2022-23,2024-06-30,nic:23,index,110.2,
iip,2022-23,2024-06-30,nic:24,growth_published,8.7,
iip,2022-23,2024-06-30,nic:24,index,115.3,
iip,2022-23,2024-06-30,nic:25,growth_published,11.2,
iip,2022-23,2024-06-30,nic:25,index,112.8,
iip,2022-23,2024-06-30,nic:26,growth_published,21.4,
iip,2022-23,2024-06-30,nic:26,index,129.1,
iip,2022-23,2024-06-30,nic:27,growth_published,23.3,
iip,2022-23,2024-06-30,nic:27,index,125.4,
iip,2022-23,2024-06-30,nic:28,growth_published,10.6,
iip,2022-23,2024-06-30,nic:28,index,119.4,
iip,2022-23,2024-06-30,nic:29,growth_published,3.6,
iip,2022-23,2024-06-30,nic:29,index,107.9,
iip,2022-23,2024-06-30,nic:30,growth_published,9.1,
iip,2022-23,2024-06-30,nic:30,index,124.2,
iip,2022-23,2024-06-30,nic:31,growth_published,-0.8,
iip,2022-23,2024-06-30,nic:31,index,94.2,
iip,2022-23,2024-06-30,nic:32,growth_published,-3.8,
iip,2022-23,2024-06-30,nic:32,index,97.3,
iip,2022-23,2024-07-31,iip:electricity,growth_published,8.0,
iip,2022-23,2024-07-31,iip:electricity,index,118.9,
iip,2022-23,2024-07-31,iip:electricity_gas,growth_published,9.0,
iip,2022-23,2024-07-31,iip:electricity_gas,index,119.9,
iip,2022-23,2024-07-31,iip:electricity_gas/gas_supply,growth_published,24.0,
iip,2022-23,2024-07-31,iip:electricity_gas/gas_supply,index,134.4,
iip,2022-23,2024-07-31,iip:electricity_gas/non_renewable_electricity,growth_published,8.5,
iip,2022-23,2024-07-31,iip:electricity_gas/non_renewable_electricity,index,111.4,
iip,2022-23,2024-07-31,iip:electricity_gas/renewable_electricity,growth_published,6.6,
iip,2022-23,2024-07-31,iip:electricity_gas/renewable_electricity,index,144.0,
iip,2022-23,2024-07-31,iip:general,growth_published,7.8,
iip,2022-23,2024-07-31,iip:general,index,111.0,
iip,2022-23,2024-07-31,iip:manufacturing,growth_published,7.8,
iip,2022-23,2024-07-31,iip:manufacturing,index,112.9,
iip,2022-23,2024-07-31,iip:mining,growth_published,4.0,
iip,2022-23,2024-07-31,iip:mining,index,86.1,
iip,2022-23,2024-07-31,iip:mining/fuel_minerals,growth_published,0.5,
iip,2022-23,2024-07-31,iip:mining/fuel_minerals,index,101.1,
iip,2022-23,2024-07-31,iip:mining/metallic_minerals_incl_rare_earth_minerals,growth_published,5.6,
iip,2022-23,2024-07-31,iip:mining/metallic_minerals_incl_rare_earth_minerals,index,87.4,
iip,2022-23,2024-07-31,iip:mining/non_metallic_minerals_incl_minor_minerals,growth_published,13.5,
iip,2022-23,2024-07-31,iip:mining/non_metallic_minerals_incl_minor_minerals,index,60.5,
iip,2022-23,2024-07-31,iip:use/capital_goods,growth_published,10.8,
iip,2022-23,2024-07-31,iip:use/capital_goods,index,115.3,
iip,2022-23,2024-07-31,iip:use/consumer_durables,growth_published,10.5,
iip,2022-23,2024-07-31,iip:use/consumer_durables,index,113.2,
iip,2022-23,2024-07-31,iip:use/consumer_non_durables,growth_published,3.4,
iip,2022-23,2024-07-31,iip:use/consumer_non_durables,index,108.6,
iip,2022-23,2024-07-31,iip:use/infrastructure_construction_goods,growth_published,6.8,
iip,2022-23,2024-07-31,iip:use/infrastructure_construction_goods,index,114.6,
iip,2022-23,2024-07-31,iip:use/intermediate_goods,growth_published,9.7,
iip,2022-23,2024-07-31,iip:use/intermediate_goods,index,115.0,
iip,2022-23,2024-07-31,iip:use/primary_goods,growth_published,7.2,
iip,2022-23,2024-07-31,iip:use/primary_goods,index,106.2,
iip,2022-23,2024-07-31,iip:water_waste,growth_published,13.1,
iip,2022-23,2024-07-31,iip:water_waste,index,128.6,
iip,2022-23,2024-07-31,iip:water_waste/sewerage_waste_management,growth_published,8.1,
iip,2022-23,2024-07-31,iip:water_waste/sewerage_waste_management,index,115.0,
iip,2022-23,2024-07-31,iip:water_waste/water_supply,growth_published,17.1,
iip,2022-23,2024-07-31,iip:water_waste/water_supply,index,140.9,
iip,2022-23,2024-07-31,nic:10,growth_published,-1.0,
iip,2022-23,2024-07-31,nic:10,index,96.3,
iip,2022-23,2024-07-31,nic:11,growth_published,7.2,
iip,2022-23,2024-07-31,nic:11,index,119.2,
iip,2022-23,2024-07-31,nic:12,growth_published,14.5,
iip,2022-23,2024-07-31,nic:12,index,113.9,
iip,2022-23,2024-07-31,nic:13,growth_published,7.4,
iip,2022-23,2024-07-31,nic:13,index,116.8,
iip,2022-23,2024-07-31,nic:14,growth_published,11.9,
iip,2022-23,2024-07-31,nic:14,index,98.8,
iip,2022-23,2024-07-31,nic:15,growth_published,21.0,
iip,2022-23,2024-07-31,nic:15,index,108.7,
iip,2022-23,2024-07-31,nic:16,growth_published,18.4,
iip,2022-23,2024-07-31,nic:16,index,111.8,
iip,2022-23,2024-07-31,nic:17,growth_published,2.8,
iip,2022-23,2024-07-31,nic:17,index,107.2,
iip,2022-23,2024-07-31,nic:18,growth_published,5.2,
iip,2022-23,2024-07-31,nic:18,index,100.8,
iip,2022-23,2024-07-31,nic:19,growth_published,7.1,
iip,2022-23,2024-07-31,nic:19,index,111.0,
iip,2022-23,2024-07-31,nic:20,growth_published,10.6,
iip,2022-23,2024-07-31,nic:20,index,117.5,
iip,2022-23,2024-07-31,nic:21,growth_published,3.9,
iip,2022-23,2024-07-31,nic:21,index,113.7,
iip,2022-23,2024-07-31,nic:22,growth_published,4.7,
iip,2022-23,2024-07-31,nic:22,index,103.1,
iip,2022-23,2024-07-31,nic:23,growth_published,6.3,
iip,2022-23,2024-07-31,nic:23,index,104.5,
iip,2022-23,2024-07-31,nic:24,growth_published,8.4,
iip,2022-23,2024-07-31,nic:24,index,117.7,
iip,2022-23,2024-07-31,nic:25,growth_published,14.5,
iip,2022-23,2024-07-31,nic:25,index,116.1,
iip,2022-23,2024-07-31,nic:26,growth_published,11.0,
iip,2022-23,2024-07-31,nic:26,index,128.2,
iip,2022-23,2024-07-31,nic:27,growth_published,24.8,
iip,2022-23,2024-07-31,nic:27,index,127.3,
iip,2022-23,2024-07-31,nic:28,growth_published,11.6,
iip,2022-23,2024-07-31,nic:28,index,111.4,
iip,2022-23,2024-07-31,nic:29,growth_published,1.5,
iip,2022-23,2024-07-31,nic:29,index,114.1,
iip,2022-23,2024-07-31,nic:30,growth_published,16.1,
iip,2022-23,2024-07-31,nic:30,index,127.5,
iip,2022-23,2024-07-31,nic:31,growth_published,11.3,
iip,2022-23,2024-07-31,nic:31,index,104.6,
iip,2022-23,2024-07-31,nic:32,growth_published,-1.8,
iip,2022-23,2024-07-31,nic:32,index,109.8,
iip,2022-23,2024-08-31,iip:electricity,growth_published,-3.8,
iip,2022-23,2024-08-31,iip:electricity,index,114.6,
iip,2022-23,2024-08-31,iip:electricity_gas,growth_published,-3.4,
iip,2022-23,2024-08-31,iip:electricity_gas,index,115.0,
iip,2022-23,2024-08-31,iip:electricity_gas/gas_supply,growth_published,3.7,
iip,2022-23,2024-08-31,iip:electricity_gas/gas_supply,index,121.2,
iip,2022-23,2024-08-31,iip:electricity_gas/non_renewable_electricity,growth_published,-4.2,
iip,2022-23,2024-08-31,iip:electricity_gas/non_renewable_electricity,index,105.1,
iip,2022-23,2024-08-31,iip:electricity_gas/renewable_electricity,growth_published,-2.8,
iip,2022-23,2024-08-31,iip:electricity_gas/renewable_electricity,index,146.4,
iip,2022-23,2024-08-31,iip:general,growth_published,2.1,
iip,2022-23,2024-08-31,iip:general,index,109.1,
iip,2022-23,2024-08-31,iip:manufacturing,growth_published,3.4,
iip,2022-23,2024-08-31,iip:manufacturing,index,112.2,
iip,2022-23,2024-08-31,iip:mining,growth_published,-5.0,
iip,2022-23,2024-08-31,iip:mining,index,78.4,
iip,2022-23,2024-08-31,iip:mining/fuel_minerals,growth_published,-4.6,
iip,2022-23,2024-08-31,iip:mining/fuel_minerals,index,95.4,
iip,2022-23,2024-08-31,iip:mining/metallic_minerals_incl_rare_earth_minerals,growth_published,1.4,
iip,2022-23,2024-08-31,iip:mining/metallic_minerals_incl_rare_earth_minerals,index,85.1,
iip,2022-23,2024-08-31,iip:mining/non_metallic_minerals_incl_minor_minerals,growth_published,-11.8,
iip,2022-23,2024-08-31,iip:mining/non_metallic_minerals_incl_minor_minerals,index,46.4,
iip,2022-23,2024-08-31,iip:use/capital_goods,growth_published,0.7,
iip,2022-23,2024-08-31,iip:use/capital_goods,index,113.6,
iip,2022-23,2024-08-31,iip:use/consumer_durables,growth_published,7.0,
iip,2022-23,2024-08-31,iip:use/consumer_durables,index,115.5,
iip,2022-23,2024-08-31,iip:use/consumer_non_durables,growth_published,2.9,
iip,2022-23,2024-08-31,iip:use/consumer_non_durables,index,111.9,
iip,2022-23,2024-08-31,iip:use/infrastructure_construction_goods,growth_published,2.0,
iip,2022-23,2024-08-31,iip:use/infrastructure_construction_goods,index,114.0,
iip,2022-23,2024-08-31,iip:use/intermediate_goods,growth_published,3.7,
iip,2022-23,2024-08-31,iip:use/intermediate_goods,index,112.2,
iip,2022-23,2024-08-31,iip:use/primary_goods,growth_published,-0.9,
iip,2022-23,2024-08-31,iip:use/primary_goods,index,100.4,
iip,2022-23,2024-08-31,iip:water_waste,growth_published,12.2,
iip,2022-23,2024-08-31,iip:water_waste,index,129.8,
iip,2022-23,2024-08-31,iip:water_waste/sewerage_waste_management,growth_published,7.8,
iip,2022-23,2024-08-31,iip:water_waste/sewerage_waste_management,index,116.5,
iip,2022-23,2024-08-31,iip:water_waste/water_supply,growth_published,15.7,
iip,2022-23,2024-08-31,iip:water_waste/water_supply,index,141.8,
iip,2022-23,2024-08-31,nic:10,growth_published,0.5,
iip,2022-23,2024-08-31,nic:10,index,99.7,
iip,2022-23,2024-08-31,nic:11,growth_published,-1.7,
iip,2022-23,2024-08-31,nic:11,index,107.0,
iip,2022-23,2024-08-31,nic:12,growth_published,3.5,
iip,2022-23,2024-08-31,nic:12,index,110.7,
iip,2022-23,2024-08-31,nic:13,growth_published,5.0,
iip,2022-23,2024-08-31,nic:13,index,116.4,
iip,2022-23,2024-08-31,nic:14,growth_published,12.4,
iip,2022-23,2024-08-31,nic:14,index,99.5,
iip,2022-23,2024-08-31,nic:15,growth_published,13.7,
iip,2022-23,2024-08-31,nic:15,index,103.8,
iip,2022-23,2024-08-31,nic:16,growth_published,7.5,
iip,2022-23,2024-08-31,nic:16,index,99.1,
iip,2022-23,2024-08-31,nic:17,growth_published,3.6,
iip,2022-23,2024-08-31,nic:17,index,108.5,
iip,2022-23,2024-08-31,nic:18,growth_published,3.8,
iip,2022-23,2024-08-31,nic:18,index,93.9,
iip,2022-23,2024-08-31,nic:19,growth_published,3.5,
iip,2022-23,2024-08-31,nic:19,index,103.6,
iip,2022-23,2024-08-31,nic:20,growth_published,3.6,
iip,2022-23,2024-08-31,nic:20,index,112.0,
iip,2022-23,2024-08-31,nic:21,growth_published,6.2,
iip,2022-23,2024-08-31,nic:21,index,124.1,
iip,2022-23,2024-08-31,nic:22,growth_published,3.1,
iip,2022-23,2024-08-31,nic:22,index,102.3,
iip,2022-23,2024-08-31,nic:23,growth_published,-0.4,
iip,2022-23,2024-08-31,nic:23,index,104.3,
iip,2022-23,2024-08-31,nic:24,growth_published,4.2,
iip,2022-23,2024-08-31,nic:24,index,117.9,
iip,2022-23,2024-08-31,nic:25,growth_published,7.4,
iip,2022-23,2024-08-31,nic:25,index,115.2,
iip,2022-23,2024-08-31,nic:26,growth_published,3.2,
iip,2022-23,2024-08-31,nic:26,index,130.0,
iip,2022-23,2024-08-31,nic:27,growth_published,2.9,
iip,2022-23,2024-08-31,nic:27,index,119.3,
iip,2022-23,2024-08-31,nic:28,growth_published,3.8,
iip,2022-23,2024-08-31,nic:28,index,113.2,
iip,2022-23,2024-08-31,nic:29,growth_published,-1.6,
iip,2022-23,2024-08-31,nic:29,index,112.3,
iip,2022-23,2024-08-31,nic:30,growth_published,9.4,
iip,2022-23,2024-08-31,nic:30,index,131.1,
iip,2022-23,2024-08-31,nic:31,growth_published,9.8,
iip,2022-23,2024-08-31,nic:31,index,107.2,
iip,2022-23,2024-08-31,nic:32,growth_published,0.8,
iip,2022-23,2024-08-31,nic:32,index,119.8,
iip,2022-23,2024-09-30,iip:electricity,growth_published,0.5,
iip,2022-23,2024-09-30,iip:electricity,index,111.7,
iip,2022-23,2024-09-30,iip:electricity_gas,growth_published,0.7,
iip,2022-23,2024-09-30,iip:electricity_gas,index,111.9,
iip,2022-23,2024-09-30,iip:electricity_gas/gas_supply,growth_published,2.9,
iip,2022-23,2024-09-30,iip:electricity_gas/gas_supply,index,114.5,
iip,2022-23,2024-09-30,iip:electricity_gas/non_renewable_electricity,growth_published,-5.5,
iip,2022-23,2024-09-30,iip:electricity_gas/non_renewable_electricity,index,102.6,
iip,2022-23,2024-09-30,iip:electricity_gas/renewable_electricity,growth_published,18.9,
iip,2022-23,2024-09-30,iip:electricity_gas/renewable_electricity,index,142.2,
iip,2022-23,2024-09-30,iip:general,growth_published,4.7,
iip,2022-23,2024-09-30,iip:general,index,109.8,
iip,2022-23,2024-09-30,iip:manufacturing,growth_published,5.5,
iip,2022-23,2024-09-30,iip:manufacturing,index,112.8,
iip,2022-23,2024-09-30,iip:mining,growth_published,0.4,
iip,2022-23,2024-09-30,iip:mining,index,83.3,
iip,2022-23,2024-09-30,iip:mining/fuel_minerals,growth_published,-1.0,
iip,2022-23,2024-09-30,iip:mining/fuel_minerals,index,95.6,
iip,2022-23,2024-09-30,iip:mining/metallic_minerals_incl_rare_earth_minerals,growth_published,0.3,
iip,2022-23,2024-09-30,iip:mining/metallic_minerals_incl_rare_earth_minerals,index,88.8,
iip,2022-23,2024-09-30,iip:mining/non_metallic_minerals_incl_minor_minerals,growth_published,4.0,
iip,2022-23,2024-09-30,iip:mining/non_metallic_minerals_incl_minor_minerals,index,59.7,
iip,2022-23,2024-09-30,iip:use/capital_goods,growth_published,5.6,
iip,2022-23,2024-09-30,iip:use/capital_goods,index,122.8,
iip,2022-23,2024-09-30,iip:use/consumer_durables,growth_published,10.9,
iip,2022-23,2024-09-30,iip:use/consumer_durables,index,120.1,
iip,2022-23,2024-09-30,iip:use/consumer_non_durables,growth_published,4.1,
iip,2022-23,2024-09-30,iip:use/consumer_non_durables,index,110.8,
iip,2022-23,2024-09-30,iip:use/infrastructure_construction_goods,growth_published,3.6,
iip,2022-23,2024-09-30,iip:use/infrastructure_construction_goods,index,113.0,
iip,2022-23,2024-09-30,iip:use/intermediate_goods,growth_published,4.5,
iip,2022-23,2024-09-30,iip:use/intermediate_goods,index,110.3,
iip,2022-23,2024-09-30,iip:use/primary_goods,growth_published,2.7,
iip,2022-23,2024-09-30,iip:use/primary_goods,index,100.7,
iip,2022-23,2024-09-30,iip:water_waste,growth_published,11.4,
iip,2022-23,2024-09-30,iip:water_waste,index,130.3,
iip,2022-23,2024-09-30,iip:water_waste/sewerage_waste_management,growth_published,7.6,
iip,2022-23,2024-09-30,iip:water_waste/sewerage_waste_management,index,116.7,
iip,2022-23,2024-09-30,iip:water_waste/water_supply,growth_published,14.3,
iip,2022-23,2024-09-30,iip:water_waste/water_supply,index,142.6,
iip,2022-23,2024-09-30,nic:10,growth_published,4.8,
iip,2022-23,2024-09-30,nic:10,index,97.5,
iip,2022-23,2024-09-30,nic:11,growth_published,-0.5,
iip,2022-23,2024-09-30,nic:11,index,106.0,
iip,2022-23,2024-09-30,nic:12,growth_published,16.3,
iip,2022-23,2024-09-30,nic:12,index,123.5,
iip,2022-23,2024-09-30,nic:13,growth_published,8.9,
iip,2022-23,2024-09-30,nic:13,index,120.6,
iip,2022-23,2024-09-30,nic:14,growth_published,13.9,
iip,2022-23,2024-09-30,nic:14,index,97.6,
iip,2022-23,2024-09-30,nic:15,growth_published,9.2,
iip,2022-23,2024-09-30,nic:15,index,96.4,
iip,2022-23,2024-09-30,nic:16,growth_published,3.7,
iip,2022-23,2024-09-30,nic:16,index,96.9,
iip,2022-23,2024-09-30,nic:17,growth_published,6.2,
iip,2022-23,2024-09-30,nic:17,index,106.5,
iip,2022-23,2024-09-30,nic:18,growth_published,2.0,
iip,2022-23,2024-09-30,nic:18,index,92.3,
iip,2022-23,2024-09-30,nic:19,growth_published,6.1,
iip,2022-23,2024-09-30,nic:19,index,102.3,
iip,2022-23,2024-09-30,nic:20,growth_published,1.5,
iip,2022-23,2024-09-30,nic:20,index,105.4,
iip,2022-23,2024-09-30,nic:21,growth_published,3.9,
iip,2022-23,2024-09-30,nic:21,index,122.9,
iip,2022-23,2024-09-30,nic:22,growth_published,4.9,
iip,2022-23,2024-09-30,nic:22,index,102.5,
iip,2022-23,2024-09-30,nic:23,growth_published,1.8,
iip,2022-23,2024-09-30,nic:23,index,101.5,
iip,2022-23,2024-09-30,nic:24,growth_published,4.7,
iip,2022-23,2024-09-30,nic:24,index,116.4,
iip,2022-23,2024-09-30,nic:25,growth_published,8.2,
iip,2022-23,2024-09-30,nic:25,index,115.4,
iip,2022-23,2024-09-30,nic:26,growth_published,11.8,
iip,2022-23,2024-09-30,nic:26,index,151.2,
iip,2022-23,2024-09-30,nic:27,growth_published,9.1,
iip,2022-23,2024-09-30,nic:27,index,118.6,
iip,2022-23,2024-09-30,nic:28,growth_published,7.0,
iip,2022-23,2024-09-30,nic:28,index,122.3,
iip,2022-23,2024-09-30,nic:29,growth_published,1.6,
iip,2022-23,2024-09-30,nic:29,index,112.5,
iip,2022-23,2024-09-30,nic:30,growth_published,10.0,
iip,2022-23,2024-09-30,nic:30,index,145.6,
iip,2022-23,2024-09-30,nic:31,growth_published,11.2,
iip,2022-23,2024-09-30,nic:31,index,113.2,
iip,2022-23,2024-09-30,nic:32,growth_published,8.4,
iip,2022-23,2024-09-30,nic:32,index,131.0,
iip,2022-23,2024-10-31,iip:electricity,growth_published,2.0,
iip,2022-23,2024-10-31,iip:electricity,index,112.2,
iip,2022-23,2024-10-31,iip:electricity_gas,growth_published,3.0,
iip,2022-23,2024-10-31,iip:electricity_gas,index,113.6,
iip,2022-23,2024-10-31,iip:electricity_gas/gas_supply,growth_published,16.3,
iip,2022-23,2024-10-31,iip:electricity_gas/gas_supply,index,134.1,
iip,2022-23,2024-10-31,iip:electricity_gas/non_renewable_electricity,growth_published,-2.4,
iip,2022-23,2024-10-31,iip:electricity_gas/non_renewable_electricity,index,113.9,
iip,2022-23,2024-10-31,iip:electricity_gas/renewable_electricity,growth_published,21.5,
iip,2022-23,2024-10-31,iip:electricity_gas/renewable_electricity,index,106.3,
iip,2022-23,2024-10-31,iip:general,growth_published,5.6,
iip,2022-23,2024-10-31,iip:general,index,112.6,
iip,2022-23,2024-10-31,iip:manufacturing,growth_published,6.4,
iip,2022-23,2024-10-31,iip:manufacturing,index,113.3,
iip,2022-23,2024-10-31,iip:mining,growth_published,1.4,
iip,2022-23,2024-10-31,iip:mining,index,103.0,
iip,2022-23,2024-10-31,iip:mining/fuel_minerals,growth_published,0.0,
iip,2022-23,2024-10-31,iip:mining/fuel_minerals,index,104.8,
iip,2022-23,2024-10-31,iip:mining/metallic_minerals_incl_rare_earth_minerals,growth_published,-3.2,
iip,2022-23,2024-10-31,iip:mining/metallic_minerals_incl_rare_earth_minerals,index,103.3,
iip,2022-23,2024-10-31,iip:mining/non_metallic_minerals_incl_minor_minerals,growth_published,6.9,
iip,2022-23,2024-10-31,iip:mining/non_metallic_minerals_incl_minor_minerals,index,99.7,
iip,2022-23,2024-10-31,iip:use/capital_goods,growth_published,3.0,
iip,2022-23,2024-10-31,iip:use/capital_goods,index,110.8,
iip,2022-23,2024-10-31,iip:use/consumer_durables,growth_published,8.3,
iip,2022-23,2024-10-31,iip:use/consumer_durables,index,122.0,
iip,2022-23,2024-10-31,iip:use/consumer_non_durables,growth_published,8.8,
iip,2022-23,2024-10-31,iip:use/consumer_non_durables,index,112.4,
iip,2022-23,2024-10-31,iip:use/infrastructure_construction_goods,growth_published,5.5,
iip,2022-23,2024-10-31,iip:use/infrastructure_construction_goods,index,116.4,
iip,2022-23,2024-10-31,iip:use/intermediate_goods,growth_published,5.0,
iip,2022-23,2024-10-31,iip:use/intermediate_goods,index,111.6,
iip,2022-23,2024-10-31,iip:use/primary_goods,growth_published,3.8,
iip,2022-23,2024-10-31,iip:use/primary_goods,index,109.0,
iip,2022-23,2024-10-31,iip:water_waste,growth_published,12.3,
iip,2022-23,2024-10-31,iip:water_waste,index,133.2,
iip,2022-23,2024-10-31,iip:water_waste/sewerage_waste_management,growth_published,10.9,
iip,2022-23,2024-10-31,iip:water_waste/sewerage_waste_management,index,121.2,
iip,2022-23,2024-10-31,iip:water_waste/water_supply,growth_published,13.4,
iip,2022-23,2024-10-31,iip:water_waste/water_supply,index,144.0,
iip,2022-23,2024-10-31,nic:10,growth_published,5.7,
iip,2022-23,2024-10-31,nic:10,index,105.7,
iip,2022-23,2024-10-31,nic:11,growth_published,9.4,
iip,2022-23,2024-10-31,nic:11,index,103.4,
iip,2022-23,2024-10-31,nic:12,growth_published,14.7,
iip,2022-23,2024-10-31,nic:12,index,113.7,
iip,2022-23,2024-10-31,nic:13,growth_published,6.4,
iip,2022-23,2024-10-31,nic:13,index,119.4,
iip,2022-23,2024-10-31,nic:14,growth_published,11.6,
iip,2022-23,2024-10-31,nic:14,index,92.2,
iip,2022-23,2024-10-31,nic:15,growth_published,11.6,
iip,2022-23,2024-10-31,nic:15,index,99.2,
iip,2022-23,2024-10-31,nic:16,growth_published,0.6,
iip,2022-23,2024-10-31,nic:16,index,98.1,
iip,2022-23,2024-10-31,nic:17,growth_published,-1.7,
iip,2022-23,2024-10-31,nic:17,index,103.6,
iip,2022-23,2024-10-31,nic:18,growth_published,-4.8,
iip,2022-23,2024-10-31,nic:18,index,93.8,
iip,2022-23,2024-10-31,nic:19,growth_published,6.5,
iip,2022-23,2024-10-31,nic:19,index,105.0,
iip,2022-23,2024-10-31,nic:20,growth_published,3.4,
iip,2022-23,2024-10-31,nic:20,index,107.8,
iip,2022-23,2024-10-31,nic:21,growth_published,16.0,
iip,2022-23,2024-10-31,nic:21,index,122.4,
iip,2022-23,2024-10-31,nic:22,growth_published,2.3,
iip,2022-23,2024-10-31,nic:22,index,103.5,
iip,2022-23,2024-10-31,nic:23,growth_published,3.6,
iip,2022-23,2024-10-31,nic:23,index,106.6,
iip,2022-23,2024-10-31,nic:24,growth_published,6.3,
iip,2022-23,2024-10-31,nic:24,index,120.2,
iip,2022-23,2024-10-31,nic:25,growth_published,5.7,
iip,2022-23,2024-10-31,nic:25,index,111.8,
iip,2022-23,2024-10-31,nic:26,growth_published,11.3,
iip,2022-23,2024-10-31,nic:26,index,140.8,
iip,2022-23,2024-10-31,nic:27,growth_published,7.8,
iip,2022-23,2024-10-31,nic:27,index,113.1,
iip,2022-23,2024-10-31,nic:28,growth_published,7.7,
iip,2022-23,2024-10-31,nic:28,index,108.2,
iip,2022-23,2024-10-31,nic:29,growth_published,0.3,
iip,2022-23,2024-10-31,nic:29,index,118.0,
iip,2022-23,2024-10-31,nic:30,growth_published,10.8,
iip,2022-23,2024-10-31,nic:30,index,147.0,
iip,2022-23,2024-10-31,nic:31,growth_published,18.1,
iip,2022-23,2024-10-31,nic:31,index,126.5,
iip,2022-23,2024-10-31,nic:32,growth_published,2.9,
iip,2022-23,2024-10-31,nic:32,index,129.4,
iip,2022-23,2024-11-30,iip:electricity,growth_published,4.4,
iip,2022-23,2024-11-30,iip:electricity,index,99.4,
iip,2022-23,2024-11-30,iip:electricity_gas,growth_published,4.5,
iip,2022-23,2024-11-30,iip:electricity_gas,index,100.3,
iip,2022-23,2024-11-30,iip:electricity_gas/gas_supply,growth_published,4.4,
iip,2022-23,2024-11-30,iip:electricity_gas/gas_supply,index,113.0,
iip,2022-23,2024-11-30,iip:electricity_gas/non_renewable_electricity,growth_published,0.9,
iip,2022-23,2024-11-30,iip:electricity_gas/non_renewable_electricity,index,104.5,
iip,2022-23,2024-11-30,iip:electricity_gas/renewable_electricity,growth_published,23.1,
iip,2022-23,2024-11-30,iip:electricity_gas/renewable_electricity,index,82.2,
iip,2022-23,2024-11-30,iip:general,growth_published,5.9,
iip,2022-23,2024-11-30,iip:general,index,107.1,
iip,2022-23,2024-11-30,iip:manufacturing,growth_published,6.2,
iip,2022-23,2024-11-30,iip:manufacturing,index,107.8,
iip,2022-23,2024-11-30,iip:mining,growth_published,3.9,
iip,2022-23,2024-11-30,iip:mining,index,103.5,
iip,2022-23,2024-11-30,iip:mining/fuel_minerals,growth_published,1.2,
iip,2022-23,2024-11-30,iip:mining/fuel_minerals,index,106.0,
iip,2022-23,2024-11-30,iip:mining/metallic_minerals_incl_rare_earth_minerals,growth_published,-1.2,
iip,2022-23,2024-11-30,iip:mining/metallic_minerals_incl_rare_earth_minerals,index,109.2,
iip,2022-23,2024-11-30,iip:mining/non_metallic_minerals_incl_minor_minerals,growth_published,13.1,
iip,2022-23,2024-11-30,iip:mining/non_metallic_minerals_incl_minor_minerals,index,95.9,
iip,2022-23,2024-11-30,iip:use/capital_goods,growth_published,7.6,
iip,2022-23,2024-11-30,iip:use/capital_goods,index,108.9,
iip,2022-23,2024-11-30,iip:use/consumer_durables,growth_published,8.6,
iip,2022-23,2024-11-30,iip:use/consumer_durables,index,105.0,
iip,2022-23,2024-11-30,iip:use/consumer_non_durables,growth_published,4.0,
iip,2022-23,2024-11-30,iip:use/consumer_non_durables,index,107.0,
iip,2022-23,2024-11-30,iip:use/infrastructure_construction_goods,growth_published,7.9,
iip,2022-23,2024-11-30,iip:use/infrastructure_construction_goods,index,111.4,
iip,2022-23,2024-11-30,iip:use/intermediate_goods,growth_published,6.6,
iip,2022-23,2024-11-30,iip:use/intermediate_goods,index,107.9,
iip,2022-23,2024-11-30,iip:use/primary_goods,growth_published,4.4,
iip,2022-23,2024-11-30,iip:use/primary_goods,index,105.2,
iip,2022-23,2024-11-30,iip:water_waste,growth_published,11.8,
iip,2022-23,2024-11-30,iip:water_waste,index,134.7,
iip,2022-23,2024-11-30,iip:water_waste/sewerage_waste_management,growth_published,10.2,
iip,2022-23,2024-11-30,iip:water_waste/sewerage_waste_management,index,122.5,
iip,2022-23,2024-11-30,iip:water_waste/water_supply,growth_published,13.0,
iip,2022-23,2024-11-30,iip:water_waste/water_supply,index,145.8,
iip,2022-23,2024-11-30,nic:10,growth_published,-0.5,
iip,2022-23,2024-11-30,nic:10,index,107.8,
iip,2022-23,2024-11-30,nic:11,growth_published,4.4,
iip,2022-23,2024-11-30,nic:11,index,85.8,
iip,2022-23,2024-11-30,nic:12,growth_published,8.2,
iip,2022-23,2024-11-30,nic:12,index,108.1,
iip,2022-23,2024-11-30,nic:13,growth_published,9.4,
iip,2022-23,2024-11-30,nic:13,index,110.1,
iip,2022-23,2024-11-30,nic:14,growth_published,7.5,
iip,2022-23,2024-11-30,nic:14,index,93.0,
iip,2022-23,2024-11-30,nic:15,growth_published,14.3,
iip,2022-23,2024-11-30,nic:15,index,96.7,
iip,2022-23,2024-11-30,nic:16,growth_published,6.7,
iip,2022-23,2024-11-30,nic:16,index,95.2,
iip,2022-23,2024-11-30,nic:17,growth_published,8.2,
iip,2022-23,2024-11-30,nic:17,index,99.1,
iip,2022-23,2024-11-30,nic:18,growth_published,2.2,
iip,2022-23,2024-11-30,nic:18,index,97.2,
iip,2022-23,2024-11-30,nic:19,growth_published,2.5,
iip,2022-23,2024-11-30,nic:19,index,107.0,
iip,2022-23,2024-11-30,nic:20,growth_published,4.4,
iip,2022-23,2024-11-30,nic:20,index,103.6,
iip,2022-23,2024-11-30,nic:21,growth_published,7.3,
iip,2022-23,2024-11-30,nic:21,index,114.3,
iip,2022-23,2024-11-30,nic:22,growth_published,6.0,
iip,2022-23,2024-11-30,nic:22,index,98.2,
iip,2022-23,2024-11-30,nic:23,growth_published,5.0,
iip,2022-23,2024-11-30,nic:23,index,101.6,
iip,2022-23,2024-11-30,nic:24,growth_published,9.4,
iip,2022-23,2024-11-30,nic:24,index,117.0,
iip,2022-23,2024-11-30,nic:25,growth_published,17.2,
iip,2022-23,2024-11-30,nic:25,index,112.0,
iip,2022-23,2024-11-30,nic:26,growth_published,14.4,
iip,2022-23,2024-11-30,nic:26,index,124.0,
iip,2022-23,2024-11-30,nic:27,growth_published,2.5,
iip,2022-23,2024-11-30,nic:27,index,106.8,
iip,2022-23,2024-11-30,nic:28,growth_published,11.0,
iip,2022-23,2024-11-30,nic:28,index,105.8,
iip,2022-23,2024-11-30,nic:29,growth_published,4.4,
iip,2022-23,2024-11-30,nic:29,index,108.5,
iip,2022-23,2024-11-30,nic:30,growth_published,11.9,
iip,2022-23,2024-11-30,nic:30,index,130.7,
iip,2022-23,2024-11-30,nic:31,growth_published,-1.0,
iip,2022-23,2024-11-30,nic:31,index,100.6,
iip,2022-23,2024-11-30,nic:32,growth_published,-6.4,
iip,2022-23,2024-11-30,nic:32,index,85.0,
iip,2022-23,2024-12-31,iip:electricity,growth_published,6.2,
iip,2022-23,2024-12-31,iip:electricity,index,104.1,
iip,2022-23,2024-12-31,iip:electricity_gas,growth_published,6.1,
iip,2022-23,2024-12-31,iip:electricity_gas,index,104.9,
iip,2022-23,2024-12-31,iip:electricity_gas/gas_supply,growth_published,3.9,
iip,2022-23,2024-12-31,iip:electricity_gas/gas_supply,index,117.2,
iip,2022-23,2024-12-31,iip:electricity_gas/non_renewable_electricity,growth_published,3.3,
iip,2022-23,2024-12-31,iip:electricity_gas/non_renewable_electricity,index,108.7,
iip,2022-23,2024-12-31,iip:electricity_gas/renewable_electricity,growth_published,20.2,
iip,2022-23,2024-12-31,iip:electricity_gas/renewable_electricity,index,88.8,
iip,2022-23,2024-12-31,iip:general,growth_published,6.1,
iip,2022-23,2024-12-31,iip:general,index,115.7,
iip,2022-23,2024-12-31,iip:manufacturing,growth_published,6.4,
iip,2022-23,2024-12-31,iip:manufacturing,index,116.6,
iip,2022-23,2024-12-31,iip:mining,growth_published,3.9,
iip,2022-23,2024-12-31,iip:mining,index,116.9,
iip,2022-23,2024-12-31,iip:mining/fuel_minerals,growth_published,1.6,
iip,2022-23,2024-12-31,iip:mining/fuel_minerals,index,112.3,
iip,2022-23,2024-12-31,iip:mining/metallic_minerals_incl_rare_earth_minerals,growth_published,2.1,
iip,2022-23,2024-12-31,iip:mining/metallic_minerals_incl_rare_earth_minerals,index,117.5,
iip,2022-23,2024-12-31,iip:mining/non_metallic_minerals_incl_minor_minerals,growth_published,8.8,
iip,2022-23,2024-12-31,iip:mining/non_metallic_minerals_incl_minor_minerals,index,124.3,
iip,2022-23,2024-12-31,iip:use/capital_goods,growth_published,15.1,
iip,2022-23,2024-12-31,iip:use/capital_goods,index,124.5,
iip,2022-23,2024-12-31,iip:use/consumer_durables,growth_published,8.6,
iip,2022-23,2024-12-31,iip:use/consumer_durables,index,109.3,
iip,2022-23,2024-12-31,iip:use/consumer_non_durables,growth_published,-0.5,
iip,2022-23,2024-12-31,iip:use/consumer_non_durables,index,114.9,
iip,2022-23,2024-12-31,iip:use/infrastructure_construction_goods,growth_published,7.5,
iip,2022-23,2024-12-31,iip:use/infrastructure_construction_goods,index,121.4,
iip,2022-23,2024-12-31,iip:use/intermediate_goods,growth_published,7.6,
iip,2022-23,2024-12-31,iip:use/intermediate_goods,index,116.2,
iip,2022-23,2024-12-31,iip:use/primary_goods,growth_published,5.1,
iip,2022-23,2024-12-31,iip:use/primary_goods,index,113.8,
iip,2022-23,2024-12-31,iip:water_waste,growth_published,11.6,
iip,2022-23,2024-12-31,iip:water_waste,index,135.4,
iip,2022-23,2024-12-31,iip:water_waste/sewerage_waste_management,growth_published,11.5,
iip,2022-23,2024-12-31,iip:water_waste/sewerage_waste_management,index,123.0,
iip,2022-23,2024-12-31,iip:water_waste/water_supply,growth_published,11.8,
iip,2022-23,2024-12-31,iip:water_waste/water_supply,index,146.7,
iip,2022-23,2024-12-31,nic:10,growth_published,-4.3,
iip,2022-23,2024-12-31,nic:10,index,114.3,
iip,2022-23,2024-12-31,nic:11,growth_published,-4.0,
iip,2022-23,2024-12-31,nic:11,index,73.9,
iip,2022-23,2024-12-31,nic:12,growth_published,8.6,
iip,2022-23,2024-12-31,nic:12,index,118.4,
iip,2022-23,2024-12-31,nic:13,growth_published,8.6,
iip,2022-23,2024-12-31,nic:13,index,123.8,
iip,2022-23,2024-12-31,nic:14,growth_published,7.7,
iip,2022-23,2024-12-31,nic:14,index,107.3,
iip,2022-23,2024-12-31,nic:15,growth_published,11.1,
iip,2022-23,2024-12-31,nic:15,index,106.0,
iip,2022-23,2024-12-31,nic:16,growth_published,9.8,
iip,2022-23,2024-12-31,nic:16,index,115.0,
iip,2022-23,2024-12-31,nic:17,growth_published,1.5,
iip,2022-23,2024-12-31,nic:17,index,102.2,
iip,2022-23,2024-12-31,nic:18,growth_published,4.0,
iip,2022-23,2024-12-31,nic:18,index,108.7,
iip,2022-23,2024-12-31,nic:19,growth_published,4.1,
iip,2022-23,2024-12-31,nic:19,index,116.3,
iip,2022-23,2024-12-31,nic:20,growth_published,3.8,
iip,2022-23,2024-12-31,nic:20,index,111.8,
iip,2022-23,2024-12-31,nic:21,growth_published,0.6,
iip,2022-23,2024-12-31,nic:21,index,127.9,
iip,2022-23,2024-12-31,nic:22,growth_published,6.8,
iip,2022-23,2024-12-31,nic:22,index,106.9,
iip,2022-23,2024-12-31,nic:23,growth_published,6.3,
iip,2022-23,2024-12-31,nic:23,index,115.6,
iip,2022-23,2024-12-31,nic:24,growth_published,8.9,
iip,2022-23,2024-12-31,nic:24,index,124.6,
iip,2022-23,2024-12-31,nic:25,growth_published,14.2,
iip,2022-23,2024-12-31,nic:25,index,122.9,
iip,2022-23,2024-12-31,nic:26,growth_published,12.2,
iip,2022-23,2024-12-31,nic:26,index,129.3,
iip,2022-23,2024-12-31,nic:27,growth_published,3.9,
iip,2022-23,2024-12-31,nic:27,index,119.1,
iip,2022-23,2024-12-31,nic:28,growth_published,19.3,
iip,2022-23,2024-12-31,nic:28,index,122.9,
iip,2022-23,2024-12-31,nic:29,growth_published,10.7,
iip,2022-23,2024-12-31,nic:29,index,110.4,
iip,2022-23,2024-12-31,nic:30,growth_published,0.9,
iip,2022-23,2024-12-31,nic:30,index,113.0,
iip,2022-23,2024-12-31,nic:31,growth_published,8.6,
iip,2022-23,2024-12-31,nic:31,index,110.6,
iip,2022-23,2024-12-31,nic:32,growth_published,18.1,
iip,2022-23,2024-12-31,nic:32,index,107.6,
iip,2022-23,2025-01-31,iip:electricity,growth_published,2.3,
iip,2022-23,2025-01-31,iip:electricity,index,108.9,
iip,2022-23,2025-01-31,iip:electricity_gas,growth_published,1.6,
iip,2022-23,2025-01-31,iip:electricity_gas,index,108.9,
iip,2022-23,2025-01-31,iip:electricity_gas/gas_supply,growth_published,-7.5,
iip,2022-23,2025-01-31,iip:electricity_gas/gas_supply,index,109.3,
iip,2022-23,2025-01-31,iip:electricity_gas/non_renewable_electricity,growth_published,-2.3,
iip,2022-23,2025-01-31,iip:electricity_gas/non_renewable_electricity,index,113.9,
iip,2022-23,2025-01-31,iip:electricity_gas/renewable_electricity,growth_published,27.7,
iip,2022-23,2025-01-31,iip:electricity_gas/renewable_electricity,index,92.3,
iip,2022-23,2025-01-31,iip:general,growth_published,6.3,
iip,2022-23,2025-01-31,iip:general,index,118.1,
iip,2022-23,2025-01-31,iip:manufacturing,growth_published,7.2,
iip,2022-23,2025-01-31,iip:manufacturing,index,118.5,
iip,2022-23,2025-01-31,iip:mining,growth_published,3.3,
iip,2022-23,2025-01-31,iip:mining,index,121.2,
iip,2022-23,2025-01-31,iip:mining/fuel_minerals,growth_published,0.8,
iip,2022-23,2025-01-31,iip:mining/fuel_minerals,index,115.3,
iip,2022-23,2025-01-31,iip:mining/metallic_minerals_incl_rare_earth_minerals,growth_published,8.2,
iip,2022-23,2025-01-31,iip:mining/metallic_minerals_incl_rare_earth_minerals,index,124.2,
iip,2022-23,2025-01-31,iip:mining/non_metallic_minerals_incl_minor_minerals,growth_published,4.6,
iip,2022-23,2025-01-31,iip:mining/non_metallic_minerals_incl_minor_minerals,index,129.3,
iip,2022-23,2025-01-31,iip:use/capital_goods,growth_published,8.3,
iip,2022-23,2025-01-31,iip:use/capital_goods,index,118.6,
iip,2022-23,2025-01-31,iip:use/consumer_durables,growth_published,7.9,
iip,2022-23,2025-01-31,iip:use/consumer_durables,index,120.9,
iip,2022-23,2025-01-31,iip:use/consumer_non_durables,growth_published,4.7,
iip,2022-23,2025-01-31,iip:use/consumer_non_durables,index,115.8,
iip,2022-23,2025-01-31,iip:use/infrastructure_construction_goods,growth_published,8.3,
iip,2022-23,2025-01-31,iip:use/infrastructure_construction_goods,index,124.3,
iip,2022-23,2025-01-31,iip:use/intermediate_goods,growth_published,7.2,
iip,2022-23,2025-01-31,iip:use/intermediate_goods,index,117.7,
iip,2022-23,2025-01-31,iip:use/primary_goods,growth_published,4.8,
iip,2022-23,2025-01-31,iip:use/primary_goods,index,116.5,
iip,2022-23,2025-01-31,iip:water_waste,growth_published,10.7,
iip,2022-23,2025-01-31,iip:water_waste,index,135.8,
iip,2022-23,2025-01-31,iip:water_waste/sewerage_waste_management,growth_published,11.4,
iip,2022-23,2025-01-31,iip:water_waste/sewerage_waste_management,index,123.2,
iip,2022-23,2025-01-31,iip:water_waste/water_supply,growth_published,10.2,
iip,2022-23,2025-01-31,iip:water_waste/water_supply,index,147.2,
iip,2022-23,2025-01-31,nic:10,growth_published,1.2,
iip,2022-23,2025-01-31,nic:10,index,113.1,
iip,2022-23,2025-01-31,nic:11,growth_published,3.0,
iip,2022-23,2025-01-31,nic:11,index,114.3,
iip,2022-23,2025-01-31,nic:12,growth_published,10.5,
iip,2022-23,2025-01-31,nic:12,index,121.5,
iip,2022-23,2025-01-31,nic:13,growth_published,7.2,
iip,2022-23,2025-01-31,nic:13,index,121.6,
iip,2022-23,2025-01-31,nic:14,growth_published,8.3,
iip,2022-23,2025-01-31,nic:14,index,109.0,
iip,2022-23,2025-01-31,nic:15,growth_published,13.3,
iip,2022-23,2025-01-31,nic:15,index,109.6,
iip,2022-23,2025-01-31,nic:16,growth_published,21.9,
iip,2022-23,2025-01-31,nic:16,index,121.7,
iip,2022-23,2025-01-31,nic:17,growth_published,3.7,
iip,2022-23,2025-01-31,nic:17,index,103.9,
iip,2022-23,2025-01-31,nic:18,growth_published,3.5,
iip,2022-23,2025-01-31,nic:18,index,112.0,
iip,2022-23,2025-01-31,nic:19,growth_published,8.4,
iip,2022-23,2025-01-31,nic:19,index,114.7,
iip,2022-23,2025-01-31,nic:20,growth_published,5.0,
iip,2022-23,2025-01-31,nic:20,index,112.3,
iip,2022-23,2025-01-31,nic:21,growth_published,5.6,
iip,2022-23,2025-01-31,nic:21,index,123.0,
iip,2022-23,2025-01-31,nic:22,growth_published,7.2,
iip,2022-23,2025-01-31,nic:22,index,107.4,
iip,2022-23,2025-01-31,nic:23,growth_published,9.0,
iip,2022-23,2025-01-31,nic:23,index,117.7,
iip,2022-23,2025-01-31,nic:24,growth_published,8.6,
iip,2022-23,2025-01-31,nic:24,index,126.8,
iip,2022-23,2025-01-31,nic:25,growth_published,11.2,
iip,2022-23,2025-01-31,nic:25,index,121.3,
iip,2022-23,2025-01-31,nic:26,growth_published,8.2,
iip,2022-23,2025-01-31,nic:26,index,139.5,
iip,2022-23,2025-01-31,nic:27,growth_published,4.1,
iip,2022-23,2025-01-31,nic:27,index,127.3,
iip,2022-23,2025-01-31,nic:28,growth_published,13.1,
iip,2022-23,2025-01-31,nic:28,index,113.9,
iip,2022-23,2025-01-31,nic:29,growth_published,6.8,
iip,2022-23,2025-01-31,nic:29,index,121.2,
iip,2022-23,2025-01-31,nic:30,growth_published,8.4,
iip,2022-23,2025-01-31,nic:30,index,133.1,
iip,2022-23,2025-01-31,nic:31,growth_published,8.2,
iip,2022-23,2025-01-31,nic:31,index,111.6,
iip,2022-23,2025-01-31,nic:32,growth_published,13.3,
iip,2022-23,2025-01-31,nic:32,index,109.4,
iip,2022-23,2025-02-28,iip:electricity,growth_published,3.8,
iip,2022-23,2025-02-28,iip:electricity,index,104.8,
iip,2022-23,2025-02-28,iip:electricity_gas,growth_published,3.0,
iip,2022-23,2025-02-28,iip:electricity_gas,index,105.0,
iip,2022-23,2025-02-28,iip:electricity_gas/gas_supply,growth_published,-5.8,
iip,2022-23,2025-02-28,iip:electricity_gas/gas_supply,index,108.5,
iip,2022-23,2025-02-28,iip:electricity_gas/non_renewable_electricity,growth_published,1.6,
iip,2022-23,2025-02-28,iip:electricity_gas/non_renewable_electricity,index,109.8,
iip,2022-23,2025-02-28,iip:electricity_gas/renewable_electricity,growth_published,13.9,
iip,2022-23,2025-02-28,iip:electricity_gas/renewable_electricity,index,87.8,
iip,2022-23,2025-02-28,iip:general,growth_published,2.9,
iip,2022-23,2025-02-28,iip:general,index,112.9,
iip,2022-23,2025-02-28,iip:manufacturing,growth_published,3.1,
iip,2022-23,2025-02-28,iip:manufacturing,index,112.8,
iip,2022-23,2025-02-28,iip:mining,growth_published,0.5,
iip,2022-23,2025-02-28,iip:mining,index,117.5,
iip,2022-23,2025-02-28,iip:mining/fuel_minerals,growth_published,-2.7,
iip,2022-23,2025-02-28,iip:mining/fuel_minerals,index,105.5,
iip,2022-23,2025-02-28,iip:mining/metallic_minerals_incl_rare_earth_minerals,growth_published,6.5,
iip,2022-23,2025-02-28,iip:mining/metallic_minerals_incl_rare_earth_minerals,index,121.9,
iip,2022-23,2025-02-28,iip:mining/non_metallic_minerals_incl_minor_minerals,growth_published,2.0,
iip,2022-23,2025-02-28,iip:mining/non_metallic_minerals_incl_minor_minerals,index,134.9,
iip,2022-23,2025-02-28,iip:use/capital_goods,growth_published,8.3,
iip,2022-23,2025-02-28,iip:use/capital_goods,index,123.1,
iip,2022-23,2025-02-28,iip:use/consumer_durables,growth_published,1.3,
iip,2022-23,2025-02-28,iip:use/consumer_durables,index,113.4,
iip,2022-23,2025-02-28,iip:use/consumer_non_durables,growth_published,-0.5,
iip,2022-23,2025-02-28,iip:use/consumer_non_durables,index,109.0,
iip,2022-23,2025-02-28,iip:use/infrastructure_construction_goods,growth_published,6.1,
iip,2022-23,2025-02-28,iip:use/infrastructure_construction_goods,index,119.7,
iip,2022-23,2025-02-28,iip:use/intermediate_goods,growth_published,3.6,
iip,2022-23,2025-02-28,iip:use/intermediate_goods,index,110.9,
iip,2022-23,2025-02-28,iip:use/primary_goods,growth_published,2.4,
iip,2022-23,2025-02-28,iip:use/primary_goods,index,111.3,
iip,2022-23,2025-02-28,iip:water_waste,growth_published,9.8,
iip,2022-23,2025-02-28,iip:water_waste,index,135.8,
iip,2022-23,2025-02-28,iip:water_waste/sewerage_waste_management,growth_published,10.8,
iip,2022-23,2025-02-28,iip:water_waste/sewerage_waste_management,index,122.6,
iip,2022-23,2025-02-28,iip:water_waste/water_supply,growth_published,8.9,
iip,2022-23,2025-02-28,iip:water_waste/water_supply,index,147.7,
iip,2022-23,2025-02-28,nic:10,growth_published,-2.8,
iip,2022-23,2025-02-28,nic:10,index,105.1,
iip,2022-23,2025-02-28,nic:11,growth_published,7.3,
iip,2022-23,2025-02-28,nic:11,index,132.9,
iip,2022-23,2025-02-28,nic:12,growth_published,-9.4,
iip,2022-23,2025-02-28,nic:12,index,94.1,
iip,2022-23,2025-02-28,nic:13,growth_published,2.0,
iip,2022-23,2025-02-28,nic:13,index,116.8,
iip,2022-23,2025-02-28,nic:14,growth_published,-0.4,
iip,2022-23,2025-02-28,nic:14,index,108.5,
iip,2022-23,2025-02-28,nic:15,growth_published,5.9,
iip,2022-23,2025-02-28,nic:15,index,96.4,
iip,2022-23,2025-02-28,nic:16,growth_published,0.3,
iip,2022-23,2025-02-28,nic:16,index,100.3,
iip,2022-23,2025-02-28,nic:17,growth_published,-2.7,
iip,2022-23,2025-02-28,nic:17,index,99.0,
iip,2022-23,2025-02-28,nic:18,growth_published,4.4,
iip,2022-23,2025-02-28,nic:18,index,107.0,
iip,2022-23,2025-02-28,nic:19,growth_published,0.6,
iip,2022-23,2025-02-28,nic:19,index,103.9,
iip,2022-23,2025-02-28,nic:20,growth_published,-1.7,
iip,2022-23,2025-02-28,nic:20,index,103.6,
iip,2022-23,2025-02-28,nic:21,growth_published,-0.4,
iip,2022-23,2025-02-28,nic:21,index,113.5,
iip,2022-23,2025-02-28,nic:22,growth_published,2.3,
iip,2022-23,2025-02-28,nic:22,index,104.2,
iip,2022-23,2025-02-28,nic:23,growth_published,3.9,
iip,2022-23,2025-02-28,nic:23,index,113.3,
iip,2022-23,2025-02-28,nic:24,growth_published,7.2,
iip,2022-23,2025-02-28,nic:24,index,119.0,
iip,2022-23,2025-02-28,nic:25,growth_published,10.9,
iip,2022-23,2025-02-28,nic:25,index,121.0,
iip,2022-23,2025-02-28,nic:26,growth_published,6.5,
iip,2022-23,2025-02-28,nic:26,index,134.8,
iip,2022-23,2025-02-28,nic:27,growth_published,13.4,
iip,2022-23,2025-02-28,nic:27,index,130.7,
iip,2022-23,2025-02-28,nic:28,growth_published,6.4,
iip,2022-23,2025-02-28,nic:28,index,115.1,
iip,2022-23,2025-02-28,nic:29,growth_published,6.9,
iip,2022-23,2025-02-28,nic:29,index,118.5,
iip,2022-23,2025-02-28,nic:30,growth_published,1.5,
iip,2022-23,2025-02-28,nic:30,index,124.5,
iip,2022-23,2025-02-28,nic:31,growth_published,4.1,
iip,2022-23,2025-02-28,nic:31,index,108.0,
iip,2022-23,2025-02-28,nic:32,growth_published,-1.4,
iip,2022-23,2025-02-28,nic:32,index,99.4,
iip,2022-23,2025-03-31,iip:electricity,growth_published,7.5,
iip,2022-23,2025-03-31,iip:electricity,index,118.5,
iip,2022-23,2025-03-31,iip:electricity_gas,growth_published,6.1,
iip,2022-23,2025-03-31,iip:electricity_gas,index,117.8,
iip,2022-23,2025-03-31,iip:electricity_gas/gas_supply,growth_published,-12.7,
iip,2022-23,2025-03-31,iip:electricity_gas/gas_supply,index,107.0,
iip,2022-23,2025-03-31,iip:electricity_gas/non_renewable_electricity,growth_published,3.7,
iip,2022-23,2025-03-31,iip:electricity_gas/non_renewable_electricity,index,122.1,
iip,2022-23,2025-03-31,iip:electricity_gas/renewable_electricity,growth_published,25.5,
iip,2022-23,2025-03-31,iip:electricity_gas/renewable_electricity,index,106.4,
iip,2022-23,2025-03-31,iip:general,growth_published,5.8,
iip,2022-23,2025-03-31,iip:general,index,125.9,
iip,2022-23,2025-03-31,iip:manufacturing,growth_published,7.0,
iip,2022-23,2025-03-31,iip:manufacturing,index,126.4,
iip,2022-23,2025-03-31,iip:mining,growth_published,-2.5,
iip,2022-23,2025-03-31,iip:mining,index,128.7,
iip,2022-23,2025-03-31,iip:mining/fuel_minerals,growth_published,-2.5,
iip,2022-23,2025-03-31,iip:mining/fuel_minerals,index,119.0,
iip,2022-23,2025-03-31,iip:mining/metallic_minerals_incl_rare_earth_minerals,growth_published,4.0,
iip,2022-23,2025-03-31,iip:mining/metallic_minerals_incl_rare_earth_minerals,index,121.9,
iip,2022-23,2025-03-31,iip:mining/non_metallic_minerals_incl_minor_minerals,growth_published,-5.3,
iip,2022-23,2025-03-31,iip:mining/non_metallic_minerals_incl_minor_minerals,index,148.7,
iip,2022-23,2025-03-31,iip:use/capital_goods,growth_published,14.2,
iip,2022-23,2025-03-31,iip:use/capital_goods,index,162.6,
iip,2022-23,2025-03-31,iip:use/consumer_durables,growth_published,5.3,
iip,2022-23,2025-03-31,iip:use/consumer_durables,index,120.2,
iip,2022-23,2025-03-31,iip:use/consumer_non_durables,growth_published,4.8,
iip,2022-23,2025-03-31,iip:use/consumer_non_durables,index,120.0,
iip,2022-23,2025-03-31,iip:use/infrastructure_construction_goods,growth_published,9.7,
iip,2022-23,2025-03-31,iip:use/infrastructure_construction_goods,index,133.5,
iip,2022-23,2025-03-31,iip:use/intermediate_goods,growth_published,6.3,
iip,2022-23,2025-03-31,iip:use/intermediate_goods,index,121.3,
iip,2022-23,2025-03-31,iip:use/primary_goods,growth_published,2.3,
iip,2022-23,2025-03-31,iip:use/primary_goods,index,122.3,
iip,2022-23,2025-03-31,iip:water_waste,growth_published,9.0,
iip,2022-23,2025-03-31,iip:water_waste,index,137.5,
iip,2022-23,2025-03-31,iip:water_waste/sewerage_waste_management,growth_published,9.6,
iip,2022-23,2025-03-31,iip:water_waste/sewerage_waste_management,index,125.0,
iip,2022-23,2025-03-31,iip:water_waste/water_supply,growth_published,8.4,
iip,2022-23,2025-03-31,iip:water_waste/water_supply,index,148.8,
iip,2022-23,2025-03-31,nic:10,growth_published,-3.9,
iip,2022-23,2025-03-31,nic:10,index,102.2,
iip,2022-23,2025-03-31,nic:11,growth_published,18.2,
iip,2022-23,2025-03-31,nic:11,index,164.2,
iip,2022-23,2025-03-31,nic:12,growth_published,20.9,
iip,2022-23,2025-03-31,nic:12,index,125.4,
iip,2022-23,2025-03-31,nic:13,growth_published,4.7,
iip,2022-23,2025-03-31,nic:13,index,123.5,
iip,2022-23,2025-03-31,nic:14,growth_published,1.2,
iip,2022-23,2025-03-31,nic:14,index,111.2,
iip,2022-23,2025-03-31,nic:15,growth_published,8.4,
iip,2022-23,2025-03-31,nic:15,index,100.8,
iip,2022-23,2025-03-31,nic:16,growth_published,3.8,
iip,2022-23,2025-03-31,nic:16,index,121.3,
iip,2022-23,2025-03-31,nic:17,growth_published,-0.5,
iip,2022-23,2025-03-31,nic:17,index,106.2,
iip,2022-23,2025-03-31,nic:18,growth_published,3.3,
iip,2022-23,2025-03-31,nic:18,index,111.9,
iip,2022-23,2025-03-31,nic:19,growth_published,2.6,
iip,2022-23,2025-03-31,nic:19,index,114.8,
iip,2022-23,2025-03-31,nic:20,growth_published,0.6,
iip,2022-23,2025-03-31,nic:20,index,112.1,
iip,2022-23,2025-03-31,nic:21,growth_published,6.8,
iip,2022-23,2025-03-31,nic:21,index,133.5,
iip,2022-23,2025-03-31,nic:22,growth_published,5.1,
iip,2022-23,2025-03-31,nic:22,index,110.7,
iip,2022-23,2025-03-31,nic:23,growth_published,7.0,
iip,2022-23,2025-03-31,nic:23,index,127.5,
iip,2022-23,2025-03-31,nic:24,growth_published,10.3,
iip,2022-23,2025-03-31,nic:24,index,132.3,
iip,2022-23,2025-03-31,nic:25,growth_published,12.3,
iip,2022-23,2025-03-31,nic:25,index,145.2,
iip,2022-23,2025-03-31,nic:26,growth_published,8.2,
iip,2022-23,2025-03-31,nic:26,index,149.9,
iip,2022-23,2025-03-31,nic:27,growth_published,18.4,
iip,2022-23,2025-03-31,nic:27,index,152.8,
iip,2022-23,2025-03-31,nic:28,growth_published,13.7,
iip,2022-23,2025-03-31,nic:28,index,163.4,
iip,2022-23,2025-03-31,nic:29,growth_published,9.8,
iip,2022-23,2025-03-31,nic:29,index,122.0,
iip,2022-23,2025-03-31,nic:30,growth_published,5.1,
iip,2022-23,2025-03-31,nic:30,index,135.1,
iip,2022-23,2025-03-31,nic:31,growth_published,-0.8,
iip,2022-23,2025-03-31,nic:31,index,116.9,
iip,2022-23,2025-03-31,nic:32,growth_published,17.1,
iip,2022-23,2025-03-31,nic:32,index,119.8,
iip,2022-23,2025-04-30,iip:electricity,growth_published,1.7,
iip,2022-23,2025-04-30,iip:electricity,index,116.5,
iip,2022-23,2025-04-30,iip:electricity_gas,growth_published,1.9,
iip,2022-23,2025-04-30,iip:electricity_gas,index,116.3,
iip,2022-23,2025-04-30,iip:electricity_gas/gas_supply,growth_published,4.4,
iip,2022-23,2025-04-30,iip:electricity_gas/gas_supply,index,113.0,
iip,2022-23,2025-04-30,iip:electricity_gas/non_renewable_electricity,growth_published,-3.2,
iip,2022-23,2025-04-30,iip:electricity_gas/non_renewable_electricity,index,118.9,
iip,2022-23,2025-04-30,iip:electricity_gas/renewable_electricity,growth_published,25.5,
iip,2022-23,2025-04-30,iip:electricity_gas/renewable_electricity,index,108.4,
iip,2022-23,2025-04-30,iip:general,growth_published,4.8,
iip,2022-23,2025-04-30,iip:general,index,112.7,
iip,2022-23,2025-04-30,iip:manufacturing,growth_published,5.8,
iip,2022-23,2025-04-30,iip:manufacturing,index,111.9,
iip,2022-23,2025-04-30,iip:mining,growth_published,0.6,
iip,2022-23,2025-04-30,iip:mining,index,110.3,
iip,2022-23,2025-04-30,iip:mining/fuel_minerals,growth_published,-0.7,
iip,2022-23,2025-04-30,iip:mining/fuel_minerals,index,101.6,
iip,2022-23,2025-04-30,iip:mining/metallic_minerals_incl_rare_earth_minerals,growth_published,-1.9,
iip,2022-23,2025-04-30,iip:mining/metallic_minerals_incl_rare_earth_minerals,index,116.4,
iip,2022-23,2025-04-30,iip:mining/non_metallic_minerals_incl_minor_minerals,growth_published,3.9,
iip,2022-23,2025-04-30,iip:mining/non_metallic_minerals_incl_minor_minerals,index,121.0,
iip,2022-23,2025-04-30,iip:use/capital_goods,growth_published,14.5,
iip,2022-23,2025-04-30,iip:use/capital_goods,index,111.4,
iip,2022-23,2025-04-30,iip:use/consumer_durables,growth_published,5.2,
iip,2022-23,2025-04-30,iip:use/consumer_durables,index,111.7,
iip,2022-23,2025-04-30,iip:use/consumer_non_durables,growth_published,3.3,
iip,2022-23,2025-04-30,iip:use/consumer_non_durables,index,109.2,
iip,2022-23,2025-04-30,iip:use/infrastructure_construction_goods,growth_published,6.0,
iip,2022-23,2025-04-30,iip:use/infrastructure_construction_goods,index,120.7,
iip,2022-23,2025-04-30,iip:use/intermediate_goods,growth_published,7.1,
iip,2022-23,2025-04-30,iip:use/intermediate_goods,index,112.1,
iip,2022-23,2025-04-30,iip:use/primary_goods,growth_published,1.2,
iip,2022-23,2025-04-30,iip:use/primary_goods,index,112.8,
iip,2022-23,2025-04-30,iip:water_waste,growth_published,8.2,
iip,2022-23,2025-04-30,iip:water_waste,index,137.1,
iip,2022-23,2025-04-30,iip:water_waste/sewerage_waste_management,growth_published,8.0,
iip,2022-23,2025-04-30,iip:water_waste/sewerage_waste_management,index,123.2,
iip,2022-23,2025-04-30,iip:water_waste/water_supply,growth_published,8.3,
iip,2022-23,2025-04-30,iip:water_waste/water_supply,index,149.7,
iip,2022-23,2025-04-30,nic:10,growth_published,3.4,
iip,2022-23,2025-04-30,nic:10,index,95.3,
iip,2022-23,2025-04-30,nic:11,growth_published,0.2,
iip,2022-23,2025-04-30,nic:11,index,164.4,
iip,2022-23,2025-04-30,nic:12,growth_published,27.5,
iip,2022-23,2025-04-30,nic:12,index,111.4,
iip,2022-23,2025-04-30,nic:13,growth_published,5.6,
iip,2022-23,2025-04-30,nic:13,index,116.8,
iip,2022-23,2025-04-30,nic:14,growth_published,1.5,
iip,2022-23,2025-04-30,nic:14,index,97.7,
iip,2022-23,2025-04-30,nic:15,growth_published,8.0,
iip,2022-23,2025-04-30,nic:15,index,98.5,
iip,2022-23,2025-04-30,nic:16,growth_published,7.1,
iip,2022-23,2025-04-30,nic:16,index,96.3,
iip,2022-23,2025-04-30,nic:17,growth_published,4.9,
iip,2022-23,2025-04-30,nic:17,index,101.0,
iip,2022-23,2025-04-30,nic:18,growth_published,12.9,
iip,2022-23,2025-04-30,nic:18,index,108.2,
iip,2022-23,2025-04-30,nic:19,growth_published,-1.8,
iip,2022-23,2025-04-30,nic:19,index,104.6,
iip,2022-23,2025-04-30,nic:20,growth_published,0.3,
iip,2022-23,2025-04-30,nic:20,index,104.8,
iip,2022-23,2025-04-30,nic:21,growth_published,1.9,
iip,2022-23,2025-04-30,nic:21,index,114.9,
iip,2022-23,2025-04-30,nic:22,growth_published,0.1,
iip,2022-23,2025-04-30,nic:22,index,100.4,
iip,2022-23,2025-04-30,nic:23,growth_published,4.0,
iip,2022-23,2025-04-30,nic:23,index,112.1,
iip,2022-23,2025-04-30,nic:24,growth_published,9.1,
iip,2022-23,2025-04-30,nic:24,index,122.9,
iip,2022-23,2025-04-30,nic:25,growth_published,10.2,
iip,2022-23,2025-04-30,nic:25,index,113.2,
iip,2022-23,2025-04-30,nic:26,growth_published,15.8,
iip,2022-23,2025-04-30,nic:26,index,131.3,
iip,2022-23,2025-04-30,nic:27,growth_published,16.0,
iip,2022-23,2025-04-30,nic:27,index,124.5,
iip,2022-23,2025-04-30,nic:28,growth_published,13.4,
iip,2022-23,2025-04-30,nic:28,index,104.6,
iip,2022-23,2025-04-30,nic:29,growth_published,11.8,
iip,2022-23,2025-04-30,nic:29,index,116.0,
iip,2022-23,2025-04-30,nic:30,growth_published,4.0,
iip,2022-23,2025-04-30,nic:30,index,123.4,
iip,2022-23,2025-04-30,nic:31,growth_published,24.2,
iip,2022-23,2025-04-30,nic:31,index,113.0,
iip,2022-23,2025-04-30,nic:32,growth_published,-0.3,
iip,2022-23,2025-04-30,nic:32,index,117.6,
iip,2022-23,2025-05-31,iip:electricity,growth_published,-4.7,
iip,2022-23,2025-05-31,iip:electricity,index,118.0,
iip,2022-23,2025-05-31,iip:electricity_gas,growth_published,-5.1,
iip,2022-23,2025-05-31,iip:electricity_gas,index,117.9,
iip,2022-23,2025-05-31,iip:electricity_gas/gas_supply,growth_published,-11.7,
iip,2022-23,2025-05-31,iip:electricity_gas/gas_supply,index,116.2,
iip,2022-23,2025-05-31,iip:electricity_gas/non_renewable_electricity,growth_published,-9.9,
iip,2022-23,2025-05-31,iip:electricity_gas/non_renewable_electricity,index,114.3,
iip,2022-23,2025-05-31,iip:electricity_gas/renewable_electricity,growth_published,14.8,
iip,2022-23,2025-05-31,iip:electricity_gas/renewable_electricity,index,130.3,
iip,2022-23,2025-05-31,iip:general,growth_published,3.4,
iip,2022-23,2025-05-31,iip:general,index,116.7,
iip,2022-23,2025-05-31,iip:manufacturing,growth_published,4.2,
iip,2022-23,2025-05-31,iip:manufacturing,index,116.2,
iip,2022-23,2025-05-31,iip:mining,growth_published,5.8,
iip,2022-23,2025-05-31,iip:mining,index,114.7,
iip,2022-23,2025-05-31,iip:mining/fuel_minerals,growth_published,-1.1,
iip,2022-23,2025-05-31,iip:mining/fuel_minerals,index,105.6,
iip,2022-23,2025-05-31,iip:mining/metallic_minerals_incl_rare_earth_minerals,growth_published,-0.9,
iip,2022-23,2025-05-31,iip:mining/metallic_minerals_incl_rare_earth_minerals,index,121.0,
iip,2022-23,2025-05-31,iip:mining/non_metallic_minerals_incl_minor_minerals,growth_published,22.4,
iip,2022-23,2025-05-31,iip:mining/non_metallic_minerals_incl_minor_minerals,index,126.2,
iip,2022-23,2025-05-31,iip:use/capital_goods,growth_published,9.5,
iip,2022-23,2025-05-31,iip:use/capital_goods,index,119.8,
iip,2022-23,2025-05-31,iip:use/consumer_durables,growth_published,1.9,
iip,2022-23,2025-05-31,iip:use/consumer_durables,index,112.3,
iip,2022-23,2025-05-31,iip:use/consumer_non_durables,growth_published,3.3,
iip,2022-23,2025-05-31,iip:use/consumer_non_durables,index,114.3,
iip,2022-23,2025-05-31,iip:use/infrastructure_construction_goods,growth_published,5.7,
iip,2022-23,2025-05-31,iip:use/infrastructure_construction_goods,index,123.5,
iip,2022-23,2025-05-31,iip:use/intermediate_goods,growth_published,4.8,
iip,2022-23,2025-05-31,iip:use/intermediate_goods,index,116.3,
iip,2022-23,2025-05-31,iip:use/primary_goods,growth_published,0.7,
iip,2022-23,2025-05-31,iip:use/primary_goods,index,116.6,
iip,2022-23,2025-05-31,iip:water_waste,growth_published,8.5,
iip,2022-23,2025-05-31,iip:water_waste,index,137.6,
iip,2022-23,2025-05-31,iip:water_waste/sewerage_waste_management,growth_published,9.3,
iip,2022-23,2025-05-31,iip:water_waste/sewerage_waste_management,index,123.8,
iip,2022-23,2025-05-31,iip:water_waste/water_supply,growth_published,7.9,
iip,2022-23,2025-05-31,iip:water_waste/water_supply,index,150.1,
iip,2022-23,2025-05-31,nic:10,growth_published,6.4,
iip,2022-23,2025-05-31,nic:10,index,98.2,
iip,2022-23,2025-05-31,nic:11,growth_published,-11.8,
iip,2022-23,2025-05-31,nic:11,index,158.1,
iip,2022-23,2025-05-31,nic:12,growth_published,10.0,
iip,2022-23,2025-05-31,nic:12,index,121.7,
iip,2022-23,2025-05-31,nic:13,growth_published,6.1,
iip,2022-23,2025-05-31,nic:13,index,120.9,
iip,2022-23,2025-05-31,nic:14,growth_published,1.6,
iip,2022-23,2025-05-31,nic:14,index,103.6,
iip,2022-23,2025-05-31,nic:15,growth_published,5.4,
iip,2022-23,2025-05-31,nic:15,index,108.2,
iip,2022-23,2025-05-31,nic:16,growth_published,-2.8,
iip,2022-23,2025-05-31,nic:16,index,99.6,
iip,2022-23,2025-05-31,nic:17,growth_published,0.8,
iip,2022-23,2025-05-31,nic:17,index,107.3,
iip,2022-23,2025-05-31,nic:18,growth_published,4.5,
iip,2022-23,2025-05-31,nic:18,index,106.3,
iip,2022-23,2025-05-31,nic:19,growth_published,0.9,
iip,2022-23,2025-05-31,nic:19,index,112.2,
iip,2022-23,2025-05-31,nic:20,growth_published,-1.6,
iip,2022-23,2025-05-31,nic:20,index,109.6,
iip,2022-23,2025-05-31,nic:21,growth_published,6.3,
iip,2022-23,2025-05-31,nic:21,index,122.8,
iip,2022-23,2025-05-31,nic:22,growth_published,5.6,
iip,2022-23,2025-05-31,nic:22,index,106.8,
iip,2022-23,2025-05-31,nic:23,growth_published,5.1,
iip,2022-23,2025-05-31,nic:23,index,115.6,
iip,2022-23,2025-05-31,nic:24,growth_published,8.4,
iip,2022-23,2025-05-31,nic:24,index,126.7,
iip,2022-23,2025-05-31,nic:25,growth_published,2.6,
iip,2022-23,2025-05-31,nic:25,index,112.6,
iip,2022-23,2025-05-31,nic:26,growth_published,4.9,
iip,2022-23,2025-05-31,nic:26,index,133.4,
iip,2022-23,2025-05-31,nic:27,growth_published,10.1,
iip,2022-23,2025-05-31,nic:27,index,133.5,
iip,2022-23,2025-05-31,nic:28,growth_published,6.9,
iip,2022-23,2025-05-31,nic:28,index,115.0,
iip,2022-23,2025-05-31,nic:29,growth_published,7.3,
iip,2022-23,2025-05-31,nic:29,index,115.3,
iip,2022-23,2025-05-31,nic:30,growth_published,3.0,
iip,2022-23,2025-05-31,nic:30,index,134.0,
iip,2022-23,2025-05-31,nic:31,growth_published,9.2,
iip,2022-23,2025-05-31,nic:31,index,109.9,
iip,2022-23,2025-05-31,nic:32,growth_published,-6.3,
iip,2022-23,2025-05-31,nic:32,index,93.8,
iip,2022-23,2025-06-30,iip:electricity,growth_published,-1.2,
iip,2022-23,2025-06-30,iip:electricity,index,118.8,
iip,2022-23,2025-06-30,iip:electricity_gas,growth_published,-2.0,
iip,2022-23,2025-06-30,iip:electricity_gas,index,118.4,
iip,2022-23,2025-06-30,iip:electricity_gas/gas_supply,growth_published,-12.4,
iip,2022-23,2025-06-30,iip:electricity_gas/gas_supply,index,112.3,
iip,2022-23,2025-06-30,iip:electricity_gas/non_renewable_electricity,growth_published,-9.4,
iip,2022-23,2025-06-30,iip:electricity_gas/non_renewable_electricity,index,108.6,
iip,2022-23,2025-06-30,iip:electricity_gas/renewable_electricity,growth_published,26.0,
iip,2022-23,2025-06-30,iip:electricity_gas/renewable_electricity,index,153.3,
iip,2022-23,2025-06-30,iip:general,growth_published,2.2,
iip,2022-23,2025-06-30,iip:general,index,114.7,
iip,2022-23,2025-06-30,iip:manufacturing,growth_published,2.4,
iip,2022-23,2025-06-30,iip:manufacturing,index,114.4,
iip,2022-23,2025-06-30,iip:mining,growth_published,4.1,
iip,2022-23,2025-06-30,iip:mining,index,108.9,
iip,2022-23,2025-06-30,iip:mining/fuel_minerals,growth_published,-3.7,
iip,2022-23,2025-06-30,iip:mining/fuel_minerals,index,100.2,
iip,2022-23,2025-06-30,iip:mining/metallic_minerals_incl_rare_earth_minerals,growth_published,-16.2,
iip,2022-23,2025-06-30,iip:mining/metallic_minerals_incl_rare_earth_minerals,index,101.8,
iip,2022-23,2025-06-30,iip:mining/non_metallic_minerals_incl_minor_minerals,growth_published,33.4,
iip,2022-23,2025-06-30,iip:mining/non_metallic_minerals_incl_minor_minerals,index,127.3,
iip,2022-23,2025-06-30,iip:use/capital_goods,growth_published,3.4,
iip,2022-23,2025-06-30,iip:use/capital_goods,index,123.0,
iip,2022-23,2025-06-30,iip:use/consumer_durables,growth_published,1.4,
iip,2022-23,2025-06-30,iip:use/consumer_durables,index,111.2,
iip,2022-23,2025-06-30,iip:use/consumer_non_durables,growth_published,-2.0,
iip,2022-23,2025-06-30,iip:use/consumer_non_durables,index,110.0,
iip,2022-23,2025-06-30,iip:use/infrastructure_construction_goods,growth_published,6.6,
iip,2022-23,2025-06-30,iip:use/infrastructure_construction_goods,index,123.6,
iip,2022-23,2025-06-30,iip:use/intermediate_goods,growth_published,3.1,
iip,2022-23,2025-06-30,iip:use/intermediate_goods,index,113.6,
iip,2022-23,2025-06-30,iip:use/primary_goods,growth_published,2.1,
iip,2022-23,2025-06-30,iip:use/primary_goods,index,113.9,
iip,2022-23,2025-06-30,iip:water_waste,growth_published,7.9,
iip,2022-23,2025-06-30,iip:water_waste,index,137.3,
iip,2022-23,2025-06-30,iip:water_waste/sewerage_waste_management,growth_published,8.4,
iip,2022-23,2025-06-30,iip:water_waste/sewerage_waste_management,index,122.7,
iip,2022-23,2025-06-30,iip:water_waste/water_supply,growth_published,7.6,
iip,2022-23,2025-06-30,iip:water_waste/water_supply,index,150.6,
iip,2022-23,2025-06-30,nic:10,growth_published,-0.9,
iip,2022-23,2025-06-30,nic:10,index,93.9,
iip,2022-23,2025-06-30,nic:11,growth_published,-13.7,
iip,2022-23,2025-06-30,nic:11,index,136.5,
iip,2022-23,2025-06-30,nic:12,growth_published,1.1,
iip,2022-23,2025-06-30,nic:12,index,112.9,
iip,2022-23,2025-06-30,nic:13,growth_published,3.8,
iip,2022-23,2025-06-30,nic:13,index,120.0,
iip,2022-23,2025-06-30,nic:14,growth_published,-0.4,
iip,2022-23,2025-06-30,nic:14,index,102.7,
iip,2022-23,2025-06-30,nic:15,growth_published,-5.7,
iip,2022-23,2025-06-30,nic:15,index,100.1,
iip,2022-23,2025-06-30,nic:16,growth_published,0.8,
iip,2022-23,2025-06-30,nic:16,index,108.6,
iip,2022-23,2025-06-30,nic:17,growth_published,2.0,
iip,2022-23,2025-06-30,nic:17,index,105.1,
iip,2022-23,2025-06-30,nic:18,growth_published,-2.7,
iip,2022-23,2025-06-30,nic:18,index,95.8,
iip,2022-23,2025-06-30,nic:19,growth_published,4.5,
iip,2022-23,2025-06-30,nic:19,index,108.8,
iip,2022-23,2025-06-30,nic:20,growth_published,-1.9,
iip,2022-23,2025-06-30,nic:20,index,109.1,
iip,2022-23,2025-06-30,nic:21,growth_published,0.0,
iip,2022-23,2025-06-30,nic:21,index,120.1,
iip,2022-23,2025-06-30,nic:22,growth_published,1.8,
iip,2022-23,2025-06-30,nic:22,index,103.0,
iip,2022-23,2025-06-30,nic:23,growth_published,4.4,
iip,2022-23,2025-06-30,nic:23,index,115.1,
iip,2022-23,2025-06-30,nic:24,growth_published,8.5,
iip,2022-23,2025-06-30,nic:24,index,125.1,
iip,2022-23,2025-06-30,nic:25,growth_published,10.0,
iip,2022-23,2025-06-30,nic:25,index,124.1,
iip,2022-23,2025-06-30,nic:26,growth_published,6.6,
iip,2022-23,2025-06-30,nic:26,index,137.6,
iip,2022-23,2025-06-30,nic:27,growth_published,4.0,
iip,2022-23,2025-06-30,nic:27,index,130.4,
iip,2022-23,2025-06-30,nic:28,growth_published,1.2,
iip,2022-23,2025-06-30,nic:28,index,120.8,
iip,2022-23,2025-06-30,nic:29,growth_published,0.6,
iip,2022-23,2025-06-30,nic:29,index,108.5,
iip,2022-23,2025-06-30,nic:30,growth_published,4.5,
iip,2022-23,2025-06-30,nic:30,index,129.8,
iip,2022-23,2025-06-30,nic:31,growth_published,19.5,
iip,2022-23,2025-06-30,nic:31,index,112.6,
iip,2022-23,2025-06-30,nic:32,growth_published,-1.2,
iip,2022-23,2025-06-30,nic:32,index,96.1,
iip,2022-23,2025-07-31,iip:electricity,growth_published,3.7,
iip,2022-23,2025-07-31,iip:electricity,index,123.3,
iip,2022-23,2025-07-31,iip:electricity_gas,growth_published,2.4,
iip,2022-23,2025-07-31,iip:electricity_gas,index,122.8,
iip,2022-23,2025-07-31,iip:electricity_gas/gas_supply,growth_published,-13.6,
iip,2022-23,2025-07-31,iip:electricity_gas/gas_supply,index,116.1,
iip,2022-23,2025-07-31,iip:electricity_gas/non_renewable_electricity,growth_published,-4.6,
iip,2022-23,2025-07-31,iip:electricity_gas/non_renewable_electricity,index,106.3,
iip,2022-23,2025-07-31,iip:electricity_gas/renewable_electricity,growth_published,25.3,
iip,2022-23,2025-07-31,iip:electricity_gas/renewable_electricity,index,180.4,
iip,2022-23,2025-07-31,iip:general,growth_published,5.4,
iip,2022-23,2025-07-31,iip:general,index,117.0,
iip,2022-23,2025-07-31,iip:manufacturing,growth_published,5.1,
iip,2022-23,2025-07-31,iip:manufacturing,index,118.7,
iip,2022-23,2025-07-31,iip:mining,growth_published,10.7,
iip,2022-23,2025-07-31,iip:mining,index,95.3,
iip,2022-23,2025-07-31,iip:mining/fuel_minerals,growth_published,-5.3,
iip,2022-23,2025-07-31,iip:mining/fuel_minerals,index,95.7,
iip,2022-23,2025-07-31,iip:mining/metallic_minerals_incl_rare_earth_minerals,growth_published,-5.8,
iip,2022-23,2025-07-31,iip:mining/metallic_minerals_incl_rare_earth_minerals,index,82.3,
iip,2022-23,2025-07-31,iip:mining/non_metallic_minerals_incl_minor_minerals,growth_published,69.3,
iip,2022-23,2025-07-31,iip:mining/non_metallic_minerals_incl_minor_minerals,index,102.4,
iip,2022-23,2025-07-31,iip:use/capital_goods,growth_published,5.9,
iip,2022-23,2025-07-31,iip:use/capital_goods,index,122.1,
iip,2022-23,2025-07-31,iip:use/consumer_durables,growth_published,3.9,
iip,2022-23,2025-07-31,iip:use/consumer_durables,index,117.6,
iip,2022-23,2025-07-31,iip:use/consumer_non_durables,growth_published,5.8,
iip,2022-23,2025-07-31,iip:use/consumer_non_durables,index,114.9,
iip,2022-23,2025-07-31,iip:use/infrastructure_construction_goods,growth_published,11.2,
iip,2022-23,2025-07-31,iip:use/infrastructure_construction_goods,index,127.4,
iip,2022-23,2025-07-31,iip:use/intermediate_goods,growth_published,3.5,
iip,2022-23,2025-07-31,iip:use/intermediate_goods,index,119.0,
iip,2022-23,2025-07-31,iip:use/primary_goods,growth_published,4.8,
iip,2022-23,2025-07-31,iip:use/primary_goods,index,111.3,
iip,2022-23,2025-07-31,iip:water_waste,growth_published,7.5,
iip,2022-23,2025-07-31,iip:water_waste,index,138.2,
iip,2022-23,2025-07-31,iip:water_waste/sewerage_waste_management,growth_published,7.7,
iip,2022-23,2025-07-31,iip:water_waste/sewerage_waste_management,index,123.8,
iip,2022-23,2025-07-31,iip:water_waste/water_supply,growth_published,7.3,
iip,2022-23,2025-07-31,iip:water_waste/water_supply,index,151.2,
iip,2022-23,2025-07-31,nic:10,growth_published,7.3,
iip,2022-23,2025-07-31,nic:10,index,103.3,
iip,2022-23,2025-07-31,nic:11,growth_published,-12.2,
iip,2022-23,2025-07-31,nic:11,index,104.6,
iip,2022-23,2025-07-31,nic:12,growth_published,7.6,
iip,2022-23,2025-07-31,nic:12,index,122.6,
iip,2022-23,2025-07-31,nic:13,growth_published,11.6,
iip,2022-23,2025-07-31,nic:13,index,130.4,
iip,2022-23,2025-07-31,nic:14,growth_published,-2.3,
iip,2022-23,2025-07-31,nic:14,index,96.5,
iip,2022-23,2025-07-31,nic:15,growth_published,3.3,
iip,2022-23,2025-07-31,nic:15,index,112.3,
iip,2022-23,2025-07-31,nic:16,growth_published,-6.1,
iip,2022-23,2025-07-31,nic:16,index,105.0,
iip,2022-23,2025-07-31,nic:17,growth_published,2.1,
iip,2022-23,2025-07-31,nic:17,index,109.4,
iip,2022-23,2025-07-31,nic:18,growth_published,-4.2,
iip,2022-23,2025-07-31,nic:18,index,96.6,
iip,2022-23,2025-07-31,nic:19,growth_published,0.5,
iip,2022-23,2025-07-31,nic:19,index,111.6,
iip,2022-23,2025-07-31,nic:20,growth_published,-4.0,
iip,2022-23,2025-07-31,nic:20,index,112.8,
iip,2022-23,2025-07-31,nic:21,growth_published,10.8,
iip,2022-23,2025-07-31,nic:21,index,126.0,
iip,2022-23,2025-07-31,nic:22,growth_published,4.4,
iip,2022-23,2025-07-31,nic:22,index,107.6,
iip,2022-23,2025-07-31,nic:23,growth_published,8.1,
iip,2022-23,2025-07-31,nic:23,index,113.0,
iip,2022-23,2025-07-31,nic:24,growth_published,12.1,
iip,2022-23,2025-07-31,nic:24,index,131.9,
iip,2022-23,2025-07-31,nic:25,growth_published,9.0,
iip,2022-23,2025-07-31,nic:25,index,126.5,
iip,2022-23,2025-07-31,nic:26,growth_published,9.7,
iip,2022-23,2025-07-31,nic:26,index,140.6,
iip,2022-23,2025-07-31,nic:27,growth_published,2.9,
iip,2022-23,2025-07-31,nic:27,index,131.0,
iip,2022-23,2025-07-31,nic:28,growth_published,3.0,
iip,2022-23,2025-07-31,nic:28,index,114.7,
iip,2022-23,2025-07-31,nic:29,growth_published,5.0,
iip,2022-23,2025-07-31,nic:29,index,119.8,
iip,2022-23,2025-07-31,nic:30,growth_published,12.5,
iip,2022-23,2025-07-31,nic:30,index,143.4,
iip,2022-23,2025-07-31,nic:31,growth_published,10.2,
iip,2022-23,2025-07-31,nic:31,index,115.3,
iip,2022-23,2025-07-31,nic:32,growth_published,2.6,
iip,2022-23,2025-07-31,nic:32,index,112.6,
iip,2022-23,2025-08-31,iip:electricity,growth_published,4.1,
iip,2022-23,2025-08-31,iip:electricity,index,119.3,
iip,2022-23,2025-08-31,iip:electricity_gas,growth_published,3.7,
iip,2022-23,2025-08-31,iip:electricity_gas,index,119.2,
iip,2022-23,2025-08-31,iip:electricity_gas/gas_supply,growth_published,-3.5,
iip,2022-23,2025-08-31,iip:electricity_gas/gas_supply,index,117.0,
iip,2022-23,2025-08-31,iip:electricity_gas/non_renewable_electricity,growth_published,-1.0,
iip,2022-23,2025-08-31,iip:electricity_gas/non_renewable_electricity,index,104.1,
iip,2022-23,2025-08-31,iip:electricity_gas/renewable_electricity,growth_published,16.5,
iip,2022-23,2025-08-31,iip:electricity_gas/renewable_electricity,index,170.5,
iip,2022-23,2025-08-31,iip:general,growth_published,4.7,
iip,2022-23,2025-08-31,iip:general,index,114.2,
iip,2022-23,2025-08-31,iip:manufacturing,growth_published,3.6,
iip,2022-23,2025-08-31,iip:manufacturing,index,116.2,
iip,2022-23,2025-08-31,iip:mining,growth_published,15.8,
iip,2022-23,2025-08-31,iip:mining,index,90.8,
iip,2022-23,2025-08-31,iip:mining/fuel_minerals,growth_published,3.7,
iip,2022-23,2025-08-31,iip:mining/fuel_minerals,index,98.9,
iip,2022-23,2025-08-31,iip:mining/metallic_minerals_incl_rare_earth_minerals,growth_published,6.1,
iip,2022-23,2025-08-31,iip:mining/metallic_minerals_incl_rare_earth_minerals,index,90.3,
iip,2022-23,2025-08-31,iip:mining/non_metallic_minerals_incl_minor_minerals,growth_published,67.2,
iip,2022-23,2025-08-31,iip:mining/non_metallic_minerals_incl_minor_minerals,index,77.6,
iip,2022-23,2025-08-31,iip:use/capital_goods,growth_published,6.0,
iip,2022-23,2025-08-31,iip:use/capital_goods,index,120.4,
iip,2022-23,2025-08-31,iip:use/consumer_durables,growth_published,0.9,
iip,2022-23,2025-08-31,iip:use/consumer_durables,index,116.5,
iip,2022-23,2025-08-31,iip:use/consumer_non_durables,growth_published,0.1,
iip,2022-23,2025-08-31,iip:use/consumer_non_durables,index,112.0,
iip,2022-23,2025-08-31,iip:use/infrastructure_construction_goods,growth_published,9.2,
iip,2022-23,2025-08-31,iip:use/infrastructure_construction_goods,index,124.5,
iip,2022-23,2025-08-31,iip:use/intermediate_goods,growth_published,3.3,
iip,2022-23,2025-08-31,iip:use/intermediate_goods,index,115.9,
iip,2022-23,2025-08-31,iip:use/primary_goods,growth_published,7.6,
iip,2022-23,2025-08-31,iip:use/primary_goods,index,108.0,
iip,2022-23,2025-08-31,iip:water_waste,growth_published,6.9,
iip,2022-23,2025-08-31,iip:water_waste,index,138.8,
iip,2022-23,2025-08-31,iip:water_waste/sewerage_waste_management,growth_published,7.0,
iip,2022-23,2025-08-31,iip:water_waste/sewerage_waste_management,index,124.6,
iip,2022-23,2025-08-31,iip:water_waste/water_supply,growth_published,6.9,
iip,2022-23,2025-08-31,iip:water_waste/water_supply,index,151.6,
iip,2022-23,2025-08-31,nic:10,growth_published,2.0,
iip,2022-23,2025-08-31,nic:10,index,101.7,
iip,2022-23,2025-08-31,nic:11,growth_published,-4.8,
iip,2022-23,2025-08-31,nic:11,index,101.9,
iip,2022-23,2025-08-31,nic:12,growth_published,15.8,
iip,2022-23,2025-08-31,nic:12,index,128.2,
iip,2022-23,2025-08-31,nic:13,growth_published,4.0,
iip,2022-23,2025-08-31,nic:13,index,121.0,
iip,2022-23,2025-08-31,nic:14,growth_published,-3.4,
iip,2022-23,2025-08-31,nic:14,index,96.1,
iip,2022-23,2025-08-31,nic:15,growth_published,-2.2,
iip,2022-23,2025-08-31,nic:15,index,101.5,
iip,2022-23,2025-08-31,nic:16,growth_published,4.2,
iip,2022-23,2025-08-31,nic:16,index,103.3,
iip,2022-23,2025-08-31,nic:17,growth_published,3.3,
iip,2022-23,2025-08-31,nic:17,index,112.1,
iip,2022-23,2025-08-31,nic:18,growth_published,-4.5,
iip,2022-23,2025-08-31,nic:18,index,89.7,
iip,2022-23,2025-08-31,nic:19,growth_published,5.0,
iip,2022-23,2025-08-31,nic:19,index,108.8,
iip,2022-23,2025-08-31,nic:20,growth_published,-1.7,
iip,2022-23,2025-08-31,nic:20,index,110.1,
iip,2022-23,2025-08-31,nic:21,growth_published,-1.3,
iip,2022-23,2025-08-31,nic:21,index,122.5,
iip,2022-23,2025-08-31,nic:22,growth_published,2.5,
iip,2022-23,2025-08-31,nic:22,index,104.9,
iip,2022-23,2025-08-31,nic:23,growth_published,1.8,
iip,2022-23,2025-08-31,nic:23,index,106.2,
iip,2022-23,2025-08-31,nic:24,growth_published,11.7,
iip,2022-23,2025-08-31,nic:24,index,131.7,
iip,2022-23,2025-08-31,nic:25,growth_published,1.8,
iip,2022-23,2025-08-31,nic:25,index,117.3,
iip,2022-23,2025-08-31,nic:26,growth_published,6.7,
iip,2022-23,2025-08-31,nic:26,index,138.7,
iip,2022-23,2025-08-31,nic:27,growth_published,9.0,
iip,2022-23,2025-08-31,nic:27,index,130.0,
iip,2022-23,2025-08-31,nic:28,growth_published,1.9,
iip,2022-23,2025-08-31,nic:28,index,115.4,
iip,2022-23,2025-08-31,nic:29,growth_published,2.8,
iip,2022-23,2025-08-31,nic:29,index,115.4,
iip,2022-23,2025-08-31,nic:30,growth_published,10.3,
iip,2022-23,2025-08-31,nic:30,index,144.6,
iip,2022-23,2025-08-31,nic:31,growth_published,5.3,
iip,2022-23,2025-08-31,nic:31,index,112.9,
iip,2022-23,2025-08-31,nic:32,growth_published,-2.3,
iip,2022-23,2025-08-31,nic:32,index,117.1,
iip,2022-23,2025-09-30,iip:electricity,growth_published,3.1,
iip,2022-23,2025-09-30,iip:electricity,index,115.2,
iip,2022-23,2025-09-30,iip:electricity_gas,growth_published,3.3,
iip,2022-23,2025-09-30,iip:electricity_gas,index,115.6,
iip,2022-23,2025-09-30,iip:electricity_gas/gas_supply,growth_published,5.9,
iip,2022-23,2025-09-30,iip:electricity_gas/gas_supply,index,121.2,
iip,2022-23,2025-09-30,iip:electricity_gas/non_renewable_electricity,growth_published,-1.0,
iip,2022-23,2025-09-30,iip:electricity_gas/non_renewable_electricity,index,101.6,
iip,2022-23,2025-09-30,iip:electricity_gas/renewable_electricity,growth_published,13.1,
iip,2022-23,2025-09-30,iip:electricity_gas/renewable_electricity,index,160.8,
iip,2022-23,2025-09-30,iip:general,growth_published,6.1,
iip,2022-23,2025-09-30,iip:general,index,116.5,
iip,2022-23,2025-09-30,iip:manufacturing,growth_published,5.5,
iip,2022-23,2025-09-30,iip:manufacturing,index,119.0,
iip,2022-23,2025-09-30,iip:mining,growth_published,15.7,
iip,2022-23,2025-09-30,iip:mining,index,96.4,
iip,2022-23,2025-09-30,iip:mining/fuel_minerals,growth_published,-2.1,
iip,2022-23,2025-09-30,iip:mining/fuel_minerals,index,93.6,
iip,2022-23,2025-09-30,iip:mining/metallic_minerals_incl_rare_earth_minerals,growth_published,2.7,
iip,2022-23,2025-09-30,iip:mining/metallic_minerals_incl_rare_earth_minerals,index,91.2,
iip,2022-23,2025-09-30,iip:mining/non_metallic_minerals_incl_minor_minerals,growth_published,74.4,
iip,2022-23,2025-09-30,iip:mining/non_metallic_minerals_incl_minor_minerals,index,104.1,
iip,2022-23,2025-09-30,iip:use/capital_goods,growth_published,13.2,
iip,2022-23,2025-09-30,iip:use/capital_goods,index,139.0,
iip,2022-23,2025-09-30,iip:use/consumer_durables,growth_published,4.6,
iip,2022-23,2025-09-30,iip:use/consumer_durables,index,125.6,
iip,2022-23,2025-09-30,iip:use/consumer_non_durables,growth_published,-0.5,
iip,2022-23,2025-09-30,iip:use/consumer_non_durables,index,110.3,
iip,2022-23,2025-09-30,iip:use/infrastructure_construction_goods,growth_published,9.8,
iip,2022-23,2025-09-30,iip:use/infrastructure_construction_goods,index,124.1,
iip,2022-23,2025-09-30,iip:use/intermediate_goods,growth_published,6.4,
iip,2022-23,2025-09-30,iip:use/intermediate_goods,index,117.4,
iip,2022-23,2025-09-30,iip:use/primary_goods,growth_published,6.6,
iip,2022-23,2025-09-30,iip:use/primary_goods,index,107.3,
iip,2022-23,2025-09-30,iip:water_waste,growth_published,6.2,
iip,2022-23,2025-09-30,iip:water_waste,index,138.4,
iip,2022-23,2025-09-30,iip:water_waste/sewerage_waste_management,growth_published,5.8,
iip,2022-23,2025-09-30,iip:water_waste/sewerage_waste_management,index,123.5,
iip,2022-23,2025-09-30,iip:water_waste/water_supply,growth_published,6.6,
iip,2022-23,2025-09-30,iip:water_waste/water_supply,index,152.0,
iip,2022-23,2025-09-30,nic:10,growth_published,0.0,
iip,2022-23,2025-09-30,nic:10,index,97.5,
iip,2022-23,2025-09-30,nic:11,growth_published,-12.8,
iip,2022-23,2025-09-30,nic:11,index,92.4,
iip,2022-23,2025-09-30,nic:12,growth_published,-6.0,
iip,2022-23,2025-09-30,nic:12,index,116.1,
iip,2022-23,2025-09-30,nic:13,growth_published,2.6,
iip,2022-23,2025-09-30,nic:13,index,123.7,
iip,2022-23,2025-09-30,nic:14,growth_published,-3.7,
iip,2022-23,2025-09-30,nic:14,index,94.0,
iip,2022-23,2025-09-30,nic:15,growth_published,2.0,
iip,2022-23,2025-09-30,nic:15,index,98.3,
iip,2022-23,2025-09-30,nic:16,growth_published,20.3,
iip,2022-23,2025-09-30,nic:16,index,116.6,
iip,2022-23,2025-09-30,nic:17,growth_published,0.6,
iip,2022-23,2025-09-30,nic:17,index,107.1,
iip,2022-23,2025-09-30,nic:18,growth_published,7.8,
iip,2022-23,2025-09-30,nic:18,index,99.5,
iip,2022-23,2025-09-30,nic:19,growth_published,-0.2,
iip,2022-23,2025-09-30,nic:19,index,102.1,
iip,2022-23,2025-09-30,nic:20,growth_published,3.2,
iip,2022-23,2025-09-30,nic:20,index,108.8,
iip,2022-23,2025-09-30,nic:21,growth_published,0.8,
iip,2022-23,2025-09-30,nic:21,index,123.9,
iip,2022-23,2025-09-30,nic:22,growth_published,4.2,
iip,2022-23,2025-09-30,nic:22,index,106.8,
iip,2022-23,2025-09-30,nic:23,growth_published,5.9,
iip,2022-23,2025-09-30,nic:23,index,107.5,
iip,2022-23,2025-09-30,nic:24,growth_published,11.2,
iip,2022-23,2025-09-30,nic:24,index,129.4,
iip,2022-23,2025-09-30,nic:25,growth_published,11.6,
iip,2022-23,2025-09-30,nic:25,index,128.8,
iip,2022-23,2025-09-30,nic:26,growth_published,8.0,
iip,2022-23,2025-09-30,nic:26,index,163.3,
iip,2022-23,2025-09-30,nic:27,growth_published,8.8,
iip,2022-23,2025-09-30,nic:27,index,129.0,
iip,2022-23,2025-09-30,nic:28,growth_published,14.2,
iip,2022-23,2025-09-30,nic:28,index,139.7,
iip,2022-23,2025-09-30,nic:29,growth_published,9.9,
iip,2022-23,2025-09-30,nic:29,index,123.6,
iip,2022-23,2025-09-30,nic:30,growth_published,10.2,
iip,2022-23,2025-09-30,nic:30,index,160.5,
iip,2022-23,2025-09-30,nic:31,growth_published,9.0,
iip,2022-23,2025-09-30,nic:31,index,123.4,
iip,2022-23,2025-09-30,nic:32,growth_published,3.1,
iip,2022-23,2025-09-30,nic:32,index,135.0,
iip,2022-23,2025-10-31,iip:electricity,growth_published,-7.0,
iip,2022-23,2025-10-31,iip:electricity,index,104.4,
iip,2022-23,2025-10-31,iip:electricity_gas,growth_published,-7.0,
iip,2022-23,2025-10-31,iip:electricity_gas,index,105.6,
iip,2022-23,2025-10-31,iip:electricity_gas/gas_supply,growth_published,-8.1,
iip,2022-23,2025-10-31,iip:electricity_gas/gas_supply,index,123.2,
iip,2022-23,2025-10-31,iip:electricity_gas/non_renewable_electricity,growth_published,-13.8,
iip,2022-23,2025-10-31,iip:electricity_gas/non_renewable_electricity,index,98.2,
iip,2022-23,2025-10-31,iip:electricity_gas/renewable_electricity,growth_published,17.8,
iip,2022-23,2025-10-31,iip:electricity_gas/renewable_electricity,index,125.2,
iip,2022-23,2025-10-31,iip:general,growth_published,-0.9,
iip,2022-23,2025-10-31,iip:general,index,111.6,
iip,2022-23,2025-10-31,iip:manufacturing,growth_published,-0.7,
iip,2022-23,2025-10-31,iip:manufacturing,index,112.5,
iip,2022-23,2025-10-31,iip:mining,growth_published,2.8,
iip,2022-23,2025-10-31,iip:mining,index,105.9,
iip,2022-23,2025-10-31,iip:mining/fuel_minerals,growth_published,-4.7,
iip,2022-23,2025-10-31,iip:mining/fuel_minerals,index,99.9,
iip,2022-23,2025-10-31,iip:mining/metallic_minerals_incl_rare_earth_minerals,growth_published,8.9,
iip,2022-23,2025-10-31,iip:mining/metallic_minerals_incl_rare_earth_minerals,index,112.5,
iip,2022-23,2025-10-31,iip:mining/non_metallic_minerals_incl_minor_minerals,growth_published,12.4,
iip,2022-23,2025-10-31,iip:mining/non_metallic_minerals_incl_minor_minerals,index,112.1,
iip,2022-23,2025-10-31,iip:use/capital_goods,growth_published,5.4,
iip,2022-23,2025-10-31,iip:use/capital_goods,index,116.8,
iip,2022-23,2025-10-31,iip:use/consumer_durables,growth_published,-6.0,
iip,2022-23,2025-10-31,iip:use/consumer_durables,index,114.7,
iip,2022-23,2025-10-31,iip:use/consumer_non_durables,growth_published,-9.4,
iip,2022-23,2025-10-31,iip:use/consumer_non_durables,index,101.8,
iip,2022-23,2025-10-31,iip:use/infrastructure_construction_goods,growth_published,5.1,
iip,2022-23,2025-10-31,iip:use/infrastructure_construction_goods,index,122.3,
iip,2022-23,2025-10-31,iip:use/intermediate_goods,growth_published,1.2,
iip,2022-23,2025-10-31,iip:use/intermediate_goods,index,112.9,
iip,2022-23,2025-10-31,iip:use/primary_goods,growth_published,0.4,
iip,2022-23,2025-10-31,iip:use/primary_goods,index,109.4,
iip,2022-23,2025-10-31,iip:water_waste,growth_published,6.0,
iip,2022-23,2025-10-31,iip:water_waste,index,141.2,
iip,2022-23,2025-10-31,iip:water_waste/sewerage_waste_management,growth_published,6.1,
iip,2022-23,2025-10-31,iip:water_waste/sewerage_waste_management,index,128.6,
iip,2022-23,2025-10-31,iip:water_waste/water_supply,growth_published,6.0,
iip,2022-23,2025-10-31,iip:water_waste/water_supply,index,152.7,
iip,2022-23,2025-10-31,nic:10,growth_published,-6.8,
iip,2022-23,2025-10-31,nic:10,index,98.5,
iip,2022-23,2025-10-31,nic:11,growth_published,-9.8,
iip,2022-23,2025-10-31,nic:11,index,93.3,
iip,2022-23,2025-10-31,nic:12,growth_published,-7.4,
iip,2022-23,2025-10-31,nic:12,index,105.3,
iip,2022-23,2025-10-31,nic:13,growth_published,-4.4,
iip,2022-23,2025-10-31,nic:13,index,114.2,
iip,2022-23,2025-10-31,nic:14,growth_published,-5.4,
iip,2022-23,2025-10-31,nic:14,index,87.2,
iip,2022-23,2025-10-31,nic:15,growth_published,-8.6,
iip,2022-23,2025-10-31,nic:15,index,90.7,
iip,2022-23,2025-10-31,nic:16,growth_published,3.6,
iip,2022-23,2025-10-31,nic:16,index,101.6,
iip,2022-23,2025-10-31,nic:17,growth_published,1.5,
iip,2022-23,2025-10-31,nic:17,index,105.2,
iip,2022-23,2025-10-31,nic:18,growth_published,-1.3,
iip,2022-23,2025-10-31,nic:18,index,92.6,
iip,2022-23,2025-10-31,nic:19,growth_published,5.8,
iip,2022-23,2025-10-31,nic:19,index,111.1,
iip,2022-23,2025-10-31,nic:20,growth_published,-2.7,
iip,2022-23,2025-10-31,nic:20,index,104.9,
iip,2022-23,2025-10-31,nic:21,growth_published,-13.1,
iip,2022-23,2025-10-31,nic:21,index,106.4,
iip,2022-23,2025-10-31,nic:22,growth_published,-5.0,
iip,2022-23,2025-10-31,nic:22,index,98.3,
iip,2022-23,2025-10-31,nic:23,growth_published,2.3,
iip,2022-23,2025-10-31,nic:23,index,109.0,
iip,2022-23,2025-10-31,nic:24,growth_published,7.6,
iip,2022-23,2025-10-31,nic:24,index,129.3,
iip,2022-23,2025-10-31,nic:25,growth_published,3.0,
iip,2022-23,2025-10-31,nic:25,index,115.2,
iip,2022-23,2025-10-31,nic:26,growth_published,-9.4,
iip,2022-23,2025-10-31,nic:26,index,127.6,
iip,2022-23,2025-10-31,nic:27,growth_published,10.7,
iip,2022-23,2025-10-31,nic:27,index,125.2,
iip,2022-23,2025-10-31,nic:28,growth_published,1.3,
iip,2022-23,2025-10-31,nic:28,index,109.6,
iip,2022-23,2025-10-31,nic:29,growth_published,3.7,
iip,2022-23,2025-10-31,nic:29,index,122.4,
iip,2022-23,2025-10-31,nic:30,growth_published,-1.6,
iip,2022-23,2025-10-31,nic:30,index,144.7,
iip,2022-23,2025-10-31,nic:31,growth_published,-7.3,
iip,2022-23,2025-10-31,nic:31,index,117.3,
iip,2022-23,2025-10-31,nic:32,growth_published,-13.6,
iip,2022-23,2025-10-31,nic:32,index,111.8,
iip,2022-23,2025-11-30,iip:electricity,growth_published,-1.5,
iip,2022-23,2025-11-30,iip:electricity,index,97.9,
iip,2022-23,2025-11-30,iip:electricity_gas,growth_published,-1.6,
iip,2022-23,2025-11-30,iip:electricity_gas,index,98.7,
iip,2022-23,2025-11-30,iip:electricity_gas/gas_supply,growth_published,-2.1,
iip,2022-23,2025-11-30,iip:electricity_gas/gas_supply,index,110.6,
iip,2022-23,2025-11-30,iip:electricity_gas/non_renewable_electricity,growth_published,-6.7,
iip,2022-23,2025-11-30,iip:electricity_gas/non_renewable_electricity,index,97.5,
iip,2022-23,2025-11-30,iip:electricity_gas/renewable_electricity,growth_published,20.6,
iip,2022-23,2025-11-30,iip:electricity_gas/renewable_electricity,index,99.1,
iip,2022-23,2025-11-30,iip:general,growth_published,7.0,
iip,2022-23,2025-11-30,iip:general,index,114.6,
iip,2022-23,2025-11-30,iip:manufacturing,growth_published,8.8,
iip,2022-23,2025-11-30,iip:manufacturing,index,117.3,
iip,2022-23,2025-11-30,iip:mining,growth_published,3.3,
iip,2022-23,2025-11-30,iip:mining,index,106.9,
iip,2022-23,2025-11-30,iip:mining/fuel_minerals,growth_published,-1.0,
iip,2022-23,2025-11-30,iip:mining/fuel_minerals,index,104.9,
iip,2022-23,2025-11-30,iip:mining/metallic_minerals_incl_rare_earth_minerals,growth_published,18.7,
iip,2022-23,2025-11-30,iip:mining/metallic_minerals_incl_rare_earth_minerals,index,129.6,
iip,2022-23,2025-11-30,iip:mining/non_metallic_minerals_incl_minor_minerals,growth_published,0.9,
iip,2022-23,2025-11-30,iip:mining/non_metallic_minerals_incl_minor_minerals,index,96.8,
iip,2022-23,2025-11-30,iip:use/capital_goods,growth_published,16.6,
iip,2022-23,2025-11-30,iip:use/capital_goods,index,127.0,
iip,2022-23,2025-11-30,iip:use/consumer_durables,growth_published,13.0,
iip,2022-23,2025-11-30,iip:use/consumer_durables,index,118.7,
iip,2022-23,2025-11-30,iip:use/consumer_non_durables,growth_published,3.9,
iip,2022-23,2025-11-30,iip:use/consumer_non_durables,index,111.2,
iip,2022-23,2025-11-30,iip:use/infrastructure_construction_goods,growth_published,12.0,
iip,2022-23,2025-11-30,iip:use/infrastructure_construction_goods,index,124.8,
iip,2022-23,2025-11-30,iip:use/intermediate_goods,growth_published,8.2,
iip,2022-23,2025-11-30,iip:use/intermediate_goods,index,116.7,
iip,2022-23,2025-11-30,iip:use/primary_goods,growth_published,1.1,
iip,2022-23,2025-11-30,iip:use/primary_goods,index,106.4,
iip,2022-23,2025-11-30,iip:water_waste,growth_published,4.3,
iip,2022-23,2025-11-30,iip:water_waste,index,140.5,
iip,2022-23,2025-11-30,iip:water_waste/sewerage_waste_management,growth_published,3.5,
iip,2022-23,2025-11-30,iip:water_waste/sewerage_waste_management,index,126.8,
iip,2022-23,2025-11-30,iip:water_waste/water_supply,growth_published,4.9,
iip,2022-23,2025-11-30,iip:water_waste/water_supply,index,153.0,
iip,2022-23,2025-11-30,nic:10,growth_published,7.3,
iip,2022-23,2025-11-30,nic:10,index,115.7,
iip,2022-23,2025-11-30,nic:11,growth_published,-2.8,
iip,2022-23,2025-11-30,nic:11,index,83.4,
iip,2022-23,2025-11-30,nic:12,growth_published,11.7,
iip,2022-23,2025-11-30,nic:12,index,120.7,
iip,2022-23,2025-11-30,nic:13,growth_published,10.8,
iip,2022-23,2025-11-30,nic:13,index,122.0,
iip,2022-23,2025-11-30,nic:14,growth_published,0.0,
iip,2022-23,2025-11-30,nic:14,index,93.0,
iip,2022-23,2025-11-30,nic:15,growth_published,2.9,
iip,2022-23,2025-11-30,nic:15,index,99.5,
iip,2022-23,2025-11-30,nic:16,growth_published,15.5,
iip,2022-23,2025-11-30,nic:16,index,110.0,
iip,2022-23,2025-11-30,nic:17,growth_published,10.2,
iip,2022-23,2025-11-30,nic:17,index,109.2,
iip,2022-23,2025-11-30,nic:18,growth_published,5.9,
iip,2022-23,2025-11-30,nic:18,index,102.9,
iip,2022-23,2025-11-30,nic:19,growth_published,0.4,
iip,2022-23,2025-11-30,nic:19,index,107.4,
iip,2022-23,2025-11-30,nic:20,growth_published,4.5,
iip,2022-23,2025-11-30,nic:20,index,108.3,
iip,2022-23,2025-11-30,nic:21,growth_published,0.8,
iip,2022-23,2025-11-30,nic:21,index,115.2,
iip,2022-23,2025-11-30,nic:22,growth_published,5.7,
iip,2022-23,2025-11-30,nic:22,index,103.8,
iip,2022-23,2025-11-30,nic:23,growth_published,10.1,
iip,2022-23,2025-11-30,nic:23,index,111.9,
iip,2022-23,2025-11-30,nic:24,growth_published,10.6,
iip,2022-23,2025-11-30,nic:24,index,129.4,
iip,2022-23,2025-11-30,nic:25,growth_published,11.5,
iip,2022-23,2025-11-30,nic:25,index,124.9,
iip,2022-23,2025-11-30,nic:26,growth_published,7.2,
iip,2022-23,2025-11-30,nic:26,index,132.9,
iip,2022-23,2025-11-30,nic:27,growth_published,22.3,
iip,2022-23,2025-11-30,nic:27,index,130.6,
iip,2022-23,2025-11-30,nic:28,growth_published,10.4,
iip,2022-23,2025-11-30,nic:28,index,116.8,
iip,2022-23,2025-11-30,nic:29,growth_published,18.6,
iip,2022-23,2025-11-30,nic:29,index,128.7,
iip,2022-23,2025-11-30,nic:30,growth_published,15.2,
iip,2022-23,2025-11-30,nic:30,index,150.6,
iip,2022-23,2025-11-30,nic:31,growth_published,14.5,
iip,2022-23,2025-11-30,nic:31,index,115.2,
iip,2022-23,2025-11-30,nic:32,growth_published,26.1,
iip,2022-23,2025-11-30,nic:32,index,107.2,
iip,2022-23,2025-12-31,iip:electricity,growth_published,6.2,
iip,2022-23,2025-12-31,iip:electricity,index,110.6,
iip,2022-23,2025-12-31,iip:electricity_gas,growth_published,5.9,
iip,2022-23,2025-12-31,iip:electricity_gas,index,111.1,
iip,2022-23,2025-12-31,iip:electricity_gas/gas_supply,growth_published,1.5,
iip,2022-23,2025-12-31,iip:electricity_gas/gas_supply,index,118.9,
iip,2022-23,2025-12-31,iip:electricity_gas/non_renewable_electricity,growth_published,3.7,
iip,2022-23,2025-12-31,iip:electricity_gas/non_renewable_electricity,index,112.7,
iip,2022-23,2025-12-31,iip:electricity_gas/renewable_electricity,growth_published,16.6,
iip,2022-23,2025-12-31,iip:electricity_gas/renewable_electricity,index,103.5,
iip,2022-23,2025-12-31,iip:general,growth_published,6.7,
iip,2022-23,2025-12-31,iip:general,index,123.5,
iip,2022-23,2025-12-31,iip:manufacturing,growth_published,7.7,
iip,2022-23,2025-12-31,iip:manufacturing,index,125.6,
iip,2022-23,2025-12-31,iip:mining,growth_published,0.8,
iip,2022-23,2025-12-31,iip:mining,index,117.8,
iip,2022-23,2025-12-31,iip:mining/fuel_minerals,growth_published,-1.8,
iip,2022-23,2025-12-31,iip:mining/fuel_minerals,index,110.3,
iip,2022-23,2025-12-31,iip:mining/metallic_minerals_incl_rare_earth_minerals,growth_published,21.2,
iip,2022-23,2025-12-31,iip:mining/metallic_minerals_incl_rare_earth_minerals,index,142.4,
iip,2022-23,2025-12-31,iip:mining/non_metallic_minerals_incl_minor_minerals,growth_published,-6.9,
iip,2022-23,2025-12-31,iip:mining/non_metallic_minerals_incl_minor_minerals,index,115.7,
iip,2022-23,2025-12-31,iip:use/capital_goods,growth_published,12.9,
iip,2022-23,2025-12-31,iip:use/capital_goods,index,140.5,
iip,2022-23,2025-12-31,iip:use/consumer_durables,growth_published,7.4,
iip,2022-23,2025-12-31,iip:use/consumer_durables,index,117.4,
iip,2022-23,2025-12-31,iip:use/consumer_non_durables,growth_published,5.9,
iip,2022-23,2025-12-31,iip:use/consumer_non_durables,index,121.7,
iip,2022-23,2025-12-31,iip:use/infrastructure_construction_goods,growth_published,12.3,
iip,2022-23,2025-12-31,iip:use/infrastructure_construction_goods,index,136.3,
iip,2022-23,2025-12-31,iip:use/intermediate_goods,growth_published,7.7,
iip,2022-23,2025-12-31,iip:use/intermediate_goods,index,125.2,
iip,2022-23,2025-12-31,iip:use/primary_goods,growth_published,2.4,
iip,2022-23,2025-12-31,iip:use/primary_goods,index,116.5,
iip,2022-23,2025-12-31,iip:water_waste,growth_published,4.4,
iip,2022-23,2025-12-31,iip:water_waste,index,141.3,
iip,2022-23,2025-12-31,iip:water_waste/sewerage_waste_management,growth_published,4.0,
iip,2022-23,2025-12-31,iip:water_waste/sewerage_waste_management,index,127.9,
iip,2022-23,2025-12-31,iip:water_waste/water_supply,growth_published,4.6,
iip,2022-23,2025-12-31,iip:water_waste/water_supply,index,153.4,
iip,2022-23,2025-12-31,nic:10,growth_published,10.4,
iip,2022-23,2025-12-31,nic:10,index,126.2,
iip,2022-23,2025-12-31,nic:11,growth_published,-2.8,
iip,2022-23,2025-12-31,nic:11,index,71.8,
iip,2022-23,2025-12-31,nic:12,growth_published,19.3,
iip,2022-23,2025-12-31,nic:12,index,141.2,
iip,2022-23,2025-12-31,nic:13,growth_published,4.0,
iip,2022-23,2025-12-31,nic:13,index,128.7,
iip,2022-23,2025-12-31,nic:14,growth_published,1.9,
iip,2022-23,2025-12-31,nic:14,index,109.3,
iip,2022-23,2025-12-31,nic:15,growth_published,2.2,
iip,2022-23,2025-12-31,nic:15,index,108.3,
iip,2022-23,2025-12-31,nic:16,growth_published,10.0,
iip,2022-23,2025-12-31,nic:16,index,126.5,
iip,2022-23,2025-12-31,nic:17,growth_published,11.7,
iip,2022-23,2025-12-31,nic:17,index,114.2,
iip,2022-23,2025-12-31,nic:18,growth_published,0.9,
iip,2022-23,2025-12-31,nic:18,index,109.7,
iip,2022-23,2025-12-31,nic:19,growth_published,-0.4,
iip,2022-23,2025-12-31,nic:19,index,115.8,
iip,2022-23,2025-12-31,nic:20,growth_published,1.4,
iip,2022-23,2025-12-31,nic:20,index,113.4,
iip,2022-23,2025-12-31,nic:21,growth_published,4.1,
iip,2022-23,2025-12-31,nic:21,index,133.1,
iip,2022-23,2025-12-31,nic:22,growth_published,1.1,
iip,2022-23,2025-12-31,nic:22,index,108.1,
iip,2022-23,2025-12-31,nic:23,growth_published,10.9,
iip,2022-23,2025-12-31,nic:23,index,128.2,
iip,2022-23,2025-12-31,nic:24,growth_published,11.8,
iip,2022-23,2025-12-31,nic:24,index,139.3,
iip,2022-23,2025-12-31,nic:25,growth_published,12.1,
iip,2022-23,2025-12-31,nic:25,index,137.8,
iip,2022-23,2025-12-31,nic:26,growth_published,7.6,
iip,2022-23,2025-12-31,nic:26,index,139.1,
iip,2022-23,2025-12-31,nic:27,growth_published,25.9,
iip,2022-23,2025-12-31,nic:27,index,149.9,
iip,2022-23,2025-12-31,nic:28,growth_published,5.2,
iip,2022-23,2025-12-31,nic:28,index,129.3,
iip,2022-23,2025-12-31,nic:29,growth_published,13.3,
iip,2022-23,2025-12-31,nic:29,index,125.1,
iip,2022-23,2025-12-31,nic:30,growth_published,25.3,
iip,2022-23,2025-12-31,nic:30,index,141.6,
iip,2022-23,2025-12-31,nic:31,growth_published,13.0,
iip,2022-23,2025-12-31,nic:31,index,125.0,
iip,2022-23,2025-12-31,nic:32,growth_published,-1.8,
iip,2022-23,2025-12-31,nic:32,index,105.7,
iip,2022-23,2026-01-31,iip:electricity,growth_published,5.1,
iip,2022-23,2026-01-31,iip:electricity,index,114.5,
iip,2022-23,2026-01-31,iip:electricity_gas,growth_published,5.6,
iip,2022-23,2026-01-31,iip:electricity_gas,index,115.0,
iip,2022-23,2026-01-31,iip:electricity_gas/gas_supply,growth_published,11.3,
iip,2022-23,2026-01-31,iip:electricity_gas/gas_supply,index,121.6,
iip,2022-23,2026-01-31,iip:electricity_gas/non_renewable_electricity,growth_published,1.9,
iip,2022-23,2026-01-31,iip:electricity_gas/non_renewable_electricity,index,116.1,
iip,2022-23,2026-01-31,iip:electricity_gas/renewable_electricity,growth_published,18.4,
iip,2022-23,2026-01-31,iip:electricity_gas/renewable_electricity,index,109.3,
iip,2022-23,2026-01-31,iip:general,growth_published,4.1,
iip,2022-23,2026-01-31,iip:general,index,123.0,
iip,2022-23,2026-01-31,iip:manufacturing,growth_published,4.6,
iip,2022-23,2026-01-31,iip:manufacturing,index,124.0,
iip,2022-23,2026-01-31,iip:mining,growth_published,-0.5,
iip,2022-23,2026-01-31,iip:mining,index,120.6,
iip,2022-23,2026-01-31,iip:mining/fuel_minerals,growth_published,-1.9,
iip,2022-23,2026-01-31,iip:mining/fuel_minerals,index,113.1,
iip,2022-23,2026-01-31,iip:mining/metallic_minerals_incl_rare_earth_minerals,growth_published,14.6,
iip,2022-23,2026-01-31,iip:mining/metallic_minerals_incl_rare_earth_minerals,index,142.3,
iip,2022-23,2026-01-31,iip:mining/non_metallic_minerals_incl_minor_minerals,growth_published,-6.9,
iip,2022-23,2026-01-31,iip:mining/non_metallic_minerals_incl_minor_minerals,index,120.4,
iip,2022-23,2026-01-31,iip:use/capital_goods,growth_published,12.4,
iip,2022-23,2026-01-31,iip:use/capital_goods,index,133.3,
iip,2022-23,2026-01-31,iip:use/consumer_durables,growth_published,-0.2,
iip,2022-23,2026-01-31,iip:use/consumer_durables,index,120.6,
iip,2022-23,2026-01-31,iip:use/consumer_non_durables,growth_published,-1.2,
iip,2022-23,2026-01-31,iip:use/consumer_non_durables,index,114.4,
iip,2022-23,2026-01-31,iip:use/infrastructure_construction_goods,growth_published,12.9,
iip,2022-23,2026-01-31,iip:use/infrastructure_construction_goods,index,140.3,
iip,2022-23,2026-01-31,iip:use/intermediate_goods,growth_published,5.6,
iip,2022-23,2026-01-31,iip:use/intermediate_goods,index,124.3,
iip,2022-23,2026-01-31,iip:use/primary_goods,growth_published,1.9,
iip,2022-23,2026-01-31,iip:use/primary_goods,index,118.7,
iip,2022-23,2026-01-31,iip:water_waste,growth_published,5.1,
iip,2022-23,2026-01-31,iip:water_waste,index,142.7,
iip,2022-23,2026-01-31,iip:water_waste/sewerage_waste_management,growth_published,5.4,
iip,2022-23,2026-01-31,iip:water_waste/sewerage_waste_management,index,129.8,
iip,2022-23,2026-01-31,iip:water_waste/water_supply,growth_published,4.9,
iip,2022-23,2026-01-31,iip:water_waste/water_supply,index,154.4,
iip,2022-23,2026-01-31,nic:10,growth_published,4.2,
iip,2022-23,2026-01-31,nic:10,index,117.9,
iip,2022-23,2026-01-31,nic:11,growth_published,-3.5,
iip,2022-23,2026-01-31,nic:11,index,110.3,
iip,2022-23,2026-01-31,nic:12,growth_published,15.1,
iip,2022-23,2026-01-31,nic:12,index,139.8,
iip,2022-23,2026-01-31,nic:13,growth_published,-0.2,
iip,2022-23,2026-01-31,nic:13,index,121.4,
iip,2022-23,2026-01-31,nic:14,growth_published,-8.3,
iip,2022-23,2026-01-31,nic:14,index,99.9,
iip,2022-23,2026-01-31,nic:15,growth_published,-5.6,
iip,2022-23,2026-01-31,nic:15,index,103.5,
iip,2022-23,2026-01-31,nic:16,growth_published,-1.6,
iip,2022-23,2026-01-31,nic:16,index,119.8,
iip,2022-23,2026-01-31,nic:17,growth_published,7.1,
iip,2022-23,2026-01-31,nic:17,index,111.3,
iip,2022-23,2026-01-31,nic:18,growth_published,-5.4,
iip,2022-23,2026-01-31,nic:18,index,105.9,
iip,2022-23,2026-01-31,nic:19,growth_published,-0.3,
iip,2022-23,2026-01-31,nic:19,index,114.3,
iip,2022-23,2026-01-31,nic:20,growth_published,-0.5,
iip,2022-23,2026-01-31,nic:20,index,111.7,
iip,2022-23,2026-01-31,nic:21,growth_published,-6.8,
iip,2022-23,2026-01-31,nic:21,index,114.6,
iip,2022-23,2026-01-31,nic:22,growth_published,1.0,
iip,2022-23,2026-01-31,nic:22,index,108.5,
iip,2022-23,2026-01-31,nic:23,growth_published,7.8,
iip,2022-23,2026-01-31,nic:23,index,126.9,
iip,2022-23,2026-01-31,nic:24,growth_published,13.0,
iip,2022-23,2026-01-31,nic:24,index,143.3,
iip,2022-23,2026-01-31,nic:25,growth_published,13.5,
iip,2022-23,2026-01-31,nic:25,index,137.7,
iip,2022-23,2026-01-31,nic:26,growth_published,0.4,
iip,2022-23,2026-01-31,nic:26,index,140.0,
iip,2022-23,2026-01-31,nic:27,growth_published,15.6,
iip,2022-23,2026-01-31,nic:27,index,147.2,
iip,2022-23,2026-01-31,nic:28,growth_published,6.8,
iip,2022-23,2026-01-31,nic:28,index,121.6,
iip,2022-23,2026-01-31,nic:29,growth_published,11.6,
iip,2022-23,2026-01-31,nic:29,index,135.3,
iip,2022-23,2026-01-31,nic:30,growth_published,12.1,
iip,2022-23,2026-01-31,nic:30,index,149.2,
iip,2022-23,2026-01-31,nic:31,growth_published,7.4,
iip,2022-23,2026-01-31,nic:31,index,119.9,
iip,2022-23,2026-01-31,nic:32,growth_published,-5.5,
iip,2022-23,2026-01-31,nic:32,index,103.4,
iip,2022-23,2026-02-28,iip:electricity,growth_published,2.2,
iip,2022-23,2026-02-28,iip:electricity,index,107.1,
iip,2022-23,2026-02-28,iip:electricity_gas,growth_published,1.9,
iip,2022-23,2026-02-28,iip:electricity_gas,index,107.0,
iip,2022-23,2026-02-28,iip:electricity_gas/gas_supply,growth_published,-2.6,
iip,2022-23,2026-02-28,iip:electricity_gas/gas_supply,index,105.7,
iip,2022-23,2026-02-28,iip:electricity_gas/non_renewable_electricity,growth_published,-2.2,
iip,2022-23,2026-02-28,iip:electricity_gas/non_renewable_electricity,index,107.4,
iip,2022-23,2026-02-28,iip:electricity_gas/renewable_electricity,growth_published,21.0,
iip,2022-23,2026-02-28,iip:electricity_gas/renewable_electricity,index,106.2,
iip,2022-23,2026-02-28,iip:general,growth_published,4.4,
iip,2022-23,2026-02-28,iip:general,index,117.9,
iip,2022-23,2026-02-28,iip:manufacturing,growth_published,5.7,
iip,2022-23,2026-02-28,iip:manufacturing,index,119.2,
iip,2022-23,2026-02-28,iip:mining,growth_published,-2.4,
iip,2022-23,2026-02-28,iip:mining,index,114.7,
iip,2022-23,2026-02-28,iip:mining/fuel_minerals,growth_published,-2.0,
iip,2022-23,2026-02-28,iip:mining/fuel_minerals,index,103.4,
iip,2022-23,2026-02-28,iip:mining/metallic_minerals_incl_rare_earth_minerals,growth_published,10.2,
iip,2022-23,2026-02-28,iip:mining/metallic_minerals_incl_rare_earth_minerals,index,134.3,
iip,2022-23,2026-02-28,iip:mining/non_metallic_minerals_incl_minor_minerals,growth_published,-9.6,
iip,2022-23,2026-02-28,iip:mining/non_metallic_minerals_incl_minor_minerals,index,122.0,
iip,2022-23,2026-02-28,iip:use/capital_goods,growth_published,16.5,
iip,2022-23,2026-02-28,iip:use/capital_goods,index,143.4,
iip,2022-23,2026-02-28,iip:use/consumer_durables,growth_published,4.2,
iip,2022-23,2026-02-28,iip:use/consumer_durables,index,118.2,
iip,2022-23,2026-02-28,iip:use/consumer_non_durables,growth_published,1.6,
iip,2022-23,2026-02-28,iip:use/consumer_non_durables,index,110.7,
iip,2022-23,2026-02-28,iip:use/infrastructure_construction_goods,growth_published,10.1,
iip,2022-23,2026-02-28,iip:use/infrastructure_construction_goods,index,131.8,
iip,2022-23,2026-02-28,iip:use/intermediate_goods,growth_published,4.7,
iip,2022-23,2026-02-28,iip:use/intermediate_goods,index,116.1,
iip,2022-23,2026-02-28,iip:use/primary_goods,growth_published,0.0,
iip,2022-23,2026-02-28,iip:use/primary_goods,index,111.3,
iip,2022-23,2026-02-28,iip:water_waste,growth_published,5.6,
iip,2022-23,2026-02-28,iip:water_waste,index,143.4,
iip,2022-23,2026-02-28,iip:water_waste/sewerage_waste_management,growth_published,6.8,
iip,2022-23,2026-02-28,iip:water_waste/sewerage_waste_management,index,130.9,
iip,2022-23,2026-02-28,iip:water_waste/water_supply,growth_published,4.7,
iip,2022-23,2026-02-28,iip:water_waste/water_supply,index,154.7,
iip,2022-23,2026-02-28,nic:10,growth_published,2.7,
iip,2022-23,2026-02-28,nic:10,index,107.9,
iip,2022-23,2026-02-28,nic:11,growth_published,-6.3,
iip,2022-23,2026-02-28,nic:11,index,124.5,
iip,2022-23,2026-02-28,nic:12,growth_published,-16.7,
iip,2022-23,2026-02-28,nic:12,index,78.4,
iip,2022-23,2026-02-28,nic:13,growth_published,-21.2,
iip,2022-23,2026-02-28,nic:13,index,92.0,
iip,2022-23,2026-02-28,nic:14,growth_published,-11.0,
iip,2022-23,2026-02-28,nic:14,index,96.6,
iip,2022-23,2026-02-28,nic:15,growth_published,3.7,
iip,2022-23,2026-02-28,nic:15,index,100.0,
iip,2022-23,2026-02-28,nic:16,growth_published,9.2,
iip,2022-23,2026-02-28,nic:16,index,109.5,
iip,2022-23,2026-02-28,nic:17,growth_published,13.1,
iip,2022-23,2026-02-28,nic:17,index,112.0,
iip,2022-23,2026-02-28,nic:18,growth_published,0.0,
iip,2022-23,2026-02-28,nic:18,index,107.0,
iip,2022-23,2026-02-28,nic:19,growth_published,-0.8,
iip,2022-23,2026-02-28,nic:19,index,103.1,
iip,2022-23,2026-02-28,nic:20,growth_published,6.1,
iip,2022-23,2026-02-28,nic:20,index,109.9,
iip,2022-23,2026-02-28,nic:21,growth_published,4.1,
iip,2022-23,2026-02-28,nic:21,index,118.2,
iip,2022-23,2026-02-28,nic:22,growth_published,1.2,
iip,2022-23,2026-02-28,nic:22,index,105.4,
iip,2022-23,2026-02-28,nic:23,growth_published,7.8,
iip,2022-23,2026-02-28,nic:23,index,122.1,
iip,2022-23,2026-02-28,nic:24,growth_published,9.5,
iip,2022-23,2026-02-28,nic:24,index,130.3,
iip,2022-23,2026-02-28,nic:25,growth_published,12.2,
iip,2022-23,2026-02-28,nic:25,index,135.8,
iip,2022-23,2026-02-28,nic:26,growth_published,4.4,
iip,2022-23,2026-02-28,nic:26,index,140.7,
iip,2022-23,2026-02-28,nic:27,growth_published,17.6,
iip,2022-23,2026-02-28,nic:27,index,153.7,
iip,2022-23,2026-02-28,nic:28,growth_published,13.1,
iip,2022-23,2026-02-28,nic:28,index,130.2,
iip,2022-23,2026-02-28,nic:29,growth_published,14.6,
iip,2022-23,2026-02-28,nic:29,index,135.8,
iip,2022-23,2026-02-28,nic:30,growth_published,18.4,
iip,2022-23,2026-02-28,nic:30,index,147.4,
iip,2022-23,2026-02-28,nic:31,growth_published,12.2,
iip,2022-23,2026-02-28,nic:31,index,121.2,
iip,2022-23,2026-02-28,nic:32,growth_published,3.7,
iip,2022-23,2026-02-28,nic:32,index,103.1,
iip,2022-23,2026-03-31,iip:electricity,growth_published,0.8,
iip,2022-23,2026-03-31,iip:electricity,index,119.5,
iip,2022-23,2026-03-31,iip:electricity_gas,growth_published,1.2,
iip,2022-23,2026-03-31,iip:electricity_gas,index,119.2,
iip,2022-23,2026-03-31,iip:electricity_gas/gas_supply,growth_published,7.1,
iip,2022-23,2026-03-31,iip:electricity_gas/gas_supply,index,114.6,
iip,2022-23,2026-03-31,iip:electricity_gas/non_renewable_electricity,growth_published,-1.7,
iip,2022-23,2026-03-31,iip:electricity_gas/non_renewable_electricity,index,120.0,
iip,2022-23,2026-03-31,iip:electricity_gas/renewable_electricity,growth_published,10.6,
iip,2022-23,2026-03-31,iip:electricity_gas/renewable_electricity,index,117.7,
iip,2022-23,2026-03-31,iip:general,growth_published,3.0,
iip,2022-23,2026-03-31,iip:general,index,129.7,
iip,2022-23,2026-03-31,iip:manufacturing,growth_published,4.0,
iip,2022-23,2026-03-31,iip:manufacturing,index,131.4,
iip,2022-23,2026-03-31,iip:mining,growth_published,-2.6,
iip,2022-23,2026-03-31,iip:mining,index,125.4,
iip,2022-23,2026-03-31,iip:mining/fuel_minerals,growth_published,-2.7,
iip,2022-23,2026-03-31,iip:mining/fuel_minerals,index,115.8,
iip,2022-23,2026-03-31,iip:mining/metallic_minerals_incl_rare_earth_minerals,growth_published,28.5,
iip,2022-23,2026-03-31,iip:mining/metallic_minerals_incl_rare_earth_minerals,index,156.6,
iip,2022-23,2026-03-31,iip:mining/non_metallic_minerals_incl_minor_minerals,growth_published,-17.1,
iip,2022-23,2026-03-31,iip:mining/non_metallic_minerals_incl_minor_minerals,index,123.2,
iip,2022-23,2026-03-31,iip:use/capital_goods,growth_published,8.5,
iip,2022-23,2026-03-31,iip:use/capital_goods,index,176.4,
iip,2022-23,2026-03-31,iip:use/consumer_durables,growth_published,2.4,
iip,2022-23,2026-03-31,iip:use/consumer_durables,index,123.1,
iip,2022-23,2026-03-31,iip:use/consumer_non_durables,growth_published,-0.6,
iip,2022-23,2026-03-31,iip:use/consumer_non_durables,index,119.3,
iip,2022-23,2026-03-31,iip:use/infrastructure_construction_goods,growth_published,5.2,
iip,2022-23,2026-03-31,iip:use/infrastructure_construction_goods,index,140.4,
iip,2022-23,2026-03-31,iip:use/intermediate_goods,growth_published,6.0,
iip,2022-23,2026-03-31,iip:use/intermediate_goods,index,128.6,
iip,2022-23,2026-03-31,iip:use/primary_goods,growth_published,0.2,
iip,2022-23,2026-03-31,iip:use/primary_goods,index,122.6,
iip,2022-23,2026-03-31,iip:water_waste,growth_published,6.4,
iip,2022-23,2026-03-31,iip:water_waste,index,146.3,
iip,2022-23,2026-03-31,iip:water_waste/sewerage_waste_management,growth_published,9.0,
iip,2022-23,2026-03-31,iip:water_waste/sewerage_waste_management,index,136.2,
iip,2022-23,2026-03-31,iip:water_waste/water_supply,growth_published,4.5,
iip,2022-23,2026-03-31,iip:water_waste/water_supply,index,155.5,
iip,2022-23,2026-03-31,nic:10,growth_published,1.3,
iip,2022-23,2026-03-31,nic:10,index,103.5,
iip,2022-23,2026-03-31,nic:11,growth_published,-6.3,
iip,2022-23,2026-03-31,nic:11,index,153.9,
iip,2022-23,2026-03-31,nic:12,growth_published,-15.3,
iip,2022-23,2026-03-31,nic:12,index,106.2,
iip,2022-23,2026-03-31,nic:13,growth_published,10.6,
iip,2022-23,2026-03-31,nic:13,index,136.6,
iip,2022-23,2026-03-31,nic:14,growth_published,-9.0,
iip,2022-23,2026-03-31,nic:14,index,101.2,
iip,2022-23,2026-03-31,nic:15,growth_published,-4.4,
iip,2022-23,2026-03-31,nic:15,index,96.4,
iip,2022-23,2026-03-31,nic:16,growth_published,-10.6,
iip,2022-23,2026-03-31,nic:16,index,108.5,
iip,2022-23,2026-03-31,nic:17,growth_published,12.0,
iip,2022-23,2026-03-31,nic:17,index,118.9,
iip,2022-23,2026-03-31,nic:18,growth_published,2.9,
iip,2022-23,2026-03-31,nic:18,index,115.1,
iip,2022-23,2026-03-31,nic:19,growth_published,0.4,
iip,2022-23,2026-03-31,nic:19,index,115.3,
iip,2022-23,2026-03-31,nic:20,growth_published,0.1,
iip,2022-23,2026-03-31,nic:20,index,112.2,
iip,2022-23,2026-03-31,nic:21,growth_published,-1.1,
iip,2022-23,2026-03-31,nic:21,index,132.0,
iip,2022-23,2026-03-31,nic:22,growth_published,-1.1,
iip,2022-23,2026-03-31,nic:22,index,109.5,
iip,2022-23,2026-03-31,nic:23,growth_published,2.0,
iip,2022-23,2026-03-31,nic:23,index,130.0,
iip,2022-23,2026-03-31,nic:24,growth_published,7.0,
iip,2022-23,2026-03-31,nic:24,index,141.5,
iip,2022-23,2026-03-31,nic:25,growth_published,5.6,
iip,2022-23,2026-03-31,nic:25,index,153.4,
iip,2022-23,2026-03-31,nic:26,growth_published,0.9,
iip,2022-23,2026-03-31,nic:26,index,151.2,
iip,2022-23,2026-03-31,nic:27,growth_published,14.5,
iip,2022-23,2026-03-31,nic:27,index,175.0,
iip,2022-23,2026-03-31,nic:28,growth_published,2.3,
iip,2022-23,2026-03-31,nic:28,index,167.2,
iip,2022-23,2026-03-31,nic:29,growth_published,18.0,
iip,2022-23,2026-03-31,nic:29,index,143.9,
iip,2022-23,2026-03-31,nic:30,growth_published,13.3,
iip,2022-23,2026-03-31,nic:30,index,153.1,
iip,2022-23,2026-03-31,nic:31,growth_published,12.1,
iip,2022-23,2026-03-31,nic:31,index,131.1,
iip,2022-23,2026-03-31,nic:32,growth_published,-7.9,
iip,2022-23,2026-03-31,nic:32,index,110.3,
iip,2022-23,2026-04-30,iip:electricity,growth_published,5.5,
iip,2022-23,2026-04-30,iip:electricity,index,122.9,
iip,2022-23,2026-04-30,iip:electricity_gas,growth_published,4.6,
iip,2022-23,2026-04-30,iip:electricity_gas,index,121.7,
iip,2022-23,2026-04-30,iip:electricity_gas/gas_supply,growth_published,-7.7,
iip,2022-23,2026-04-30,iip:electricity_gas/gas_supply,index,104.3,
iip,2022-23,2026-04-30,iip:electricity_gas/non_renewable_electricity,growth_published,1.7,
iip,2022-23,2026-04-30,iip:electricity_gas/non_renewable_electricity,index,120.9,
iip,2022-23,2026-04-30,iip:electricity_gas/renewable_electricity,growth_published,19.6,
iip,2022-23,2026-04-30,iip:electricity_gas/renewable_electricity,index,129.7,
iip,2022-23,2026-04-30,iip:general,growth_published,4.9,
iip,2022-23,2026-04-30,iip:general,index,118.2,
iip,2022-23,2026-04-30,iip:manufacturing,growth_published,6.1,
iip,2022-23,2026-04-30,iip:manufacturing,index,118.7,
iip,2022-23,2026-04-30,iip:mining,growth_published,-3.8,
iip,2022-23,2026-04-30,iip:mining,index,106.1,
iip,2022-23,2026-04-30,iip:mining/fuel_minerals,growth_published,-5.6,
iip,2022-23,2026-04-30,iip:mining/fuel_minerals,index,95.9,
iip,2022-23,2026-04-30,iip:mining/metallic_minerals_incl_rare_earth_minerals,growth_published,12.4,
iip,2022-23,2026-04-30,iip:mining/metallic_minerals_incl_rare_earth_minerals,index,130.8,
iip,2022-23,2026-04-30,iip:mining/non_metallic_minerals_incl_minor_minerals,growth_published,-10.3,
iip,2022-23,2026-04-30,iip:mining/non_metallic_minerals_incl_minor_minerals,index,108.5,
iip,2022-23,2026-04-30,iip:use/capital_goods,growth_published,12.0,
iip,2022-23,2026-04-30,iip:use/capital_goods,index,124.8,
iip,2022-23,2026-04-30,iip:use/consumer_durables,growth_published,5.6,
iip,2022-23,2026-04-30,iip:use/consumer_durables,index,118.0,
iip,2022-23,2026-04-30,iip:use/consumer_non_durables,growth_published,0.2,
iip,2022-23,2026-04-30,iip:use/consumer_non_durables,index,109.4,
iip,2022-23,2026-04-30,iip:use/infrastructure_construction_goods,growth_published,6.0,
iip,2022-23,2026-04-30,iip:use/infrastructure_construction_goods,index,128.0,
iip,2022-23,2026-04-30,iip:use/intermediate_goods,growth_published,10.3,
iip,2022-23,2026-04-30,iip:use/intermediate_goods,index,123.7,
iip,2022-23,2026-04-30,iip:use/primary_goods,growth_published,0.8,
iip,2022-23,2026-04-30,iip:use/primary_goods,index,113.7,
iip,2022-23,2026-04-30,iip:water_waste,growth_published,6.6,
iip,2022-23,2026-04-30,iip:water_waste,index,146.1,
iip,2022-23,2026-04-30,iip:water_waste/sewerage_waste_management,growth_published,9.5,
iip,2022-23,2026-04-30,iip:water_waste/sewerage_waste_management,index,134.9,
iip,2022-23,2026-04-30,iip:water_waste/water_supply,growth_published,4.3,
iip,2022-23,2026-04-30,iip:water_waste/water_supply,index,156.2,
iip,2022-23,2026-04-30,nic:10,growth_published,5.5,
iip,2022-23,2026-04-30,nic:10,index,100.5,
iip,2022-23,2026-04-30,nic:11,growth_published,-5.6,
iip,2022-23,2026-04-30,nic:11,index,155.2,
iip,2022-23,2026-04-30,nic:12,growth_published,2.2,
iip,2022-23,2026-04-30,nic:12,index,113.8,
iip,2022-23,2026-04-30,nic:13,growth_published,16.2,
iip,2022-23,2026-04-30,nic:13,index,135.7,
iip,2022-23,2026-04-30,nic:14,growth_published,-6.9,
iip,2022-23,2026-04-30,nic:14,index,91.0,
iip,2022-23,2026-04-30,nic:15,growth_published,1.3,
iip,2022-23,2026-04-30,nic:15,index,99.8,
iip,2022-23,2026-04-30,nic:16,growth_published,-12.5,
iip,2022-23,2026-04-30,nic:16,index,84.3,
iip,2022-23,2026-04-30,nic:17,growth_published,13.9,
iip,2022-23,2026-04-30,nic:17,index,115.0,
iip,2022-23,2026-04-30,nic:18,growth_published,-4.1,
iip,2022-23,2026-04-30,nic:18,index,103.8,
iip,2022-23,2026-04-30,nic:19,growth_published,0.0,
iip,2022-23,2026-04-30,nic:19,index,104.6,
iip,2022-23,2026-04-30,nic:20,growth_published,0.1,
iip,2022-23,2026-04-30,nic:20,index,104.9,
iip,2022-23,2026-04-30,nic:21,growth_published,-3.7,
iip,2022-23,2026-04-30,nic:21,index,110.7,
iip,2022-23,2026-04-30,nic:22,growth_published,25.3,
iip,2022-23,2026-04-30,nic:22,index,125.8,
iip,2022-23,2026-04-30,nic:23,growth_published,3.3,
iip,2022-23,2026-04-30,nic:23,index,115.8,
iip,2022-23,2026-04-30,nic:24,growth_published,4.9,
iip,2022-23,2026-04-30,nic:24,index,128.9,
iip,2022-23,2026-04-30,nic:25,growth_published,11.2,
iip,2022-23,2026-04-30,nic:25,index,125.9,
iip,2022-23,2026-04-30,nic:26,growth_published,5.0,
iip,2022-23,2026-04-30,nic:26,index,137.9,
iip,2022-23,2026-04-30,nic:27,growth_published,21.7,
iip,2022-23,2026-04-30,nic:27,index,151.5,
iip,2022-23,2026-04-30,nic:28,growth_published,5.1,
iip,2022-23,2026-04-30,nic:28,index,109.9,
iip,2022-23,2026-04-30,nic:29,growth_published,12.4,
iip,2022-23,2026-04-30,nic:29,index,130.4,
iip,2022-23,2026-04-30,nic:30,growth_published,24.3,
iip,2022-23,2026-04-30,nic:30,index,153.4,
iip,2022-23,2026-04-30,nic:31,growth_published,-2.8,
iip,2022-23,2026-04-30,nic:31,index,109.8,
iip,2022-23,2026-04-30,nic:32,growth_published,-4.7,
iip,2022-23,2026-04-30,nic:32,index,112.1,
iip,2022-23,2026-05-31,iip:electricity,growth_published,11.1,
iip,2022-23,2026-05-31,iip:electricity,index,131.1,
iip,2022-23,2026-05-31,iip:electricity_gas,growth_published,10.3,
iip,2022-23,2026-05-31,iip:electricity_gas,index,130.1,
iip,2022-23,2026-05-31,iip:electricity_gas/gas_supply,growth_published,-0.9,
iip,2022-23,2026-05-31,iip:electricity_gas/gas_supply,index,115.2,
iip,2022-23,2026-05-31,iip:electricity_gas/non_renewable_electricity,growth_published,8.8,
iip,2022-23,2026-05-31,iip:electricity_gas/non_renewable_electricity,index,124.4,
iip,2022-23,2026-05-31,iip:electricity_gas/renewable_electricity,growth_published,18.0,
iip,2022-23,2026-05-31,iip:electricity_gas/renewable_electricity,index,153.8,
iip,2022-23,2026-05-31,iip:general,growth_published,5.0,
iip,2022-23,2026-05-31,iip:general,index,122.5,
iip,2022-23,2026-05-31,iip:manufacturing,growth_published,5.2,
iip,2022-23,2026-05-31,iip:manufacturing,index,122.2,
iip,2022-23,2026-05-31,iip:mining,growth_published,-1.4,
iip,2022-23,2026-05-31,iip:mining,index,113.1,
iip,2022-23,2026-05-31,iip:mining/fuel_minerals,growth_published,-6.1,
iip,2022-23,2026-05-31,iip:mining/fuel_minerals,index,99.2,
iip,2022-23,2026-05-31,iip:mining/metallic_minerals_incl_rare_earth_minerals,growth_published,18.3,
iip,2022-23,2026-05-31,iip:mining/metallic_minerals_incl_rare_earth_minerals,index,143.1,
iip,2022-23,2026-05-31,iip:mining/non_metallic_minerals_incl_minor_minerals,growth_published,-6.1,
iip,2022-23,2026-05-31,iip:mining/non_metallic_minerals_incl_minor_minerals,index,118.5,
iip,2022-23,2026-05-31,iip:use/capital_goods,growth_published,15.5,
iip,2022-23,2026-05-31,iip:use/capital_goods,index,138.4,
iip,2022-23,2026-05-31,iip:use/consumer_durables,growth_published,8.0,
iip,2022-23,2026-05-31,iip:use/consumer_durables,index,121.3,
iip,2022-23,2026-05-31,iip:use/consumer_non_durables,growth_published,-0.4,
iip,2022-23,2026-05-31,iip:use/consumer_non_durables,index,113.8,
iip,2022-23,2026-05-31,iip:use/infrastructure_construction_goods,growth_published,6.6,
iip,2022-23,2026-05-31,iip:use/infrastructure_construction_goods,index,131.7,
iip,2022-23,2026-05-31,iip:use/intermediate_goods,growth_published,5.8,
iip,2022-23,2026-05-31,iip:use/intermediate_goods,index,123.1,
iip,2022-23,2026-05-31,iip:use/primary_goods,growth_published,2.7,
iip,2022-23,2026-05-31,iip:use/primary_goods,index,119.8,
iip,2022-23,2026-05-31,iip:water_waste,growth_published,5.5,
iip,2022-23,2026-05-31,iip:water_waste,index,145.1,
iip,2022-23,2026-05-31,iip:water_waste/sewerage_waste_management,growth_published,6.9,
iip,2022-23,2026-05-31,iip:water_waste/sewerage_waste_management,index,132.4,
iip,2022-23,2026-05-31,iip:water_waste/water_supply,growth_published,4.3,
iip,2022-23,2026-05-31,iip:water_waste/water_supply,index,156.6,
iip,2022-23,2026-05-31,nic:10,growth_published,5.2,
iip,2022-23,2026-05-31,nic:10,index,103.3,
iip,2022-23,2026-05-31,nic:11,growth_published,5.6,
iip,2022-23,2026-05-31,nic:11,index,166.9,
iip,2022-23,2026-05-31,nic:12,growth_published,-6.6,
iip,2022-23,2026-05-31,nic:12,index,113.7,
iip,2022-23,2026-05-31,nic:13,growth_published,13.2,
iip,2022-23,2026-05-31,nic:13,index,136.8,
iip,2022-23,2026-05-31,nic:14,growth_published,-8.6,
iip,2022-23,2026-05-31,nic:14,index,94.7,
iip,2022-23,2026-05-31,nic:15,growth_published,-5.6,
iip,2022-23,2026-05-31,nic:15,index,102.1,
iip,2022-23,2026-05-31,nic:16,growth_published,-4.9,
iip,2022-23,2026-05-31,nic:16,index,94.7,
iip,2022-23,2026-05-31,nic:17,growth_published,11.4,
iip,2022-23,2026-05-31,nic:17,index,119.5,
iip,2022-23,2026-05-31,nic:18,growth_published,-8.3,
iip,2022-23,2026-05-31,nic:18,index,97.5,
iip,2022-23,2026-05-31,nic:19,growth_published,-4.8,
iip,2022-23,2026-05-31,nic:19,index,106.8,
iip,2022-23,2026-05-31,nic:20,growth_published,-1.5,
iip,2022-23,2026-05-31,nic:20,index,108.0,
iip,2022-23,2026-05-31,nic:21,growth_published,-6.1,
iip,2022-23,2026-05-31,nic:21,index,115.3,
iip,2022-23,2026-05-31,nic:22,growth_published,4.3,
iip,2022-23,2026-05-31,nic:22,index,111.4,
iip,2022-23,2026-05-31,nic:23,growth_published,5.8,
iip,2022-23,2026-05-31,nic:23,index,122.3,
iip,2022-23,2026-05-31,nic:24,growth_published,4.0,
iip,2022-23,2026-05-31,nic:24,index,131.8,
iip,2022-23,2026-05-31,nic:25,growth_published,14.0,
iip,2022-23,2026-05-31,nic:25,index,128.4,
iip,2022-23,2026-05-31,nic:26,growth_published,19.9,
iip,2022-23,2026-05-31,nic:26,index,160.0,
iip,2022-23,2026-05-31,nic:27,growth_published,21.7,
iip,2022-23,2026-05-31,nic:27,index,162.5,
iip,2022-23,2026-05-31,nic:28,growth_published,9.5,
iip,2022-23,2026-05-31,nic:28,index,125.9,
iip,2022-23,2026-05-31,nic:29,growth_published,15.3,
iip,2022-23,2026-05-31,nic:29,index,132.9,
iip,2022-23,2026-05-31,nic:30,growth_published,9.6,
iip,2022-23,2026-05-31,nic:30,index,146.8,
iip,2022-23,2026-05-31,nic:31,growth_published,5.8,
iip,2022-23,2026-05-31,nic:31,index,116.3,
iip,2022-23,2026-05-31,nic:32,growth_published,7.4,
iip,2022-23,2026-05-31,nic:32,index,100.7,
iip,2022-23,2026-06-30,iip:electricity,growth_published,11.4,
iip,2022-23,2026-06-30,iip:electricity,index,132.3,
iip,2022-23,2026-06-30,iip:electricity_gas,growth_published,11.3,
iip,2022-23,2026-06-30,iip:electricity_gas,index,131.8,
iip,2022-23,2026-06-30,iip:electricity_gas/gas_supply,growth_published,11.3,
iip,2022-23,2026-06-30,iip:electricity_gas/gas_supply,index,125.0,
iip,2022-23,2026-06-30,iip:electricity_gas/non_renewable_electricity,growth_published,13.0,
iip,2022-23,2026-06-30,iip:electricity_gas/non_renewable_electricity,index,122.7,
iip,2022-23,2026-06-30,iip:electricity_gas/renewable_electricity,growth_published,7.3,
iip,2022-23,2026-06-30,iip:electricity_gas/renewable_electricity,index,164.5,
iip,2022-23,2026-06-30,iip:general,growth_published,8.8,
iip,2022-23,2026-06-30,iip:general,index,124.8,
iip,2022-23,2026-06-30,iip:manufacturing,growth_published,9.5,
iip,2022-23,2026-06-30,iip:manufacturing,index,125.3,
iip,2022-23,2026-06-30,iip:mining,growth_published,1.6,
iip,2022-23,2026-06-30,iip:mining,index,110.6,
iip,2022-23,2026-06-30,iip:mining/fuel_minerals,growth_published,-1.8,
iip,2022-23,2026-06-30,iip:mining/fuel_minerals,index,98.4,
iip,2022-23,2026-06-30,iip:mining/metallic_minerals_incl_rare_earth_minerals,growth_published,39.4,
iip,2022-23,2026-06-30,iip:mining/metallic_minerals_incl_rare_earth_minerals,index,141.9,
iip,2022-23,2026-06-30,iip:mining/non_metallic_minerals_incl_minor_minerals,growth_published,-11.7,
iip,2022-23,2026-06-30,iip:mining/non_metallic_minerals_incl_minor_minerals,index,112.4,
iip,2022-23,2026-06-30,iip:use/capital_goods,growth_published,17.9,
iip,2022-23,2026-06-30,iip:use/capital_goods,index,145.0,
iip,2022-23,2026-06-30,iip:use/consumer_durables,growth_published,10.3,
iip,2022-23,2026-06-30,iip:use/consumer_durables,index,122.6,
iip,2022-23,2026-06-30,iip:use/consumer_non_durables,growth_published,5.6,
iip,2022-23,2026-06-30,iip:use/consumer_non_durables,index,116.2,
iip,2022-23,2026-06-30,iip:use/infrastructure_construction_goods,growth_published,8.8,
iip,2022-23,2026-06-30,iip:use/infrastructure_construction_goods,index,134.5,
iip,2022-23,2026-06-30,iip:use/intermediate_goods,growth_published,11.5,
iip,2022-23,2026-06-30,iip:use/intermediate_goods,index,126.7,
iip,2022-23,2026-06-30,iip:use/primary_goods,growth_published,5.4,
iip,2022-23,2026-06-30,iip:use/primary_goods,index,120.0,
iip,2022-23,2026-06-30,iip:water_waste,growth_published,6.1,
iip,2022-23,2026-06-30,iip:water_waste,index,145.7,
iip,2022-23,2026-06-30,iip:water_waste/sewerage_waste_management,growth_published,8.3,
iip,2022-23,2026-06-30,iip:water_waste/sewerage_waste_management,index,132.9,
iip,2022-23,2026-06-30,iip:water_waste/water_supply,growth_published,4.5,
iip,2022-23,2026-06-30,iip:water_waste/water_supply,index,157.4,
iip,2022-23,2026-06-30,nic:10,growth_published,10.3,
iip,2022-23,2026-06-30,nic:10,index,103.6,
iip,2022-23,2026-06-30,nic:11,growth_published,11.9,
iip,2022-23,2026-06-30,nic:11,index,152.7,
iip,2022-23,2026-06-30,nic:12,growth_published,3.5,
iip,2022-23,2026-06-30,nic:12,index,116.8,
iip,2022-23,2026-06-30,nic:13,growth_published,13.2,
iip,2022-23,2026-06-30,nic:13,index,135.8,
iip,2022-23,2026-06-30,nic:14,growth_published,-4.5,
iip,2022-23,2026-06-30,nic:14,index,98.1,
iip,2022-23,2026-06-30,nic:15,growth_published,7.9,
iip,2022-23,2026-06-30,nic:15,index,108.0,
iip,2022-23,2026-06-30,nic:16,growth_published,-3.8,
iip,2022-23,2026-06-30,nic:16,index,104.5,
iip,2022-23,2026-06-30,nic:17,growth_published,10.2,
iip,2022-23,2026-06-30,nic:17,index,115.8,
iip,2022-23,2026-06-30,nic:18,growth_published,3.9,
iip,2022-23,2026-06-30,nic:18,index,99.5,
iip,2022-23,2026-06-30,nic:19,growth_published,-0.4,
iip,2022-23,2026-06-30,nic:19,index,108.4,
iip,2022-23,2026-06-30,nic:20,growth_published,-1.0,
iip,2022-23,2026-06-30,nic:20,index,108.0,
iip,2022-23,2026-06-30,nic:21,growth_published,3.0,
iip,2022-23,2026-06-30,nic:21,index,123.7,
iip,2022-23,2026-06-30,nic:22,growth_published,20.5,
iip,2022-23,2026-06-30,nic:22,index,124.1,
iip,2022-23,2026-06-30,nic:23,growth_published,13.5,
iip,2022-23,2026-06-30,nic:23,index,130.6,
iip,2022-23,2026-06-30,nic:24,growth_published,3.8,
iip,2022-23,2026-06-30,nic:24,index,129.8,
iip,2022-23,2026-06-30,nic:25,growth_published,8.9,
iip,2022-23,2026-06-30,nic:25,index,135.1,
iip,2022-23,2026-06-30,nic:26,growth_published,12.1,
iip,2022-23,2026-06-30,nic:26,index,154.2,
iip,2022-23,2026-06-30,nic:27,growth_published,37.6,
iip,2022-23,2026-06-30,nic:27,index,179.4,
iip,2022-23,2026-06-30,nic:28,growth_published,12.3,
iip,2022-23,2026-06-30,nic:28,index,135.7,
iip,2022-23,2026-06-30,nic:29,growth_published,18.3,
iip,2022-23,2026-06-30,nic:29,index,128.4,
iip,2022-23,2026-06-30,nic:30,growth_published,25.2,
iip,2022-23,2026-06-30,nic:30,index,162.5,
iip,2022-23,2026-06-30,nic:31,growth_published,9.9,
iip,2022-23,2026-06-30,nic:31,index,123.8,
iip,2022-23,2026-06-30,nic:32,growth_published,11.1,
iip,2022-23,2026-06-30,nic:32,index,106.8,
iip,2022-23,2026-07-31,iip:electricity,growth_published,9.3,
iip,2022-23,2026-07-31,iip:electricity,index,134.8,
iip,2022-23,2026-07-31,iip:electricity_gas,growth_published,8.7,
iip,2022-23,2026-07-31,iip:electricity_gas,index,133.5,
iip,2022-23,2026-07-31,iip:electricity_gas/gas_supply,growth_published,-1.0,
iip,2022-23,2026-07-31,iip:electricity_gas/gas_supply,index,114.9,
iip,2022-23,2026-07-31,iip:electricity_gas/non_renewable_electricity,growth_published,12.5,
iip,2022-23,2026-07-31,iip:electricity_gas/non_renewable_electricity,index,119.6,
iip,2022-23,2026-07-31,iip:electricity_gas/renewable_electricity,growth_published,3.2,
iip,2022-23,2026-07-31,iip:electricity_gas/renewable_electricity,index,186.1,
iip,2022-23,2026-07-31,iip:general,growth_published,6.7,
iip,2022-23,2026-07-31,iip:general,index,124.8,
iip,2022-23,2026-07-31,iip:manufacturing,growth_published,7.3,
iip,2022-23,2026-07-31,iip:manufacturing,index,127.4,
iip,2022-23,2026-07-31,iip:mining,growth_published,-0.9,
iip,2022-23,2026-07-31,iip:mining,index,94.4,
iip,2022-23,2026-07-31,iip:mining/fuel_minerals,growth_published,-1.3,
iip,2022-23,2026-07-31,iip:mining/fuel_minerals,index,94.5,
iip,2022-23,2026-07-31,iip:mining/metallic_minerals_incl_rare_earth_minerals,growth_published,24.3,
iip,2022-23,2026-07-31,iip:mining/metallic_minerals_incl_rare_earth_minerals,index,102.3,
iip,2022-23,2026-07-31,iip:mining/non_metallic_minerals_incl_minor_minerals,growth_published,-12.5,
iip,2022-23,2026-07-31,iip:mining/non_metallic_minerals_incl_minor_minerals,index,89.6,
iip,2022-23,2026-07-31,iip:use/capital_goods,growth_published,16.1,
iip,2022-23,2026-07-31,iip:use/capital_goods,index,141.8,
iip,2022-23,2026-07-31,iip:use/consumer_durables,growth_published,10.5,
iip,2022-23,2026-07-31,iip:use/consumer_durables,index,129.9,
iip,2022-23,2026-07-31,iip:use/consumer_non_durables,growth_published,-1.0,
iip,2022-23,2026-07-31,iip:use/consumer_non_durables,index,113.7,
iip,2022-23,2026-07-31,iip:use/infrastructure_construction_goods,growth_published,6.9,
iip,2022-23,2026-07-31,iip:use/infrastructure_construction_goods,index,136.2,
iip,2022-23,2026-07-31,iip:use/intermediate_goods,growth_published,10.0,
iip,2022-23,2026-07-31,iip:use/intermediate_goods,index,130.9,
iip,2022-23,2026-07-31,iip:use/primary_goods,growth_published,4.1,
iip,2022-23,2026-07-31,iip:use/primary_goods,index,115.9,
iip,2022-23,2026-07-31,iip:water_waste,growth_published,7.4,
iip,2022-23,2026-07-31,iip:water_waste,index,148.4,
iip,2022-23,2026-07-31,iip:water_waste/sewerage_waste_management,growth_published,11.6,
iip,2022-23,2026-07-31,iip:water_waste/sewerage_waste_management,index,138.1,
iip,2022-23,2026-07-31,iip:water_waste/water_supply,growth_published,4.4,
iip,2022-23,2026-07-31,iip:water_waste/water_supply,index,157.8,
iip,2022-23,2026-07-31,nic:10,growth_published,2.6,
iip,2022-23,2026-07-31,nic:10,index,106.0,
iip,2022-23,2026-07-31,nic:11,growth_published,21.9,
iip,2022-23,2026-07-31,nic:11,index,127.5,
iip,2022-23,2026-07-31,nic:12,growth_published,-12.2,
iip,2022-23,2026-07-31,nic:12,index,107.7,
iip,2022-23,2026-07-31,nic:13,growth_published,3.9,
iip,2022-23,2026-07-31,nic:13,index,135.5,
iip,2022-23,2026-07-31,nic:14,growth_published,-0.6,
iip,2022-23,2026-07-31,nic:14,index,95.9,
iip,2022-23,2026-07-31,nic:15,growth_published,0.8,
iip,2022-23,2026-07-31,nic:15,index,113.2,
iip,2022-23,2026-07-31,nic:16,growth_published,7.7,
iip,2022-23,2026-07-31,nic:16,index,113.1,
iip,2022-23,2026-07-31,nic:17,growth_published,8.3,
iip,2022-23,2026-07-31,nic:17,index,118.5,
iip,2022-23,2026-07-31,nic:18,growth_published,5.4,
iip,2022-23,2026-07-31,nic:18,index,101.8,
iip,2022-23,2026-07-31,nic:19,growth_published,1.3,
iip,2022-23,2026-07-31,nic:19,index,113.1,
iip,2022-23,2026-07-31,nic:20,growth_published,-2.7,
iip,2022-23,2026-07-31,nic:20,index,109.8,
iip,2022-23,2026-07-31,nic:21,growth_published,-5.6,
iip,2022-23,2026-07-31,nic:21,index,119.0,
iip,2022-23,2026-07-31,nic:22,growth_published,18.6,
iip,2022-23,2026-07-31,nic:22,index,127.6,
iip,2022-23,2026-07-31,nic:23,growth_published,16.5,
iip,2022-23,2026-07-31,nic:23,index,131.7,
iip,2022-23,2026-07-31,nic:24,growth_published,1.7,
iip,2022-23,2026-07-31,nic:24,index,134.1,
iip,2022-23,2026-07-31,nic:25,growth_published,8.9,
iip,2022-23,2026-07-31,nic:25,index,137.7,
iip,2022-23,2026-07-31,nic:26,growth_published,11.1,
iip,2022-23,2026-07-31,nic:26,index,156.2,
iip,2022-23,2026-07-31,nic:27,growth_published,28.3,
iip,2022-23,2026-07-31,nic:27,index,168.1,
iip,2022-23,2026-07-31,nic:28,growth_published,12.1,
iip,2022-23,2026-07-31,nic:28,index,128.6,
iip,2022-23,2026-07-31,nic:29,growth_published,22.2,
iip,2022-23,2026-07-31,nic:29,index,146.4,
iip,2022-23,2026-07-31,nic:30,growth_published,22.0,
iip,2022-23,2026-07-31,nic:30,index,174.9,
iip,2022-23,2026-07-31,nic:31,growth_published,8.8,
iip,2022-23,2026-07-31,nic:31,index,125.4,
iip,2022-23,2026-07-31,nic:32,growth_published,3.9,
iip,2022-23,2026-07-31,nic:32,index,117.0,
nas,2022-23,2022-06-30,nas:agriculture,constant_price,1068722.0,
nas,2022-23,2022-06-30,nas:agriculture,current_price,1036924.0,
nas,2022-23,2022-06-30,nas:construction,constant_price,508404.0,
nas,2022-23,2022-06-30,nas:construction,current_price,518334.0,
nas,2022-23,2022-06-30,nas:financial_real_estate,constant_price,1423205.0,
nas,2022-23,2022-06-30,nas:financial_real_estate,current_price,1385777.0,
nas,2022-23,2022-06-30,nas:gdp,constant_price,6162846.0,
nas,2022-23,2022-06-30,nas:gdp,current_price,6068650.0,
nas,2022-23,2022-06-30,nas:gva,constant_price,5549823.0,
nas,2022-23,2022-06-30,nas:gva,current_price,5475365.0,
nas,2022-23,2022-06-30,nas:manufacturing,constant_price,747011.0,
nas,2022-23,2022-06-30,nas:manufacturing,current_price,749975.0,
nas,2022-23,2022-06-30,nas:mining,constant_price,125370.0,
nas,2022-23,2022-06-30,nas:mining,current_price,129026.0,
nas,2022-23,2022-06-30,nas:pfce,constant_price,3447869.0,
nas,2022-23,2022-06-30,nas:pfce,current_price,3412551.0,
nas,2022-23,2022-06-30,nas:public_admin_other,constant_price,756387.0,
nas,2022-23,2022-06-30,nas:public_admin_other,current_price,741783.0,
nas,2022-23,2022-06-30,nas:trade_transport,constant_price,767411.0,
nas,2022-23,2022-06-30,nas:trade_transport,current_price,771694.0,
nas,2022-23,2022-06-30,nas:utilities,constant_price,153313.0,
nas,2022-23,2022-06-30,nas:utilities,current_price,141853.0,
nas,2022-23,2022-09-30,nas:agriculture,constant_price,896706.0,
nas,2022-23,2022-09-30,nas:agriculture,current_price,885673.0,
nas,2022-23,2022-09-30,nas:construction,constant_price,497813.0,
nas,2022-23,2022-09-30,nas:construction,current_price,498143.0,
nas,2022-23,2022-09-30,nas:financial_real_estate,constant_price,1511657.0,
nas,2022-23,2022-09-30,nas:financial_real_estate,current_price,1504987.0,
nas,2022-23,2022-09-30,nas:gdp,constant_price,6045123.0,
nas,2022-23,2022-09-30,nas:gdp,current_price,6071215.0,
nas,2022-23,2022-09-30,nas:gva,constant_price,5492313.0,
nas,2022-23,2022-09-30,nas:gva,current_price,5484306.0,
nas,2022-23,2022-09-30,nas:manufacturing,constant_price,811187.0,
nas,2022-23,2022-09-30,nas:manufacturing,current_price,836805.0,
nas,2022-23,2022-09-30,nas:mining,constant_price,98944.0,
nas,2022-23,2022-09-30,nas:mining,current_price,98065.0,
nas,2022-23,2022-09-30,nas:pfce,constant_price,3425429.0,
nas,2022-23,2022-09-30,nas:pfce,current_price,3424146.0,
nas,2022-23,2022-09-30,nas:public_admin_other,constant_price,741656.0,
nas,2022-23,2022-09-30,nas:public_admin_other,current_price,738993.0,
nas,2022-23,2022-09-30,nas:trade_transport,constant_price,784979.0,
nas,2022-23,2022-09-30,nas:trade_transport,current_price,774602.0,
nas,2022-23,2022-09-30,nas:utilities,constant_price,149371.0,
nas,2022-23,2022-09-30,nas:utilities,current_price,147039.0,
nas,2022-23,2022-12-31,nas:agriculture,constant_price,1439433.0,
nas,2022-23,2022-12-31,nas:agriculture,current_price,1451967.0,
nas,2022-23,2022-12-31,nas:construction,constant_price,539873.0,
nas,2022-23,2022-12-31,nas:construction,current_price,533718.0,
nas,2022-23,2022-12-31,nas:financial_real_estate,constant_price,1522249.0,
nas,2022-23,2022-12-31,nas:financial_real_estate,current_price,1535727.0,
nas,2022-23,2022-12-31,nas:gdp,constant_price,6828276.0,
nas,2022-23,2022-12-31,nas:gdp,current_price,6856237.0,
nas,2022-23,2022-12-31,nas:gva,constant_price,6260234.0,
nas,2022-23,2022-12-31,nas:gva,current_price,6286139.0,
nas,2022-23,2022-12-31,nas:manufacturing,constant_price,851724.0,
nas,2022-23,2022-12-31,nas:manufacturing,current_price,846965.0,
nas,2022-23,2022-12-31,nas:mining,constant_price,131113.0,
nas,2022-23,2022-12-31,nas:mining,current_price,128796.0,
nas,2022-23,2022-12-31,nas:pfce,constant_price,4037218.0,
nas,2022-23,2022-12-31,nas:pfce,current_price,4043168.0,
nas,2022-23,2022-12-31,nas:public_admin_other,constant_price,794537.0,
nas,2022-23,2022-12-31,nas:public_admin_other,current_price,800268.0,
nas,2022-23,2022-12-31,nas:trade_transport,constant_price,842081.0,
nas,2022-23,2022-12-31,nas:trade_transport,current_price,842686.0,
nas,2022-23,2022-12-31,nas:utilities,constant_price,139225.0,
nas,2022-23,2022-12-31,nas:utilities,current_price,146011.0,
nas,2022-23,2023-03-31,nas:agriculture,constant_price,1339693.0,
nas,2022-23,2023-03-31,nas:agriculture,current_price,1369989.0,
nas,2022-23,2023-03-31,nas:construction,constant_price,566722.0,
nas,2022-23,2023-03-31,nas:construction,current_price,562616.0,
nas,2022-23,2023-03-31,nas:financial_real_estate,constant_price,1588066.0,
nas,2022-23,2023-03-31,nas:financial_real_estate,current_price,1618685.0,
nas,2022-23,2023-03-31,nas:gdp,constant_price,7140756.0,
nas,2022-23,2023-03-31,nas:gdp,current_price,7180899.0,
nas,2022-23,2023-03-31,nas:gva,constant_price,6520766.0,
nas,2022-23,2023-03-31,nas:gva,current_price,6577326.0,
nas,2022-23,2023-03-31,nas:manufacturing,constant_price,1072926.0,
nas,2022-23,2023-03-31,nas:manufacturing,current_price,1049103.0,
nas,2022-23,2023-03-31,nas:mining,constant_price,150590.0,
nas,2022-23,2023-03-31,nas:mining,current_price,150130.0,
nas,2022-23,2023-03-31,nas:pfce,constant_price,4028336.0,
nas,2022-23,2023-03-31,nas:pfce,current_price,4058987.0,
nas,2022-23,2023-03-31,nas:public_admin_other,constant_price,783712.0,
nas,2022-23,2023-03-31,nas:public_admin_other,current_price,795249.0,
nas,2022-23,2023-03-31,nas:trade_transport,constant_price,870010.0,
nas,2022-23,2023-03-31,nas:trade_transport,current_price,875499.0,
nas,2022-23,2023-03-31,nas:utilities,constant_price,149047.0,
nas,2022-23,2023-03-31,nas:utilities,current_price,156054.0,
nas,2022-23,2023-06-30,nas:agriculture,constant_price,1117285.0,
nas,2022-23,2023-06-30,nas:agriculture,current_price,1147370.0,
nas,2022-23,2023-06-30,nas:agriculture,growth_published_constant,4.5,
nas,2022-23,2023-06-30,nas:agriculture,growth_published_current,10.7,
nas,2022-23,2023-06-30,nas:construction,constant_price,553975.0,
nas,2022-23,2023-06-30,nas:construction,current_price,544025.0,
nas,2022-23,2023-06-30,nas:construction,growth_published_constant,9.0,
nas,2022-23,2023-06-30,nas:construction,growth_published_current,5.0,
nas,2022-23,2023-06-30,nas:financial_real_estate,constant_price,1524095.0,
nas,2022-23,2023-06-30,nas:financial_real_estate,current_price,1578441.0,
nas,2022-23,2023-06-30,nas:financial_real_estate,growth_published_constant,7.1,
nas,2022-23,2023-06-30,nas:financial_real_estate,growth_published_current,13.9,
nas,2022-23,2023-06-30,nas:gdp,constant_price,6568527.0,
nas,2022-23,2023-06-30,nas:gdp,current_price,6708153.0,
nas,2022-23,2023-06-30,nas:gdp,growth_published_constant,6.6,
nas,2022-23,2023-06-30,nas:gdp,growth_published_current,10.5,
nas,2022-23,2023-06-30,nas:gva,constant_price,5934914.0,
nas,2022-23,2023-06-30,nas:gva,current_price,6077706.0,
nas,2022-23,2023-06-30,nas:gva,growth_published_constant,6.9,
nas,2022-23,2023-06-30,nas:gva,growth_published_current,11.0,
nas,2022-23,2023-06-30,nas:manufacturing,constant_price,788770.0,
nas,2022-23,2023-06-30,nas:manufacturing,current_price,811027.0,
nas,2022-23,2023-06-30,nas:manufacturing,growth_published_constant,5.6,
nas,2022-23,2023-06-30,nas:manufacturing,growth_published_current,8.1,
nas,2022-23,2023-06-30,nas:mining,constant_price,122542.0,
nas,2022-23,2023-06-30,nas:mining,current_price,124057.0,
nas,2022-23,2023-06-30,nas:mining,growth_published_constant,-2.3,
nas,2022-23,2023-06-30,nas:mining,growth_published_current,-3.9,
nas,2022-23,2023-06-30,nas:pfce,constant_price,3689235.0,
nas,2022-23,2023-06-30,nas:pfce,current_price,3760165.0,
nas,2022-23,2023-06-30,nas:public_admin_other,constant_price,803932.0,
nas,2022-23,2023-06-30,nas:public_admin_other,current_price,826886.0,
nas,2022-23,2023-06-30,nas:public_admin_other,growth_published_constant,6.3,
nas,2022-23,2023-06-30,nas:public_admin_other,growth_published_current,11.5,
nas,2022-23,2023-06-30,nas:trade_transport,constant_price,860595.0,
nas,2022-23,2023-06-30,nas:trade_transport,current_price,873268.0,
nas,2022-23,2023-06-30,nas:trade_transport,growth_published_constant,12.1,
nas,2022-23,2023-06-30,nas:trade_transport,growth_published_current,13.2,
nas,2022-23,2023-06-30,nas:utilities,constant_price,163719.0,
nas,2022-23,2023-06-30,nas:utilities,current_price,172631.0,
nas,2022-23,2023-06-30,nas:utilities,growth_published_constant,6.8,
nas,2022-23,2023-06-30,nas:utilities,growth_published_current,21.7,
nas,2022-23,2023-09-30,nas:agriculture,constant_price,917120.0,
nas,2022-23,2023-09-30,nas:agriculture,current_price,961983.0,
nas,2022-23,2023-09-30,nas:agriculture,growth_published_constant,2.3,
nas,2022-23,2023-09-30,nas:agriculture,growth_published_current,8.6,
nas,2022-23,2023-09-30,nas:construction,constant_price,563340.0,
nas,2022-23,2023-09-30,nas:construction,current_price,555036.0,
nas,2022-23,2023-09-30,nas:construction,growth_published_constant,13.2,
nas,2022-23,2023-09-30,nas:construction,growth_published_current,11.4,
nas,2022-23,2023-09-30,nas:financial_real_estate,constant_price,1567571.0,
nas,2022-23,2023-09-30,nas:financial_real_estate,current_price,1631684.0,
nas,2022-23,2023-09-30,nas:financial_real_estate,growth_published_constant,3.7,
nas,2022-23,2023-09-30,nas:financial_real_estate,growth_published_current,8.4,
nas,2022-23,2023-09-30,nas:gdp,constant_price,6500703.0,
nas,2022-23,2023-09-30,nas:gdp,current_price,6758774.0,
nas,2022-23,2023-09-30,nas:gdp,growth_published_constant,7.5,
nas,2022-23,2023-09-30,nas:gdp,growth_published_current,11.3,
nas,2022-23,2023-09-30,nas:gva,constant_price,5925094.0,
nas,2022-23,2023-09-30,nas:gva,current_price,6133318.0,
nas,2022-23,2023-09-30,nas:gva,growth_published_constant,7.9,
nas,2022-23,2023-09-30,nas:gva,growth_published_current,11.8,
nas,2022-23,2023-09-30,nas:manufacturing,constant_price,957646.0,
nas,2022-23,2023-09-30,nas:manufacturing,current_price,988914.0,
nas,2022-23,2023-09-30,nas:manufacturing,growth_published_constant,18.1,
nas,2022-23,2023-09-30,nas:manufacturing,growth_published_current,18.2,
nas,2022-23,2023-09-30,nas:mining,constant_price,102200.0,
nas,2022-23,2023-09-30,nas:mining,current_price,107389.0,
nas,2022-23,2023-09-30,nas:mining,growth_published_constant,3.3,
nas,2022-23,2023-09-30,nas:mining,growth_published_current,9.5,
nas,2022-23,2023-09-30,nas:pfce,constant_price,3624281.0,
nas,2022-23,2023-09-30,nas:pfce,current_price,3768238.0,
nas,2022-23,2023-09-30,nas:public_admin_other,constant_price,774405.0,
nas,2022-23,2023-09-30,nas:public_admin_other,current_price,812502.0,
nas,2022-23,2023-09-30,nas:public_admin_other,growth_published_constant,4.4,
nas,2022-23,2023-09-30,nas:public_admin_other,growth_published_current,9.9,
nas,2022-23,2023-09-30,nas:trade_transport,constant_price,869788.0,
nas,2022-23,2023-09-30,nas:trade_transport,current_price,888080.0,
nas,2022-23,2023-09-30,nas:trade_transport,growth_published_constant,10.8,
nas,2022-23,2023-09-30,nas:trade_transport,growth_published_current,14.6,
nas,2022-23,2023-09-30,nas:utilities,constant_price,173024.0,
nas,2022-23,2023-09-30,nas:utilities,current_price,187731.0,
nas,2022-23,2023-09-30,nas:utilities,growth_published_constant,15.8,
nas,2022-23,2023-09-30,nas:utilities,growth_published_current,27.7,
nas,2022-23,2023-12-31,nas:agriculture,constant_price,1460271.0,
nas,2022-23,2023-12-31,nas:agriculture,current_price,1535238.0,
nas,2022-23,2023-12-31,nas:agriculture,growth_published_constant,1.4,
nas,2022-23,2023-12-31,nas:agriculture,growth_published_current,5.7,
nas,2022-23,2023-12-31,nas:construction,constant_price,586625.0,
nas,2022-23,2023-12-31,nas:construction,current_price,578200.0,
nas,2022-23,2023-12-31,nas:construction,growth_published_constant,8.7,
nas,2022-23,2023-12-31,nas:construction,growth_published_current,8.3,
nas,2022-23,2023-12-31,nas:financial_real_estate,constant_price,1626147.0,
nas,2022-23,2023-12-31,nas:financial_real_estate,current_price,1700017.0,
nas,2022-23,2023-12-31,nas:financial_real_estate,growth_published_constant,6.8,
nas,2022-23,2023-12-31,nas:financial_real_estate,growth_published_current,10.7,
nas,2022-23,2023-12-31,nas:gdp,constant_price,7352703.0,
nas,2022-23,2023-12-31,nas:gdp,current_price,7614058.0,
nas,2022-23,2023-12-31,nas:gdp,growth_published_constant,7.7,
nas,2022-23,2023-12-31,nas:gdp,growth_published_current,11.1,
nas,2022-23,2023-12-31,nas:gva,constant_price,6725870.0,
nas,2022-23,2023-12-31,nas:gva,current_price,6947895.0,
nas,2022-23,2023-12-31,nas:gva,growth_published_constant,7.4,
nas,2022-23,2023-12-31,nas:gva,growth_published_current,10.5,
nas,2022-23,2023-12-31,nas:manufacturing,constant_price,975819.0,
nas,2022-23,2023-12-31,nas:manufacturing,current_price,956937.0,
nas,2022-23,2023-12-31,nas:manufacturing,growth_published_constant,14.6,
nas,2022-23,2023-12-31,nas:manufacturing,growth_published_current,13.0,
nas,2022-23,2023-12-31,nas:mining,constant_price,129527.0,
nas,2022-23,2023-12-31,nas:mining,current_price,138895.0,
nas,2022-23,2023-12-31,nas:mining,growth_published_constant,-1.2,
nas,2022-23,2023-12-31,nas:mining,growth_published_current,7.8,
nas,2022-23,2023-12-31,nas:pfce,constant_price,4259708.0,
nas,2022-23,2023-12-31,nas:pfce,current_price,4415522.0,
nas,2022-23,2023-12-31,nas:public_admin_other,constant_price,855192.0,
nas,2022-23,2023-12-31,nas:public_admin_other,current_price,902638.0,
nas,2022-23,2023-12-31,nas:public_admin_other,growth_published_constant,7.6,
nas,2022-23,2023-12-31,nas:public_admin_other,growth_published_current,12.8,
nas,2022-23,2023-12-31,nas:trade_transport,constant_price,934077.0,
nas,2022-23,2023-12-31,nas:trade_transport,current_price,956949.0,
nas,2022-23,2023-12-31,nas:trade_transport,growth_published_constant,10.9,
nas,2022-23,2023-12-31,nas:trade_transport,growth_published_current,13.6,
nas,2022-23,2023-12-31,nas:utilities,constant_price,158212.0,
nas,2022-23,2023-12-31,nas:utilities,current_price,179020.0,
nas,2022-23,2023-12-31,nas:utilities,growth_published_constant,13.6,
nas,2022-23,2023-12-31,nas:utilities,growth_published_current,22.6,
nas,2022-23,2024-03-31,nas:agriculture,constant_price,1377563.0,
nas,2022-23,2024-03-31,nas:agriculture,current_price,1460961.0,
nas,2022-23,2024-03-31,nas:agriculture,growth_published_constant,2.8,
nas,2022-23,2024-03-31,nas:agriculture,growth_published_current,6.6,
nas,2022-23,2024-03-31,nas:construction,constant_price,614082.0,
nas,2022-23,2024-03-31,nas:construction,current_price,600110.0,
nas,2022-23,2024-03-31,nas:construction,growth_published_constant,8.4,
nas,2022-23,2024-03-31,nas:construction,growth_published_current,6.7,
nas,2022-23,2024-03-31,nas:financial_real_estate,constant_price,1728924.0,
nas,2022-23,2024-03-31,nas:financial_real_estate,current_price,1819733.0,
nas,2022-23,2024-03-31,nas:financial_real_estate,growth_published_constant,8.9,
nas,2022-23,2024-03-31,nas:financial_real_estate,growth_published_current,12.4,
nas,2022-23,2024-03-31,nas:gdp,constant_price,7672424.0,
nas,2022-23,2024-03-31,nas:gdp,current_price,7992302.0,
nas,2022-23,2024-03-31,nas:gdp,growth_published_constant,7.4,
nas,2022-23,2024-03-31,nas:gdp,growth_published_current,11.3,
nas,2022-23,2024-03-31,nas:gva,constant_price,7006773.0,
nas,2022-23,2024-03-31,nas:gva,current_price,7246561.0,
nas,2022-23,2024-03-31,nas:gva,growth_published_constant,7.5,
nas,2022-23,2024-03-31,nas:gva,growth_published_current,10.2,
nas,2022-23,2024-03-31,nas:manufacturing,constant_price,1132243.0,
nas,2022-23,2024-03-31,nas:manufacturing,current_price,1102255.0,
nas,2022-23,2024-03-31,nas:manufacturing,growth_published_constant,5.5,
nas,2022-23,2024-03-31,nas:manufacturing,growth_published_current,5.1,
nas,2022-23,2024-03-31,nas:mining,constant_price,156391.0,
nas,2022-23,2024-03-31,nas:mining,current_price,167688.0,
nas,2022-23,2024-03-31,nas:mining,growth_published_constant,3.9,
nas,2022-23,2024-03-31,nas:mining,growth_published_current,11.7,
nas,2022-23,2024-03-31,nas:pfce,constant_price,4298016.0,
nas,2022-23,2024-03-31,nas:pfce,current_price,4471621.0,
nas,2022-23,2024-03-31,nas:public_admin_other,constant_price,855861.0,
nas,2022-23,2024-03-31,nas:public_admin_other,current_price,906745.0,
nas,2022-23,2024-03-31,nas:public_admin_other,growth_published_constant,9.2,
nas,2022-23,2024-03-31,nas:public_admin_other,growth_published_current,14.0,
nas,2022-23,2024-03-31,nas:trade_transport,constant_price,976469.0,
nas,2022-23,2024-03-31,nas:trade_transport,current_price,996303.0,
nas,2022-23,2024-03-31,nas:trade_transport,growth_published_constant,12.2,
nas,2022-23,2024-03-31,nas:trade_transport,growth_published_current,13.8,
nas,2022-23,2024-03-31,nas:utilities,constant_price,165238.0,
nas,2022-23,2024-03-31,nas:utilities,current_price,192766.0,
nas,2022-23,2024-03-31,nas:utilities,growth_published_constant,10.9,
nas,2022-23,2024-03-31,nas:utilities,growth_published_current,23.5,
nas,2022-23,2024-06-30,nas:agriculture,constant_price,1146550.0,
nas,2022-23,2024-06-30,nas:agriculture,current_price,1243082.0,
nas,2022-23,2024-06-30,nas:agriculture,growth_published_constant,2.6,
nas,2022-23,2024-06-30,nas:agriculture,growth_published_current,8.3,
nas,2022-23,2024-06-30,nas:construction,constant_price,598872.0,
nas,2022-23,2024-06-30,nas:construction,current_price,596114.0,
nas,2022-23,2024-06-30,nas:construction,growth_published_constant,8.1,
nas,2022-23,2024-06-30,nas:construction,growth_published_current,9.6,
nas,2022-23,2024-06-30,nas:financial_real_estate,constant_price,1654170.0,
nas,2022-23,2024-06-30,nas:financial_real_estate,current_price,1747368.0,
nas,2022-23,2024-06-30,nas:financial_real_estate,growth_published_constant,8.5,
nas,2022-23,2024-06-30,nas:financial_real_estate,growth_published_current,10.7,
nas,2022-23,2024-06-30,nas:gdp,constant_price,7061843.0,
nas,2022-23,2024-06-30,nas:gdp,current_price,7403137.0,
nas,2022-23,2024-06-30,nas:gdp,growth_published_constant,7.5,
nas,2022-23,2024-06-30,nas:gdp,growth_published_current,10.4,
nas,2022-23,2024-06-30,nas:gva,constant_price,6377608.0,
nas,2022-23,2024-06-30,nas:gva,current_price,6681465.0,
nas,2022-23,2024-06-30,nas:gva,growth_published_constant,7.5,
nas,2022-23,2024-06-30,nas:gva,growth_published_current,9.9,
nas,2022-23,2024-06-30,nas:manufacturing,constant_price,866551.0,
nas,2022-23,2024-06-30,nas:manufacturing,current_price,872221.0,
nas,2022-23,2024-06-30,nas:manufacturing,growth_published_constant,9.9,
nas,2022-23,2024-06-30,nas:manufacturing,growth_published_current,7.5,
nas,2022-23,2024-06-30,nas:mining,constant_price,141822.0,
nas,2022-23,2024-06-30,nas:mining,current_price,150526.0,
nas,2022-23,2024-06-30,nas:mining,growth_published_constant,15.7,
nas,2022-23,2024-06-30,nas:mining,growth_published_current,21.3,
nas,2022-23,2024-06-30,nas:pfce,constant_price,3911568.0,
nas,2022-23,2024-06-30,nas:pfce,current_price,4122596.0,
nas,2022-23,2024-06-30,nas:public_admin_other,constant_price,859735.0,
nas,2022-23,2024-06-30,nas:public_admin_other,current_price,917600.0,
nas,2022-23,2024-06-30,nas:public_admin_other,growth_published_constant,6.9,
nas,2022-23,2024-06-30,nas:public_admin_other,growth_published_current,11.0,
nas,2022-23,2024-06-30,nas:trade_transport,constant_price,930225.0,
nas,2022-23,2024-06-30,nas:trade_transport,current_price,948894.0,
nas,2022-23,2024-06-30,nas:trade_transport,growth_published_constant,8.1,
nas,2022-23,2024-06-30,nas:trade_transport,growth_published_current,8.7,
nas,2022-23,2024-06-30,nas:utilities,constant_price,179685.0,
nas,2022-23,2024-06-30,nas:utilities,current_price,205660.0,
nas,2022-23,2024-06-30,nas:utilities,growth_published_constant,9.8,
nas,2022-23,2024-06-30,nas:utilities,growth_published_current,19.1,
nas,2022-23,2024-09-30,nas:agriculture,constant_price,953722.0,
nas,2022-23,2024-09-30,nas:agriculture,current_price,1031658.0,
nas,2022-23,2024-09-30,nas:agriculture,growth_published_constant,4.0,
nas,2022-23,2024-09-30,nas:agriculture,growth_published_current,7.2,
nas,2022-23,2024-09-30,nas:construction,constant_price,594701.0,
nas,2022-23,2024-09-30,nas:construction,current_price,590099.0,
nas,2022-23,2024-09-30,nas:construction,growth_published_constant,5.6,
nas,2022-23,2024-09-30,nas:construction,growth_published_current,6.3,
nas,2022-23,2024-09-30,nas:financial_real_estate,constant_price,1724874.0,
nas,2022-23,2024-09-30,nas:financial_real_estate,current_price,1844109.0,
nas,2022-23,2024-09-30,nas:financial_real_estate,growth_published_constant,10.0,
nas,2022-23,2024-09-30,nas:financial_real_estate,growth_published_current,13.0,
nas,2022-23,2024-09-30,nas:gdp,constant_price,6975107.0,
nas,2022-23,2024-09-30,nas:gdp,current_price,7367750.0,
nas,2022-23,2024-09-30,nas:gdp,growth_published_constant,7.3,
nas,2022-23,2024-09-30,nas:gdp,growth_published_current,9.0,
nas,2022-23,2024-09-30,nas:gva,constant_price,6340472.0,
nas,2022-23,2024-09-30,nas:gva,current_price,6653930.0,
nas,2022-23,2024-09-30,nas:gva,growth_published_constant,7.0,
nas,2022-23,2024-09-30,nas:gva,growth_published_current,8.5,
nas,2022-23,2024-09-30,nas:manufacturing,constant_price,1029412.0,
nas,2022-23,2024-09-30,nas:manufacturing,current_price,1028472.0,
nas,2022-23,2024-09-30,nas:manufacturing,growth_published_constant,7.5,
nas,2022-23,2024-09-30,nas:manufacturing,growth_published_current,4.0,
nas,2022-23,2024-09-30,nas:mining,constant_price,109067.0,
nas,2022-23,2024-09-30,nas:mining,current_price,112835.0,
nas,2022-23,2024-09-30,nas:mining,growth_published_constant,6.7,
nas,2022-23,2024-09-30,nas:mining,growth_published_current,5.1,
nas,2022-23,2024-09-30,nas:pfce,constant_price,3855569.0,
nas,2022-23,2024-09-30,nas:pfce,current_price,4136377.0,
nas,2022-23,2024-09-30,nas:public_admin_other,constant_price,821169.0,
nas,2022-23,2024-09-30,nas:public_admin_other,current_price,890224.0,
nas,2022-23,2024-09-30,nas:public_admin_other,growth_published_constant,6.0,
nas,2022-23,2024-09-30,nas:public_admin_other,growth_published_current,9.6,
nas,2022-23,2024-09-30,nas:trade_transport,constant_price,934783.0,
nas,2022-23,2024-09-30,nas:trade_transport,current_price,954349.0,
nas,2022-23,2024-09-30,nas:trade_transport,growth_published_constant,7.5,
nas,2022-23,2024-09-30,nas:trade_transport,growth_published_current,7.5,
nas,2022-23,2024-09-30,nas:utilities,constant_price,172745.0,
nas,2022-23,2024-09-30,nas:utilities,current_price,202183.0,
nas,2022-23,2024-09-30,nas:utilities,growth_published_constant,-0.2,
nas,2022-23,2024-09-30,nas:utilities,growth_published_current,7.7,
nas,2022-23,2024-12-31,nas:agriculture,constant_price,1544135.0,
nas,2022-23,2024-12-31,nas:agriculture,current_price,1715140.0,
nas,2022-23,2024-12-31,nas:agriculture,growth_published_constant,5.7,
nas,2022-23,2024-12-31,nas:agriculture,growth_published_current,11.7,
nas,2022-23,2024-12-31,nas:construction,constant_price,617130.0,
nas,2022-23,2024-12-31,nas:construction,current_price,611913.0,
nas,2022-23,2024-12-31,nas:construction,growth_published_constant,5.2,
nas,2022-23,2024-12-31,nas:construction,growth_published_current,5.8,
nas,2022-23,2024-12-31,nas:financial_real_estate,constant_price,1783725.0,
nas,2022-23,2024-12-31,nas:financial_real_estate,current_price,1913074.0,
nas,2022-23,2024-12-31,nas:financial_real_estate,growth_published_constant,9.7,
nas,2022-23,2024-12-31,nas:financial_real_estate,growth_published_current,12.5,
nas,2022-23,2024-12-31,nas:gdp,constant_price,7898065.0,
nas,2022-23,2024-12-31,nas:gdp,current_price,8354822.0,
nas,2022-23,2024-12-31,nas:gdp,growth_published_constant,7.4,
nas,2022-23,2024-12-31,nas:gdp,growth_published_current,9.7,
nas,2022-23,2024-12-31,nas:gva,constant_price,7237664.0,
nas,2022-23,2024-12-31,nas:gva,current_price,7643697.0,
nas,2022-23,2024-12-31,nas:gva,growth_published_constant,7.6,
nas,2022-23,2024-12-31,nas:gva,growth_published_current,10.0,
nas,2022-23,2024-12-31,nas:manufacturing,constant_price,1095218.0,
nas,2022-23,2024-12-31,nas:manufacturing,current_price,1053416.0,
nas,2022-23,2024-12-31,nas:manufacturing,growth_published_constant,12.2,
nas,2022-23,2024-12-31,nas:manufacturing,growth_published_current,10.1,
nas,2022-23,2024-12-31,nas:mining,constant_price,150844.0,
nas,2022-23,2024-12-31,nas:mining,current_price,145461.0,
nas,2022-23,2024-12-31,nas:mining,growth_published_constant,16.5,
nas,2022-23,2024-12-31,nas:mining,growth_published_current,4.7,
nas,2022-23,2024-12-31,nas:pfce,constant_price,4552327.0,
nas,2022-23,2024-12-31,nas:pfce,current_price,4908046.0,
nas,2022-23,2024-12-31,nas:public_admin_other,constant_price,890929.0,
nas,2022-23,2024-12-31,nas:public_admin_other,current_price,977805.0,
nas,2022-23,2024-12-31,nas:public_admin_other,growth_published_constant,4.2,
nas,2022-23,2024-12-31,nas:public_admin_other,growth_published_current,8.3,
nas,2022-23,2024-12-31,nas:trade_transport,constant_price,996367.0,
nas,2022-23,2024-12-31,nas:trade_transport,current_price,1032029.0,
nas,2022-23,2024-12-31,nas:trade_transport,growth_published_constant,6.7,
nas,2022-23,2024-12-31,nas:trade_transport,growth_published_current,7.8,
nas,2022-23,2024-12-31,nas:utilities,constant_price,159316.0,
nas,2022-23,2024-12-31,nas:utilities,current_price,194859.0,
nas,2022-23,2024-12-31,nas:utilities,growth_published_constant,0.7,
nas,2022-23,2024-12-31,nas:utilities,growth_published_current,8.8,
nas,2022-23,2025-03-31,nas:agriculture,constant_price,1429786.0,
nas,2022-23,2025-03-31,nas:agriculture,current_price,1586830.0,
nas,2022-23,2025-03-31,nas:agriculture,growth_published_constant,3.8,
nas,2022-23,2025-03-31,nas:agriculture,growth_published_current,8.6,
nas,2022-23,2025-03-31,nas:construction,constant_price,659948.0,
nas,2022-23,2025-03-31,nas:construction,current_price,654319.0,
nas,2022-23,2025-03-31,nas:construction,growth_published_constant,7.5,
nas,2022-23,2025-03-31,nas:construction,growth_published_current,9.0,
nas,2022-23,2025-03-31,nas:financial_real_estate,constant_price,1862752.0,
nas,2022-23,2025-03-31,nas:financial_real_estate,current_price,1994337.0,
nas,2022-23,2025-03-31,nas:financial_real_estate,growth_published_constant,7.7,
nas,2022-23,2025-03-31,nas:financial_real_estate,growth_published_current,9.6,
nas,2022-23,2025-03-31,nas:gdp,constant_price,8180413.0,
nas,2022-23,2025-03-31,nas:gdp,current_price,8672815.0,
nas,2022-23,2025-03-31,nas:gdp,growth_published_constant,6.6,
nas,2022-23,2025-03-31,nas:gdp,growth_published_current,8.5,
nas,2022-23,2025-03-31,nas:gva,constant_price,7466025.0,
nas,2022-23,2025-03-31,nas:gva,current_price,7866592.0,
nas,2022-23,2025-03-31,nas:gva,growth_published_constant,6.6,
nas,2022-23,2025-03-31,nas:gva,growth_published_current,8.6,
nas,2022-23,2025-03-31,nas:manufacturing,constant_price,1248427.0,
nas,2022-23,2025-03-31,nas:manufacturing,current_price,1230594.0,
nas,2022-23,2025-03-31,nas:manufacturing,growth_published_constant,10.3,
nas,2022-23,2025-03-31,nas:manufacturing,growth_published_current,11.6,
nas,2022-23,2025-03-31,nas:mining,constant_price,177616.0,
nas,2022-23,2025-03-31,nas:mining,current_price,163737.0,
nas,2022-23,2025-03-31,nas:mining,growth_published_constant,13.6,
nas,2022-23,2025-03-31,nas:mining,growth_published_current,-2.4,
nas,2022-23,2025-03-31,nas:pfce,constant_price,4572118.0,
nas,2022-23,2025-03-31,nas:pfce,current_price,4910991.0,
nas,2022-23,2025-03-31,nas:public_admin_other,constant_price,886226.0,
nas,2022-23,2025-03-31,nas:public_admin_other,current_price,973515.0,
nas,2022-23,2025-03-31,nas:public_admin_other,growth_published_constant,3.5,
nas,2022-23,2025-03-31,nas:public_admin_other,growth_published_current,7.4,
nas,2022-23,2025-03-31,nas:trade_transport,constant_price,1034313.0,
nas,2022-23,2025-03-31,nas:trade_transport,current_price,1061120.0,
nas,2022-23,2025-03-31,nas:trade_transport,growth_published_constant,5.9,
nas,2022-23,2025-03-31,nas:trade_transport,growth_published_current,6.5,
nas,2022-23,2025-03-31,nas:utilities,constant_price,166957.0,
nas,2022-23,2025-03-31,nas:utilities,current_price,202140.0,
nas,2022-23,2025-03-31,nas:utilities,growth_published_constant,1.0,
nas,2022-23,2025-03-31,nas:utilities,growth_published_current,4.9,
nas,2022-23,2025-06-30,nas:agriculture,constant_price,1197085.0,
nas,2022-23,2025-06-30,nas:agriculture,current_price,1301517.0,
nas,2022-23,2025-06-30,nas:agriculture,growth_published_constant,4.4,
nas,2022-23,2025-06-30,nas:agriculture,growth_published_current,4.7,
nas,2022-23,2025-06-30,nas:construction,constant_price,629858.0,
nas,2022-23,2025-06-30,nas:construction,current_price,623510.0,
nas,2022-23,2025-06-30,nas:construction,growth_published_constant,5.2,
nas,2022-23,2025-06-30,nas:construction,growth_published_current,4.6,
nas,2022-23,2025-06-30,nas:financial_real_estate,constant_price,1799605.0,
nas,2022-23,2025-06-30,nas:financial_real_estate,current_price,1934028.0,
nas,2022-23,2025-06-30,nas:financial_real_estate,growth_published_constant,8.8,
nas,2022-23,2025-06-30,nas:financial_real_estate,growth_published_current,10.7,
nas,2022-23,2025-06-30,nas:gdp,constant_price,7546230.0,
nas,2022-23,2025-06-30,nas:gdp,current_price,8000192.0,
nas,2022-23,2025-06-30,nas:gdp,growth_published_constant,6.9,
nas,2022-23,2025-06-30,nas:gdp,growth_published_current,8.1,
nas,2022-23,2025-06-30,nas:gva,constant_price,6821121.0,
nas,2022-23,2025-06-30,nas:gva,current_price,7223548.0,
nas,2022-23,2025-06-30,nas:gva,growth_published_constant,7.0,
nas,2022-23,2025-06-30,nas:gva,growth_published_current,8.1,
nas,2022-23,2025-06-30,nas:manufacturing,constant_price,938374.0,
nas,2022-23,2025-06-30,nas:manufacturing,current_price,961136.0,
nas,2022-23,2025-06-30,nas:manufacturing,growth_published_constant,8.3,
nas,2022-23,2025-06-30,nas:manufacturing,growth_published_current,10.2,
nas,2022-23,2025-06-30,nas:mining,constant_price,159472.0,
nas,2022-23,2025-06-30,nas:mining,current_price,145478.0,
nas,2022-23,2025-06-30,nas:mining,growth_published_constant,12.4,
nas,2022-23,2025-06-30,nas:mining,growth_published_current,-3.4,
nas,2022-23,2025-06-30,nas:pfce,constant_price,4176184.0,
nas,2022-23,2025-06-30,nas:pfce,current_price,4466151.0,
nas,2022-23,2025-06-30,nas:public_admin_other,constant_price,899310.0,
nas,2022-23,2025-06-30,nas:public_admin_other,current_price,996266.0,
nas,2022-23,2025-06-30,nas:public_admin_other,growth_published_constant,4.6,
nas,2022-23,2025-06-30,nas:public_admin_other,growth_published_current,8.6,
nas,2022-23,2025-06-30,nas:trade_transport,constant_price,1020965.0,
nas,2022-23,2025-06-30,nas:trade_transport,current_price,1053168.0,
nas,2022-23,2025-06-30,nas:trade_transport,growth_published_constant,9.8,
nas,2022-23,2025-06-30,nas:trade_transport,growth_published_current,11.0,
nas,2022-23,2025-06-30,nas:utilities,constant_price,176451.0,
nas,2022-23,2025-06-30,nas:utilities,current_price,208444.0,
nas,2022-23,2025-06-30,nas:utilities,growth_published_constant,-1.8,
nas,2022-23,2025-06-30,nas:utilities,growth_published_current,1.4,
nas,2022-23,2025-09-30,nas:agriculture,constant_price,984300.0,
nas,2022-23,2025-09-30,nas:agriculture,current_price,1058026.0,
nas,2022-23,2025-09-30,nas:agriculture,growth_published_constant,3.2,
nas,2022-23,2025-09-30,nas:agriculture,growth_published_current,2.6,
nas,2022-23,2025-09-30,nas:construction,constant_price,641068.0,
nas,2022-23,2025-09-30,nas:construction,current_price,632768.0,
nas,2022-23,2025-09-30,nas:construction,growth_published_constant,7.8,
nas,2022-23,2025-09-30,nas:construction,growth_published_current,7.2,
nas,2022-23,2025-09-30,nas:financial_real_estate,constant_price,1895678.0,
nas,2022-23,2025-09-30,nas:financial_real_estate,current_price,2037828.0,
nas,2022-23,2025-09-30,nas:financial_real_estate,growth_published_constant,9.9,
nas,2022-23,2025-09-30,nas:financial_real_estate,growth_published_current,10.5,
nas,2022-23,2025-09-30,nas:gdp,constant_price,7541258.0,
nas,2022-23,2025-09-30,nas:gdp,current_price,7986163.0,
nas,2022-23,2025-09-30,nas:gdp,growth_published_constant,8.1,
nas,2022-23,2025-09-30,nas:gdp,growth_published_current,8.4,
nas,2022-23,2025-09-30,nas:gva,constant_price,6867255.0,
nas,2022-23,2025-09-30,nas:gva,current_price,7263553.0,
nas,2022-23,2025-09-30,nas:gva,growth_published_constant,8.3,
nas,2022-23,2025-09-30,nas:gva,growth_published_current,9.2,
nas,2022-23,2025-09-30,nas:manufacturing,constant_price,1132017.0,
nas,2022-23,2025-09-30,nas:manufacturing,current_price,1163932.0,
nas,2022-23,2025-09-30,nas:manufacturing,growth_published_constant,10.0,
nas,2022-23,2025-09-30,nas:manufacturing,growth_published_current,13.2,
nas,2022-23,2025-09-30,nas:mining,constant_price,132674.0,
nas,2022-23,2025-09-30,nas:mining,current_price,125311.0,
nas,2022-23,2025-09-30,nas:mining,growth_published_constant,21.6,
nas,2022-23,2025-09-30,nas:mining,growth_published_current,11.1,
nas,2022-23,2025-09-30,nas:pfce,constant_price,4101561.0,
nas,2022-23,2025-09-30,nas:pfce,current_price,4465237.0,
nas,2022-23,2025-09-30,nas:public_admin_other,constant_price,868342.0,
nas,2022-23,2025-09-30,nas:public_admin_other,current_price,974484.0,
nas,2022-23,2025-09-30,nas:public_admin_other,growth_published_constant,5.7,
nas,2022-23,2025-09-30,nas:public_admin_other,growth_published_current,9.5,
nas,2022-23,2025-09-30,nas:trade_transport,constant_price,1033842.0,
nas,2022-23,2025-09-30,nas:trade_transport,current_price,1060156.0,
nas,2022-23,2025-09-30,nas:trade_transport,growth_published_constant,10.6,
nas,2022-23,2025-09-30,nas:trade_transport,growth_published_current,11.1,
nas,2022-23,2025-09-30,nas:utilities,constant_price,179335.0,
nas,2022-23,2025-09-30,nas:utilities,current_price,211047.0,
nas,2022-23,2025-09-30,nas:utilities,growth_published_constant,3.8,
nas,2022-23,2025-09-30,nas:utilities,growth_published_current,4.4,
nas,2022-23,2025-12-31,nas:agriculture,constant_price,1572926.0,
nas,2022-23,2025-12-31,nas:agriculture,current_price,1711966.0,
nas,2022-23,2025-12-31,nas:agriculture,growth_published_constant,1.9,
nas,2022-23,2025-12-31,nas:agriculture,growth_published_current,-0.2,
nas,2022-23,2025-12-31,nas:construction,constant_price,660037.0,
nas,2022-23,2025-12-31,nas:construction,current_price,651763.0,
nas,2022-23,2025-12-31,nas:construction,growth_published_constant,7.0,
nas,2022-23,2025-12-31,nas:construction,growth_published_current,6.5,
nas,2022-23,2025-12-31,nas:financial_real_estate,constant_price,1978925.0,
nas,2022-23,2025-12-31,nas:financial_real_estate,current_price,2120779.0,
nas,2022-23,2025-12-31,nas:financial_real_estate,growth_published_constant,10.9,
nas,2022-23,2025-12-31,nas:financial_real_estate,growth_published_current,10.9,
nas,2022-23,2025-12-31,nas:gdp,constant_price,8502278.0,
nas,2022-23,2025-12-31,nas:gdp,current_price,9083393.0,
nas,2022-23,2025-12-31,nas:gdp,growth_published_constant,7.7,
nas,2022-23,2025-12-31,nas:gdp,growth_published_current,8.7,
nas,2022-23,2025-12-31,nas:gva,constant_price,7786828.0,
nas,2022-23,2025-12-31,nas:gva,current_price,8253277.0,
nas,2022-23,2025-12-31,nas:gva,growth_published_constant,7.6,
nas,2022-23,2025-12-31,nas:gva,growth_published_current,8.0,
nas,2022-23,2025-12-31,nas:manufacturing,constant_price,1194218.0,
nas,2022-23,2025-12-31,nas:manufacturing,current_price,1193223.0,
nas,2022-23,2025-12-31,nas:manufacturing,growth_published_constant,9.0,
nas,2022-23,2025-12-31,nas:manufacturing,growth_published_current,13.3,
nas,2022-23,2025-12-31,nas:mining,constant_price,155897.0,
nas,2022-23,2025-12-31,nas:mining,current_price,149148.0,
nas,2022-23,2025-12-31,nas:mining,growth_published_constant,3.3,
nas,2022-23,2025-12-31,nas:mining,growth_published_current,2.5,
nas,2022-23,2025-12-31,nas:pfce,constant_price,4917427.0,
nas,2022-23,2025-12-31,nas:pfce,current_price,5321313.0,
nas,2022-23,2025-12-31,nas:public_admin_other,constant_price,949906.0,
nas,2022-23,2025-12-31,nas:public_admin_other,current_price,1077607.0,
nas,2022-23,2025-12-31,nas:public_admin_other,growth_published_constant,6.6,
nas,2022-23,2025-12-31,nas:public_admin_other,growth_published_current,10.2,
nas,2022-23,2025-12-31,nas:trade_transport,constant_price,1112643.0,
nas,2022-23,2025-12-31,nas:trade_transport,current_price,1156840.0,
nas,2022-23,2025-12-31,nas:trade_transport,growth_published_constant,11.7,
nas,2022-23,2025-12-31,nas:trade_transport,growth_published_current,12.1,
nas,2022-23,2025-12-31,nas:utilities,constant_price,162275.0,
nas,2022-23,2025-12-31,nas:utilities,current_price,191951.0,
nas,2022-23,2025-12-31,nas:utilities,growth_published_constant,1.9,
nas,2022-23,2025-12-31,nas:utilities,growth_published_current,-1.5,
nas,2022-23,2026-03-31,nas:agriculture,constant_price,1485911.0,
nas,2022-23,2026-03-31,nas:agriculture,current_price,1642119.0,
nas,2022-23,2026-03-31,nas:agriculture,growth_published_constant,3.9,
nas,2022-23,2026-03-31,nas:agriculture,growth_published_current,3.5,
nas,2022-23,2026-03-31,nas:construction,constant_price,717624.0,
nas,2022-23,2026-03-31,nas:construction,current_price,724545.0,
nas,2022-23,2026-03-31,nas:construction,growth_published_constant,8.7,
nas,2022-23,2026-03-31,nas:construction,growth_published_current,10.7,
nas,2022-23,2026-03-31,nas:financial_real_estate,constant_price,2091779.0,
nas,2022-23,2026-03-31,nas:financial_real_estate,current_price,2243973.0,
nas,2022-23,2026-03-31,nas:financial_real_estate,growth_published_constant,12.3,
nas,2022-23,2026-03-31,nas:financial_real_estate,growth_published_current,12.5,
nas,2022-23,2026-03-31,nas:gdp,constant_price,8880334.0,
nas,2022-23,2026-03-31,nas:gdp,current_price,9467047.0,
nas,2022-23,2026-03-31,nas:gdp,growth_published_constant,8.6,
nas,2022-23,2026-03-31,nas:gdp,growth_published_current,9.2,
nas,2022-23,2026-03-31,nas:gva,constant_price,8115125.0,
nas,2022-23,2026-03-31,nas:gva,current_price,8654312.0,
nas,2022-23,2026-03-31,nas:gva,growth_published_constant,8.7,
nas,2022-23,2026-03-31,nas:gva,growth_published_current,10.0,
nas,2022-23,2026-03-31,nas:manufacturing,constant_price,1347502.0,
nas,2022-23,2026-03-31,nas:manufacturing,current_price,1352269.0,
nas,2022-23,2026-03-31,nas:manufacturing,growth_published_constant,7.9,
nas,2022-23,2026-03-31,nas:manufacturing,growth_published_current,9.9,
nas,2022-23,2026-03-31,nas:mining,constant_price,172516.0,
nas,2022-23,2026-03-31,nas:mining,current_price,174087.0,
nas,2022-23,2026-03-31,nas:mining,growth_published_constant,-2.9,
nas,2022-23,2026-03-31,nas:mining,growth_published_current,6.3,
nas,2022-23,2026-03-31,nas:pfce,constant_price,4913735.0,
nas,2022-23,2026-03-31,nas:pfce,current_price,5365263.0,
nas,2022-23,2026-03-31,nas:public_admin_other,constant_price,956904.0,
nas,2022-23,2026-03-31,nas:public_admin_other,current_price,1088004.0,
nas,2022-23,2026-03-31,nas:public_admin_other,growth_published_constant,8.0,
nas,2022-23,2026-03-31,nas:public_admin_other,growth_published_current,11.8,
nas,2022-23,2026-03-31,nas:trade_transport,constant_price,1167883.0,
nas,2022-23,2026-03-31,nas:trade_transport,current_price,1220888.0,
nas,2022-23,2026-03-31,nas:trade_transport,growth_published_constant,12.9,
nas,2022-23,2026-03-31,nas:trade_transport,growth_published_current,15.1,
nas,2022-23,2026-03-31,nas:utilities,constant_price,175006.0,
nas,2022-23,2026-03-31,nas:utilities,current_price,208427.0,
nas,2022-23,2026-03-31,nas:utilities,growth_published_constant,4.8,
nas,2022-23,2026-03-31,nas:utilities,growth_published_current,3.1,
nas,2022-23,2026-06-30,nas:agriculture,constant_price,1240612.0,
nas,2022-23,2026-06-30,nas:agriculture,current_price,1399639.0,
nas,2022-23,2026-06-30,nas:agriculture,growth_published_constant,3.6,
nas,2022-23,2026-06-30,nas:agriculture,growth_published_current,7.5,
nas,2022-23,2026-06-30,nas:construction,constant_price,678248.0,
nas,2022-23,2026-06-30,nas:construction,current_price,726325.0,
nas,2022-23,2026-06-30,nas:construction,growth_published_constant,7.7,
nas,2022-23,2026-06-30,nas:construction,growth_published_current,16.5,
nas,2022-23,2026-06-30,nas:financial_real_estate,constant_price,2017465.0,
nas,2022-23,2026-06-30,nas:financial_real_estate,current_price,2179610.0,
nas,2022-23,2026-06-30,nas:financial_real_estate,growth_published_constant,12.1,
nas,2022-23,2026-06-30,nas:financial_real_estate,growth_published_current,12.7,
nas,2022-23,2026-06-30,nas:gdp,constant_price,8136153.0,
nas,2022-23,2026-06-30,nas:gdp,current_price,8826871.0,
nas,2022-23,2026-06-30,nas:gdp,growth_published_constant,7.8,
nas,2022-23,2026-06-30,nas:gdp,growth_published_current,10.3,
nas,2022-23,2026-06-30,nas:gva,constant_price,7382453.0,
nas,2022-23,2026-06-30,nas:gva,current_price,8053369.0,
nas,2022-23,2026-06-30,nas:gva,growth_published_constant,8.2,
nas,2022-23,2026-06-30,nas:gva,growth_published_current,11.5,
nas,2022-23,2026-06-30,nas:manufacturing,constant_price,1024417.0,
nas,2022-23,2026-06-30,nas:manufacturing,current_price,1034961.0,
nas,2022-23,2026-06-30,nas:manufacturing,growth_published_constant,9.2,
nas,2022-23,2026-06-30,nas:manufacturing,growth_published_current,7.7,
nas,2022-23,2026-06-30,nas:mining,constant_price,155584.0,
nas,2022-23,2026-06-30,nas:mining,current_price,177899.0,
nas,2022-23,2026-06-30,nas:mining,growth_published_constant,-2.4,
nas,2022-23,2026-06-30,nas:mining,growth_published_current,22.3,
nas,2022-23,2026-06-30,nas:pfce,constant_price,4474278.0,
nas,2022-23,2026-06-30,nas:pfce,current_price,4908179.0,
nas,2022-23,2026-06-30,nas:public_admin_other,constant_price,966468.0,
nas,2022-23,2026-06-30,nas:public_admin_other,current_price,1105607.0,
nas,2022-23,2026-06-30,nas:public_admin_other,growth_published_constant,7.5,
nas,2022-23,2026-06-30,nas:public_admin_other,growth_published_current,11.0,
nas,2022-23,2026-06-30,nas:trade_transport,constant_price,1107521.0,
nas,2022-23,2026-06-30,nas:trade_transport,current_price,1200637.0,
nas,2022-23,2026-06-30,nas:trade_transport,growth_published_constant,8.5,
nas,2022-23,2026-06-30,nas:trade_transport,growth_published_current,14.0,
nas,2022-23,2026-06-30,nas:utilities,constant_price,192138.0,
nas,2022-23,2026-06-30,nas:utilities,current_price,228690.0,
nas,2022-23,2026-06-30,nas:utilities,growth_published_constant,8.9,
nas,2022-23,2026-06-30,nas:utilities,growth_published_current,9.7,
wpi,2022-23,2023-04-30,nic:10,index,98.7,
wpi,2022-23,2023-04-30,nic:10/bakery_products,index,100.3,
wpi,2022-23,2023-04-30,nic:10/cocoa_chocolate_and_sugar_confectionery,index,103.0,
wpi,2022-23,2023-04-30,nic:10/dairy_products,index,105.2,
wpi,2022-23,2023-04-30,nic:10/grain_mill_products,index,103.6,
wpi,2022-23,2023-04-30,nic:10/macaroni_noodles_couscous_and_similar_farinaceous_products,index,99.3,
wpi,2022-23,2023-04-30,nic:10/other_food_products,index,100.6,
wpi,2022-23,2023-04-30,nic:10/prepared_animal_feeds,index,99.9,
wpi,2022-23,2023-04-30,nic:10/processing_and_preserving_of_fish_crustaceans_and_molluscs,index,97.3,
wpi,2022-23,2023-04-30,nic:10/processing_and_preserving_of_fruit_and_vegetables,index,106.3,
wpi,2022-23,2023-04-30,nic:10/processing_and_preserving_of_meat,index,104.1,
wpi,2022-23,2023-04-30,nic:10/processing_of_coffee_and_tea,index,103.1,
wpi,2022-23,2023-04-30,nic:10/starches_and_starch_products,index,96.0,
wpi,2022-23,2023-04-30,nic:10/sugar,index,102.8,
wpi,2022-23,2023-04-30,nic:10/vegetable_and_animal_oils_and_fats,index,84.7,
wpi,2022-23,2023-04-30,nic:11,index,102.3,
wpi,2022-23,2023-04-30,nic:11/beer,index,102.7,
wpi,2022-23,2023-04-30,nic:11/distilling_rectifying_and_blending_of_spirits,index,104.0,
wpi,2022-23,2023-04-30,nic:11/soft_drinks_production_of_mineral_waters_and_other_bottled_waters,index,101.8,
wpi,2022-23,2023-04-30,nic:11/wines,index,100.9,
wpi,2022-23,2023-04-30,nic:12,index,103.8,
wpi,2022-23,2023-04-30,nic:12/tobacco_products,index,103.8,
wpi,2022-23,2023-04-30,nic:13,index,94.4,
wpi,2022-23,2023-04-30,nic:13/carpets_and_rugs,index,100.9,
wpi,2022-23,2023-04-30,nic:13/cordage_rope_twine_and_netting,index,99.4,
wpi,2022-23,2023-04-30,nic:13/knitted_and_crocheted_fabrics,index,95.6,
wpi,2022-23,2023-04-30,nic:13/made_up_textile_articles_except_apparel,index,100.1,
wpi,2022-23,2023-04-30,nic:13/other_textiles,index,101.1,
wpi,2022-23,2023-04-30,nic:13/preparation_and_spinning_of_textile_fibres,index,91.8,
wpi,2022-23,2023-04-30,nic:13/weaving_of_textiles,index,98.4,
wpi,2022-23,2023-04-30,nic:14,index,102.4,
wpi,2022-23,2023-04-30,nic:14/knitted_and_crocheted_apparel,index,101.7,
wpi,2022-23,2023-04-30,nic:14/wearing_apparel_except_fur_apparel,index,102.9,
wpi,2022-23,2023-04-30,nic:15,index,100.7,
wpi,2022-23,2023-04-30,nic:15/footwear,index,100.5,
wpi,2022-23,2023-04-30,nic:15/luggage_handbags_and_the_like_saddlery_and_harness_of_any_material,index,101.5,
wpi,2022-23,2023-04-30,nic:15/tanning_and_dressing_of_leather_dressing_and_dyeing_of_fur,index,100.8,
wpi,2022-23,2023-04-30,nic:16,index,102.1,
wpi,2022-23,2023-04-30,nic:16/other_products_of_wood_manufacture_of_articles_of_cork_straw_and_plaiting_materials,index,101.0,
wpi,2022-23,2023-04-30,nic:16/sawmilling_and_planing_of_wood,index,105.6,
wpi,2022-23,2023-04-30,nic:16/veneer_sheets_and_wood_based_panels,index,101.9,
wpi,2022-23,2023-04-30,nic:16/wooden_containers,index,103.3,
wpi,2022-23,2023-04-30,nic:17,index,94.4,
wpi,2022-23,2023-04-30,nic:17/corrugated_paper_and_paperboard_and_of_containers_of_paper_and_paperboard,index,93.4,
wpi,2022-23,2023-04-30,nic:17/other_articles_of_paper_and_paperboard,index,102.6,
wpi,2022-23,2023-04-30,nic:17/pulp_paper_and_paperboard,index,91.0,
wpi,2022-23,2023-04-30,nic:18,index,103.1,
wpi,2022-23,2023-04-30,nic:18/printing,index,103.1,
wpi,2022-23,2023-04-30,nic:20,index,95.2,
wpi,2022-23,2023-04-30,nic:20/basic_chemicals,index,93.0,
wpi,2022-23,2023-04-30,nic:20/fertilizers_and_nitrogen_compounds,index,95.2,
wpi,2022-23,2023-04-30,nic:20/man_made_fibres,index,96.6,
wpi,2022-23,2023-04-30,nic:20/other_chemical_products,index,94.2,
wpi,2022-23,2023-04-30,nic:20/paints_varnishes_and_similar_coatings_printing_ink_and_mastics,index,95.6,
wpi,2022-23,2023-04-30,nic:20/pesticides_and_other_agrochemical_products,index,95.5,
wpi,2022-23,2023-04-30,nic:20/plastics_and_synthetic_rubber_in_primary_forms,index,95.9,
wpi,2022-23,2023-04-30,nic:20/soap_and_detergents_cleaning_and_polishing_preparations_perfumes_and_toilet_preparations,index,98.2,
wpi,2022-23,2023-04-30,nic:21,index,101.4,
wpi,2022-23,2023-04-30,nic:21/pharmaceuticals_medicinal_chemical_and_botanical_products,index,101.4,
wpi,2022-23,2023-04-30,nic:22,index,96.6,
wpi,2022-23,2023-04-30,nic:22/other_rubber_products,index,101.3,
wpi,2022-23,2023-04-30,nic:22/plastics_products,index,95.1,
wpi,2022-23,2023-04-30,nic:22/rubber_tyres_and_tubes_retreading_and_rebuilding_of_rubber_tyres,index,99.6,
wpi,2022-23,2023-04-30,nic:23,index,99.4,
wpi,2022-23,2023-04-30,nic:23/articles_of_concrete_cement_and_plaster,index,103.2,
wpi,2022-23,2023-04-30,nic:23/cement_lime_and_plaster,index,98.2,
wpi,2022-23,2023-04-30,nic:23/clay_building_materials,index,102.8,
wpi,2022-23,2023-04-30,nic:23/cutting_shaping_and_finishing_of_stone,index,100.4,
wpi,2022-23,2023-04-30,nic:23/glass_and_glass_products,index,101.5,
wpi,2022-23,2023-04-30,nic:23/other_porcelain_and_ceramic_products,index,101.0,
wpi,2022-23,2023-04-30,nic:23/refractory_products,index,99.3,
wpi,2022-23,2023-04-30,nic:24,index,98.3,
wpi,2022-23,2023-04-30,nic:24/basic_iron_and_steel,index,97.7,
wpi,2022-23,2023-04-30,nic:24/basic_precious_and_other_non_ferrous_metals,index,100.4,
wpi,2022-23,2023-04-30,nic:24/casting_of_iron_and_steel,index,99.6,
wpi,2022-23,2023-04-30,nic:25,index,100.4,
wpi,2022-23,2023-04-30,nic:25/cutlery_hand_tools_and_general_hardware,index,101.0,
wpi,2022-23,2023-04-30,nic:25/forging_pressing_stamping_and_roll_forming_of_metal_powder_metallurgy,index,98.3,
wpi,2022-23,2023-04-30,nic:25/other_fabricated_metal_products,index,102.3,
wpi,2022-23,2023-04-30,nic:25/steam_generators_except_central_heating_hot_water_boilers,index,97.9,
wpi,2022-23,2023-04-30,nic:25/structural_metal_products,index,99.4,
wpi,2022-23,2023-04-30,nic:25/tanks_reservoirs_and_containers_of_metal,index,97.9,
wpi,2022-23,2023-04-30,nic:25/treatment_and_coating_of_metals_machining,index,98.8,
wpi,2022-23,2023-04-30,nic:25/weapons_and_ammunition,index,104.6,
wpi,2022-23,2023-04-30,nic:26,index,94.8,
wpi,2022-23,2023-04-30,nic:26/communication_equipment,index,91.4,
wpi,2022-23,2023-04-30,nic:26/computers_and_peripheral_equipment,index,100.0,
wpi,2022-23,2023-04-30,nic:26/consumer_electronics,index,99.0,
wpi,2022-23,2023-04-30,nic:26/irradiation_electromedical_and_electrotherapeutic_equipment,index,99.3,
wpi,2022-23,2023-04-30,nic:26/magnetic_and_optical_media,index,102.0,
wpi,2022-23,2023-04-30,nic:26/measuring_testing_navigating_and_control_equipment,index,103.2,
wpi,2022-23,2023-04-30,nic:26/optical_instruments_and_photographic_equipment,index,102.8,
wpi,2022-23,2023-04-30,nic:26/other_electronic_components_and_boards,index,99.1,
wpi,2022-23,2023-04-30,nic:26/solar_cells_solar_panels_and_photovoltaic_inverters,index,116.8,
wpi,2022-23,2023-04-30,nic:26/watches_and_clocks,index,101.1,
wpi,2022-23,2023-04-30,nic:27,index,100.9,
wpi,2022-23,2023-04-30,nic:27/batteries_and_accumulators,index,102.3,
wpi,2022-23,2023-04-30,nic:27/domestic_appliances,index,99.4,
wpi,2022-23,2023-04-30,nic:27/electric_lighting_equipment,index,97.6,
wpi,2022-23,2023-04-30,nic:27/electric_motors_generators_transformers_and_electricity_distribution_and_control_apparatus,index,101.1,
wpi,2022-23,2023-04-30,nic:27/fibre_optic_cables,index,107.5,
wpi,2022-23,2023-04-30,nic:27/other_electrical_equipment,index,95.8,
wpi,2022-23,2023-04-30,nic:27/other_electronic_and_electric_wires_and_cables,index,101.8,
wpi,2022-23,2023-04-30,nic:27/wiring_devices,index,100.8,
wpi,2022-23,2023-04-30,nic:28,index,102.0,
wpi,2022-23,2023-04-30,nic:28/agricultural_and_forestry_machinery,index,100.8,
wpi,2022-23,2023-04-30,nic:28/bearings_gears_gearing_and_driving_elements,index,100.9,
wpi,2022-23,2023-04-30,nic:28/engines_and_turbines_except_aircraft_vehicle_and_cycle_engines,index,100.4,
wpi,2022-23,2023-04-30,nic:28/fluid_power_equipment,index,102.6,
wpi,2022-23,2023-04-30,nic:28/lifting_and_handling_equipment,index,103.3,
wpi,2022-23,2023-04-30,nic:28/machinery_for_food_beverage_and_tobacco_processing,index,102.8,
wpi,2022-23,2023-04-30,nic:28/machinery_for_metallurgy,index,106.1,
wpi,2022-23,2023-04-30,nic:28/machinery_for_mining_quarrying_and_construction,index,102.4,
wpi,2022-23,2023-04-30,nic:28/machinery_for_textile_apparel_and_leather_production,index,105.1,
wpi,2022-23,2023-04-30,nic:28/metal_forming_machinery_and_machine_tools,index,103.8,
wpi,2022-23,2023-04-30,nic:28/other_general_purpose_machinery,index,100.6,
wpi,2022-23,2023-04-30,nic:28/other_pumps_compressors_taps_and_valves,index,102.8,
wpi,2022-23,2023-04-30,nic:28/other_special_purpose_machinery,index,103.6,
wpi,2022-23,2023-04-30,nic:28/ovens_furnaces_and_permanent_household_heating_equipment,index,101.5,
wpi,2022-23,2023-04-30,nic:28/power_driven_hand_tools,index,101.2,
wpi,2022-23,2023-04-30,nic:29,index,102.0,
wpi,2022-23,2023-04-30,nic:29/bodies_coachwork_for_motor_vehicles_manufacture_of_trailers_and_semi_trailers,index,101.0,
wpi,2022-23,2023-04-30,nic:29/motor_vehicles,index,103.5,
wpi,2022-23,2023-04-30,nic:29/parts_and_accessories_for_motor_vehicles,index,100.1,
wpi,2022-23,2023-04-30,nic:30,index,100.7,
wpi,2022-23,2023-04-30,nic:30/air_and_spacecraft_and_related_machinery,index,102.6,
wpi,2022-23,2023-04-30,nic:30/bicycles_and_invalid_carriages,index,100.3,
wpi,2022-23,2023-04-30,nic:30/building_of_ships_and_floating_structures,index,99.7,
wpi,2022-23,2023-04-30,nic:30/motorcycles,index,100.2,
wpi,2022-23,2023-04-30,nic:30/other_transport_equipment,index,100.8,
wpi,2022-23,2023-04-30,nic:30/railway_locomotives_and_rolling_stock,index,102.6,
wpi,2022-23,2023-04-30,nic:31,index,101.6,
wpi,2022-23,2023-04-30,nic:31/other_furniture,index,102.4,
wpi,2022-23,2023-04-30,nic:31/wooden_furniture,index,101.2,
wpi,2022-23,2023-04-30,nic:32,index,104.6,
wpi,2022-23,2023-04-30,nic:32/games_and_toys,index,101.9,
wpi,2022-23,2023-04-30,nic:32/imitation_jewellery_and_related_articles,index,106.2,
wpi,2022-23,2023-04-30,nic:32/jewellery_and_related_articles,index,105.3,
wpi,2022-23,2023-04-30,nic:32/medical_and_dental_instruments_and_supplies,index,100.6,
wpi,2022-23,2023-04-30,nic:32/musical_instruments,index,103.0,
wpi,2022-23,2023-04-30,nic:32/other_manufacturing,index,102.8,
wpi,2022-23,2023-04-30,nic:32/sports_goods,index,103.5,
wpi,2022-23,2023-04-30,wpi:all,index,99.0,
wpi,2022-23,2023-04-30,wpi:food_index,index,101.1,
wpi,2022-23,2023-04-30,wpi:fuel_power,index,94.0,
wpi,2022-23,2023-04-30,wpi:fuel_power/coal_and_lignite,index,94.3,
wpi,2022-23,2023-04-30,wpi:fuel_power/coal_and_lignite/coking_coal,index,95.6,
wpi,2022-23,2023-04-30,wpi:fuel_power/coal_and_lignite/coking_coal/coking_coal,index,95.6,
wpi,2022-23,2023-04-30,wpi:fuel_power/coal_and_lignite/lignite,index,95.1,
wpi,2022-23,2023-04-30,wpi:fuel_power/coal_and_lignite/non_coking_coal,index,94.1,
wpi,2022-23,2023-04-30,wpi:fuel_power/coal_and_lignite/non_coking_coal/non_coking_coal_g15_to_g17_gcv_3100_kcal_kg,index,95.0,
wpi,2022-23,2023-04-30,wpi:fuel_power/coal_and_lignite/non_coking_coal/non_coking_coal_g1_to_g6_gcv_exceeding_5500_kcal_kg,index,97.2,
wpi,2022-23,2023-04-30,wpi:fuel_power/coal_and_lignite/non_coking_coal/non_coking_coal_g7_to_g14_gcv_3100_kcal_kg_to_5500_kcal_kg,index,93.6,
wpi,2022-23,2023-04-30,wpi:fuel_power/crude_petroleum_natural_gas,index,99.3,
wpi,2022-23,2023-04-30,wpi:fuel_power/electricity,index,96.8,
wpi,2022-23,2023-04-30,wpi:fuel_power/electricity/hydro_electricity,index,112.7,
wpi,2022-23,2023-04-30,wpi:fuel_power/electricity/nuclear,index,100.6,
wpi,2022-23,2023-04-30,wpi:fuel_power/electricity/solar,index,103.0,
wpi,2022-23,2023-04-30,wpi:fuel_power/electricity/thermal_electricity,index,94.6,
wpi,2022-23,2023-04-30,wpi:fuel_power/electricity/wind,index,105.7,
wpi,2022-23,2023-04-30,wpi:fuel_power/mineral_oils,index,92.0,
wpi,2022-23,2023-04-30,wpi:manufactured,index,99.1,
wpi,2022-23,2023-04-30,wpi:primary,index,102.0,
wpi,2022-23,2023-04-30,wpi:primary/food_articles,index,102.4,
wpi,2022-23,2023-04-30,wpi:primary/food_articles/condiments_spices,index,108.8,
wpi,2022-23,2023-04-30,wpi:primary/food_articles/eggs_meat_fish,index,101.5,
wpi,2022-23,2023-04-30,wpi:primary/food_articles/food_grains_cereals_pulses,index,103.0,
wpi,2022-23,2023-04-30,wpi:primary/food_articles/food_grains_cereals_pulses/cereals,index,102.7,
wpi,2022-23,2023-04-30,wpi:primary/food_articles/food_grains_cereals_pulses/pulses,index,104.5,
wpi,2022-23,2023-04-30,wpi:primary/food_articles/fruits_vegetables,index,95.7,
wpi,2022-23,2023-04-30,wpi:primary/food_articles/fruits_vegetables/fruits,index,103.2,
wpi,2022-23,2023-04-30,wpi:primary/food_articles/fruits_vegetables/vegetables,index,88.4,
wpi,2022-23,2023-04-30,wpi:primary/food_articles/milk,index,106.3,
wpi,2022-23,2023-04-30,wpi:primary/food_articles/other_food_articles,index,104.3,
wpi,2022-23,2023-04-30,wpi:primary/minerals,index,102.7,
wpi,2022-23,2023-04-30,wpi:primary/minerals/metallic_minerals,index,105.7,
wpi,2022-23,2023-04-30,wpi:primary/minerals/minor_minerals,index,97.2,
wpi,2022-23,2023-04-30,wpi:primary/minerals/other_minerals,index,103.7,
wpi,2022-23,2023-04-30,wpi:primary/non_food_articles,index,100.7,
wpi,2022-23,2023-04-30,wpi:primary/non_food_articles/fibres,index,88.2,
wpi,2022-23,2023-04-30,wpi:primary/non_food_articles/floriculture,index,99.7,
wpi,2022-23,2023-04-30,wpi:primary/non_food_articles/medicinal_plants,index,131.8,
wpi,2022-23,2023-04-30,wpi:primary/non_food_articles/oil_seeds,index,94.0,
wpi,2022-23,2023-04-30,wpi:primary/non_food_articles/other_non_food_articles,index,104.6,
wpi,2022-23,2023-05-31,nic:10,index,98.0,
wpi,2022-23,2023-05-31,nic:10/bakery_products,index,99.8,
wpi,2022-23,2023-05-31,nic:10/cocoa_chocolate_and_sugar_confectionery,index,104.9,
wpi,2022-23,2023-05-31,nic:10/dairy_products,index,105.2,
wpi,2022-23,2023-05-31,nic:10/grain_mill_products,index,103.9,
wpi,2022-23,2023-05-31,nic:10/macaroni_noodles_couscous_and_similar_farinaceous_products,index,100.4,
wpi,2022-23,2023-05-31,nic:10/other_food_products,index,100.8,
wpi,2022-23,2023-05-31,nic:10/prepared_animal_feeds,index,99.1,
wpi,2022-23,2023-05-31,nic:10/processing_and_preserving_of_fish_crustaceans_and_molluscs,index,96.3,
wpi,2022-23,2023-05-31,nic:10/processing_and_preserving_of_fruit_and_vegetables,index,105.1,
wpi,2022-23,2023-05-31,nic:10/processing_and_preserving_of_meat,index,104.4,
wpi,2022-23,2023-05-31,nic:10/processing_of_coffee_and_tea,index,106.0,
wpi,2022-23,2023-05-31,nic:10/starches_and_starch_products,index,93.9,
wpi,2022-23,2023-05-31,nic:10/sugar,index,103.4,
wpi,2022-23,2023-05-31,nic:10/vegetable_and_animal_oils_and_fats,index,80.8,
wpi,2022-23,2023-05-31,nic:11,index,102.7,
wpi,2022-23,2023-05-31,nic:11/beer,index,104.0,
wpi,2022-23,2023-05-31,nic:11/distilling_rectifying_and_blending_of_spirits,index,104.1,
wpi,2022-23,2023-05-31,nic:11/soft_drinks_production_of_mineral_waters_and_other_bottled_waters,index,102.2,
wpi,2022-23,2023-05-31,nic:11/wines,index,102.0,
wpi,2022-23,2023-05-31,nic:12,index,104.0,
wpi,2022-23,2023-05-31,nic:12/tobacco_products,index,104.0,
wpi,2022-23,2023-05-31,nic:13,index,93.8,
wpi,2022-23,2023-05-31,nic:13/carpets_and_rugs,index,100.0,
wpi,2022-23,2023-05-31,nic:13/cordage_rope_twine_and_netting,index,99.0,
wpi,2022-23,2023-05-31,nic:13/knitted_and_crocheted_fabrics,index,94.4,
wpi,2022-23,2023-05-31,nic:13/made_up_textile_articles_except_apparel,index,98.4,
wpi,2022-23,2023-05-31,nic:13/other_textiles,index,101.0,
wpi,2022-23,2023-05-31,nic:13/preparation_and_spinning_of_textile_fibres,index,91.2,
wpi,2022-23,2023-05-31,nic:13/weaving_of_textiles,index,99.4,
wpi,2022-23,2023-05-31,nic:14,index,102.2,
wpi,2022-23,2023-05-31,nic:14/knitted_and_crocheted_apparel,index,102.2,
wpi,2022-23,2023-05-31,nic:14/wearing_apparel_except_fur_apparel,index,102.2,
wpi,2022-23,2023-05-31,nic:15,index,101.6,
wpi,2022-23,2023-05-31,nic:15/footwear,index,101.4,
wpi,2022-23,2023-05-31,nic:15/luggage_handbags_and_the_like_saddlery_and_harness_of_any_material,index,102.1,
wpi,2022-23,2023-05-31,nic:15/tanning_and_dressing_of_leather_dressing_and_dyeing_of_fur,index,102.5,
wpi,2022-23,2023-05-31,nic:16,index,102.4,
wpi,2022-23,2023-05-31,nic:16/other_products_of_wood_manufacture_of_articles_of_cork_straw_and_plaiting_materials,index,101.0,
wpi,2022-23,2023-05-31,nic:16/sawmilling_and_planing_of_wood,index,108.4,
wpi,2022-23,2023-05-31,nic:16/veneer_sheets_and_wood_based_panels,index,102.1,
wpi,2022-23,2023-05-31,nic:16/wooden_containers,index,103.1,
wpi,2022-23,2023-05-31,nic:17,index,93.2,
wpi,2022-23,2023-05-31,nic:17/corrugated_paper_and_paperboard_and_of_containers_of_paper_and_paperboard,index,92.2,
wpi,2022-23,2023-05-31,nic:17/other_articles_of_paper_and_paperboard,index,101.8,
wpi,2022-23,2023-05-31,nic:17/pulp_paper_and_paperboard,index,89.5,
wpi,2022-23,2023-05-31,nic:18,index,103.1,
wpi,2022-23,2023-05-31,nic:18/printing,index,103.1,
wpi,2022-23,2023-05-31,nic:20,index,94.1,
wpi,2022-23,2023-05-31,nic:20/basic_chemicals,index,91.9,
wpi,2022-23,2023-05-31,nic:20/fertilizers_and_nitrogen_compounds,index,94.8,
wpi,2022-23,2023-05-31,nic:20/man_made_fibres,index,94.2,
wpi,2022-23,2023-05-31,nic:20/other_chemical_products,index,93.0,
wpi,2022-23,2023-05-31,nic:20/paints_varnishes_and_similar_coatings_printing_ink_and_mastics,index,93.9,
wpi,2022-23,2023-05-31,nic:20/pesticides_and_other_agrochemical_products,index,94.3,
wpi,2022-23,2023-05-31,nic:20/plastics_and_synthetic_rubber_in_primary_forms,index,94.0,
wpi,2022-23,2023-05-31,nic:20/soap_and_detergents_cleaning_and_polishing_preparations_perfumes_and_toilet_preparations,index,98.0,
wpi,2022-23,2023-05-31,nic:21,index,101.1,
wpi,2022-23,2023-05-31,nic:21/pharmaceuticals_medicinal_chemical_and_botanical_products,index,101.1,
wpi,2022-23,2023-05-31,nic:22,index,96.1,
wpi,2022-23,2023-05-31,nic:22/other_rubber_products,index,101.3,
wpi,2022-23,2023-05-31,nic:22/plastics_products,index,94.5,
wpi,2022-23,2023-05-31,nic:22/rubber_tyres_and_tubes_retreading_and_rebuilding_of_rubber_tyres,index,99.2,
wpi,2022-23,2023-05-31,nic:23,index,99.5,
wpi,2022-23,2023-05-31,nic:23/articles_of_concrete_cement_and_plaster,index,103.0,
wpi,2022-23,2023-05-31,nic:23/cement_lime_and_plaster,index,97.8,
wpi,2022-23,2023-05-31,nic:23/clay_building_materials,index,100.9,
wpi,2022-23,2023-05-31,nic:23/cutting_shaping_and_finishing_of_stone,index,111.7,
wpi,2022-23,2023-05-31,nic:23/glass_and_glass_products,index,100.6,
wpi,2022-23,2023-05-31,nic:23/other_porcelain_and_ceramic_products,index,100.5,
wpi,2022-23,2023-05-31,nic:23/refractory_products,index,100.5,
wpi,2022-23,2023-05-31,nic:24,index,96.6,
wpi,2022-23,2023-05-31,nic:24/basic_iron_and_steel,index,95.8,
wpi,2022-23,2023-05-31,nic:24/basic_precious_and_other_non_ferrous_metals,index,99.0,
wpi,2022-23,2023-05-31,nic:24/casting_of_iron_and_steel,index,98.5,
wpi,2022-23,2023-05-31,nic:25,index,100.1,
wpi,2022-23,2023-05-31,nic:25/cutlery_hand_tools_and_general_hardware,index,101.1,
wpi,2022-23,2023-05-31,nic:25/forging_pressing_stamping_and_roll_forming_of_metal_powder_metallurgy,index,97.5,
wpi,2022-23,2023-05-31,nic:25/other_fabricated_metal_products,index,101.7,
wpi,2022-23,2023-05-31,nic:25/steam_generators_except_central_heating_hot_water_boilers,index,99.2,
wpi,2022-23,2023-05-31,nic:25/structural_metal_products,index,99.3,
wpi,2022-23,2023-05-31,nic:25/tanks_reservoirs_and_containers_of_metal,index,97.0,
wpi,2022-23,2023-05-31,nic:25/treatment_and_coating_of_metals_machining,index,98.2,
wpi,2022-23,2023-05-31,nic:25/weapons_and_ammunition,index,100.8,
wpi,2022-23,2023-05-31,nic:26,index,101.5,
wpi,2022-23,2023-05-31,nic:26/communication_equipment,index,101.4,
wpi,2022-23,2023-05-31,nic:26/computers_and_peripheral_equipment,index,100.6,
wpi,2022-23,2023-05-31,nic:26/consumer_electronics,index,97.9,
wpi,2022-23,2023-05-31,nic:26/irradiation_electromedical_and_electrotherapeutic_equipment,index,100.0,
wpi,2022-23,2023-05-31,nic:26/magnetic_and_optical_media,index,92.4,
wpi,2022-23,2023-05-31,nic:26/measuring_testing_navigating_and_control_equipment,index,105.1,
wpi,2022-23,2023-05-31,nic:26/optical_instruments_and_photographic_equipment,index,102.8,
wpi,2022-23,2023-05-31,nic:26/other_electronic_components_and_boards,index,99.6,
wpi,2022-23,2023-05-31,nic:26/solar_cells_solar_panels_and_photovoltaic_inverters,index,117.9,
wpi,2022-23,2023-05-31,nic:26/watches_and_clocks,index,100.7,
wpi,2022-23,2023-05-31,nic:27,index,100.9,
wpi,2022-23,2023-05-31,nic:27/batteries_and_accumulators,index,101.6,
wpi,2022-23,2023-05-31,nic:27/domestic_appliances,index,99.3,
wpi,2022-23,2023-05-31,nic:27/electric_lighting_equipment,index,96.3,
wpi,2022-23,2023-05-31,nic:27/electric_motors_generators_transformers_and_electricity_distribution_and_control_apparatus,index,102.3,
wpi,2022-23,2023-05-31,nic:27/fibre_optic_cables,index,106.0,
wpi,2022-23,2023-05-31,nic:27/other_electrical_equipment,index,96.4,
wpi,2022-23,2023-05-31,nic:27/other_electronic_and_electric_wires_and_cables,index,101.0,
wpi,2022-23,2023-05-31,nic:27/wiring_devices,index,102.5,
wpi,2022-23,2023-05-31,nic:28,index,102.2,
wpi,2022-23,2023-05-31,nic:28/agricultural_and_forestry_machinery,index,100.9,
wpi,2022-23,2023-05-31,nic:28/bearings_gears_gearing_and_driving_elements,index,100.1,
wpi,2022-23,2023-05-31,nic:28/engines_and_turbines_except_aircraft_vehicle_and_cycle_engines,index,100.1,
wpi,2022-23,2023-05-31,nic:28/fluid_power_equipment,index,102.4,
wpi,2022-23,2023-05-31,nic:28/lifting_and_handling_equipment,index,104.4,
wpi,2022-23,2023-05-31,nic:28/machinery_for_food_beverage_and_tobacco_processing,index,105.5,
wpi,2022-23,2023-05-31,nic:28/machinery_for_metallurgy,index,105.3,
wpi,2022-23,2023-05-31,nic:28/machinery_for_mining_quarrying_and_construction,index,102.6,
wpi,2022-23,2023-05-31,nic:28/machinery_for_textile_apparel_and_leather_production,index,104.2,
wpi,2022-23,2023-05-31,nic:28/metal_forming_machinery_and_machine_tools,index,103.3,
wpi,2022-23,2023-05-31,nic:28/other_general_purpose_machinery,index,100.2,
wpi,2022-23,2023-05-31,nic:28/other_pumps_compressors_taps_and_valves,index,103.9,
wpi,2022-23,2023-05-31,nic:28/other_special_purpose_machinery,index,104.3,
wpi,2022-23,2023-05-31,nic:28/ovens_furnaces_and_permanent_household_heating_equipment,index,102.3,
wpi,2022-23,2023-05-31,nic:28/power_driven_hand_tools,index,103.9,
wpi,2022-23,2023-05-31,nic:29,index,102.4,
wpi,2022-23,2023-05-31,nic:29/bodies_coachwork_for_motor_vehicles_manufacture_of_trailers_and_semi_trailers,index,100.8,
wpi,2022-23,2023-05-31,nic:29/motor_vehicles,index,104.4,
wpi,2022-23,2023-05-31,nic:29/parts_and_accessories_for_motor_vehicles,index,100.0,
wpi,2022-23,2023-05-31,nic:30,index,100.8,
wpi,2022-23,2023-05-31,nic:30/air_and_spacecraft_and_related_machinery,index,102.8,
wpi,2022-23,2023-05-31,nic:30/bicycles_and_invalid_carriages,index,100.6,
wpi,2022-23,2023-05-31,nic:30/building_of_ships_and_floating_structures,index,99.5,
wpi,2022-23,2023-05-31,nic:30/motorcycles,index,100.4,
wpi,2022-23,2023-05-31,nic:30/other_transport_equipment,index,100.7,
wpi,2022-23,2023-05-31,nic:30/railway_locomotives_and_rolling_stock,index,102.3,
wpi,2022-23,2023-05-31,nic:31,index,102.0,
wpi,2022-23,2023-05-31,nic:31/other_furniture,index,102.3,
wpi,2022-23,2023-05-31,nic:31/wooden_furniture,index,101.9,
wpi,2022-23,2023-05-31,nic:32,index,107.7,
wpi,2022-23,2023-05-31,nic:32/games_and_toys,index,103.3,
wpi,2022-23,2023-05-31,nic:32/imitation_jewellery_and_related_articles,index,102.7,
wpi,2022-23,2023-05-31,nic:32/jewellery_and_related_articles,index,109.0,
wpi,2022-23,2023-05-31,nic:32/medical_and_dental_instruments_and_supplies,index,100.8,
wpi,2022-23,2023-05-31,nic:32/musical_instruments,index,101.3,
wpi,2022-23,2023-05-31,nic:32/other_manufacturing,index,103.1,
wpi,2022-23,2023-05-31,nic:32/sports_goods,index,103.9,
wpi,2022-23,2023-05-31,wpi:all,index,98.6,
wpi,2022-23,2023-05-31,wpi:food_index,index,101.6,
wpi,2022-23,2023-05-31,wpi:fuel_power,index,91.4,
wpi,2022-23,2023-05-31,wpi:fuel_power/coal_and_lignite,index,91.7,
wpi,2022-23,2023-05-31,wpi:fuel_power/coal_and_lignite/coking_coal,index,92.8,
wpi,2022-23,2023-05-31,wpi:fuel_power/coal_and_lignite/coking_coal/coking_coal,index,92.8,
wpi,2022-23,2023-05-31,wpi:fuel_power/coal_and_lignite/lignite,index,93.6,
wpi,2022-23,2023-05-31,wpi:fuel_power/coal_and_lignite/non_coking_coal,index,91.5,
wpi,2022-23,2023-05-31,wpi:fuel_power/coal_and_lignite/non_coking_coal/non_coking_coal_g15_to_g17_gcv_3100_kcal_kg,index,93.1,
wpi,2022-23,2023-05-31,wpi:fuel_power/coal_and_lignite/non_coking_coal/non_coking_coal_g1_to_g6_gcv_exceeding_5500_kcal_kg,index,93.6,
wpi,2022-23,2023-05-31,wpi:fuel_power/coal_and_lignite/non_coking_coal/non_coking_coal_g7_to_g14_gcv_3100_kcal_kg_to_5500_kcal_kg,index,91.1,
wpi,2022-23,2023-05-31,wpi:fuel_power/crude_petroleum_natural_gas,index,93.2,
wpi,2022-23,2023-05-31,wpi:fuel_power/electricity,index,94.0,
wpi,2022-23,2023-05-31,wpi:fuel_power/electricity/hydro_electricity,index,88.6,
wpi,2022-23,2023-05-31,wpi:fuel_power/electricity/nuclear,index,100.5,
wpi,2022-23,2023-05-31,wpi:fuel_power/electricity/solar,index,101.7,
wpi,2022-23,2023-05-31,wpi:fuel_power/electricity/thermal_electricity,index,93.5,
wpi,2022-23,2023-05-31,wpi:fuel_power/electricity/wind,index,105.3,
wpi,2022-23,2023-05-31,wpi:fuel_power/mineral_oils,index,89.8,
wpi,2022-23,2023-05-31,wpi:manufactured,index,98.9,
wpi,2022-23,2023-05-31,wpi:primary,index,102.3,
wpi,2022-23,2023-05-31,wpi:primary/food_articles,index,103.6,
wpi,2022-23,2023-05-31,wpi:primary/food_articles/condiments_spices,index,114.8,
wpi,2022-23,2023-05-31,wpi:primary/food_articles/eggs_meat_fish,index,107.2,
wpi,2022-23,2023-05-31,wpi:primary/food_articles/food_grains_cereals_pulses,index,103.2,
wpi,2022-23,2023-05-31,wpi:primary/food_articles/food_grains_cereals_pulses/cereals,index,102.9,
wpi,2022-23,2023-05-31,wpi:primary/food_articles/food_grains_cereals_pulses/pulses,index,104.9,
wpi,2022-23,2023-05-31,wpi:primary/food_articles/fruits_vegetables,index,94.2,
wpi,2022-23,2023-05-31,wpi:primary/food_articles/fruits_vegetables/fruits,index,98.5,
wpi,2022-23,2023-05-31,wpi:primary/food_articles/fruits_vegetables/vegetables,index,90.1,
wpi,2022-23,2023-05-31,wpi:primary/food_articles/milk,index,106.8,
wpi,2022-23,2023-05-31,wpi:primary/food_articles/other_food_articles,index,103.5,
wpi,2022-23,2023-05-31,wpi:primary/minerals,index,101.1,
wpi,2022-23,2023-05-31,wpi:primary/minerals/metallic_minerals,index,103.2,
wpi,2022-23,2023-05-31,wpi:primary/minerals/minor_minerals,index,96.5,
wpi,2022-23,2023-05-31,wpi:primary/minerals/other_minerals,index,103.2,
wpi,2022-23,2023-05-31,wpi:primary/non_food_articles,index,98.8,
wpi,2022-23,2023-05-31,wpi:primary/non_food_articles/fibres,index,85.5,
wpi,2022-23,2023-05-31,wpi:primary/non_food_articles/floriculture,index,100.4,
wpi,2022-23,2023-05-31,wpi:primary/non_food_articles/medicinal_plants,index,141.5,
wpi,2022-23,2023-05-31,wpi:primary/non_food_articles/oil_seeds,index,92.8,
wpi,2022-23,2023-05-31,wpi:primary/non_food_articles/other_non_food_articles,index,102.5,
wpi,2022-23,2023-06-30,nic:10,index,97.8,
wpi,2022-23,2023-06-30,nic:10/bakery_products,index,100.2,
wpi,2022-23,2023-06-30,nic:10/cocoa_chocolate_and_sugar_confectionery,index,105.9,
wpi,2022-23,2023-06-30,nic:10/dairy_products,index,104.8,
wpi,2022-23,2023-06-30,nic:10/grain_mill_products,index,105.5,
wpi,2022-23,2023-06-30,nic:10/macaroni_noodles_couscous_and_similar_farinaceous_products,index,100.6,
wpi,2022-23,2023-06-30,nic:10/other_food_products,index,102.4,
wpi,2022-23,2023-06-30,nic:10/prepared_animal_feeds,index,99.3,
wpi,2022-23,2023-06-30,nic:10/processing_and_preserving_of_fish_crustaceans_and_molluscs,index,95.1,
wpi,2022-23,2023-06-30,nic:10/processing_and_preserving_of_fruit_and_vegetables,index,104.6,
wpi,2022-23,2023-06-30,nic:10/processing_and_preserving_of_meat,index,101.8,
wpi,2022-23,2023-06-30,nic:10/processing_of_coffee_and_tea,index,109.4,
wpi,2022-23,2023-06-30,nic:10/starches_and_starch_products,index,90.8,
wpi,2022-23,2023-06-30,nic:10/sugar,index,103.8,
wpi,2022-23,2023-06-30,nic:10/vegetable_and_animal_oils_and_fats,index,77.8,
wpi,2022-23,2023-06-30,nic:11,index,102.3,
wpi,2022-23,2023-06-30,nic:11/beer,index,103.3,
wpi,2022-23,2023-06-30,nic:11/distilling_rectifying_and_blending_of_spirits,index,103.8,
wpi,2022-23,2023-06-30,nic:11/soft_drinks_production_of_mineral_waters_and_other_bottled_waters,index,101.8,
wpi,2022-23,2023-06-30,nic:11/wines,index,103.1,
wpi,2022-23,2023-06-30,nic:12,index,104.0,
wpi,2022-23,2023-06-30,nic:12/tobacco_products,index,104.0,
wpi,2022-23,2023-06-30,nic:13,index,92.7,
wpi,2022-23,2023-06-30,nic:13/carpets_and_rugs,index,100.3,
wpi,2022-23,2023-06-30,nic:13/cordage_rope_twine_and_netting,index,99.5,
wpi,2022-23,2023-06-30,nic:13/knitted_and_crocheted_fabrics,index,94.6,
wpi,2022-23,2023-06-30,nic:13/made_up_textile_articles_except_apparel,index,98.6,
wpi,2022-23,2023-06-30,nic:13/other_textiles,index,100.1,
wpi,2022-23,2023-06-30,nic:13/preparation_and_spinning_of_textile_fibres,index,89.8,
wpi,2022-23,2023-06-30,nic:13/weaving_of_textiles,index,97.9,
wpi,2022-23,2023-06-30,nic:14,index,102.5,
wpi,2022-23,2023-06-30,nic:14/knitted_and_crocheted_apparel,index,102.3,
wpi,2022-23,2023-06-30,nic:14/wearing_apparel_except_fur_apparel,index,102.6,
wpi,2022-23,2023-06-30,nic:15,index,101.5,
wpi,2022-23,2023-06-30,nic:15/footwear,index,100.8,
wpi,2022-23,2023-06-30,nic:15/luggage_handbags_and_the_like_saddlery_and_harness_of_any_material,index,105.2,
wpi,2022-23,2023-06-30,nic:15/tanning_and_dressing_of_leather_dressing_and_dyeing_of_fur,index,102.0,
wpi,2022-23,2023-06-30,nic:16,index,101.5,
wpi,2022-23,2023-06-30,nic:16/other_products_of_wood_manufacture_of_articles_of_cork_straw_and_plaiting_materials,index,101.0,
wpi,2022-23,2023-06-30,nic:16/sawmilling_and_planing_of_wood,index,103.2,
wpi,2022-23,2023-06-30,nic:16/veneer_sheets_and_wood_based_panels,index,101.3,
wpi,2022-23,2023-06-30,nic:16/wooden_containers,index,102.9,
wpi,2022-23,2023-06-30,nic:17,index,90.2,
wpi,2022-23,2023-06-30,nic:17/corrugated_paper_and_paperboard_and_of_containers_of_paper_and_paperboard,index,90.0,
wpi,2022-23,2023-06-30,nic:17/other_articles_of_paper_and_paperboard,index,98.4,
wpi,2022-23,2023-06-30,nic:17/pulp_paper_and_paperboard,index,86.1,
wpi,2022-23,2023-06-30,nic:18,index,103.2,
wpi,2022-23,2023-06-30,nic:18/printing,index,103.2,
wpi,2022-23,2023-06-30,nic:20,index,92.5,
wpi,2022-23,2023-06-30,nic:20/basic_chemicals,index,89.0,
wpi,2022-23,2023-06-30,nic:20/fertilizers_and_nitrogen_compounds,index,93.8,
wpi,2022-23,2023-06-30,nic:20/man_made_fibres,index,92.1,
wpi,2022-23,2023-06-30,nic:20/other_chemical_products,index,92.2,
wpi,2022-23,2023-06-30,nic:20/paints_varnishes_and_similar_coatings_printing_ink_and_mastics,index,93.4,
wpi,2022-23,2023-06-30,nic:20/pesticides_and_other_agrochemical_products,index,93.5,
wpi,2022-23,2023-06-30,nic:20/plastics_and_synthetic_rubber_in_primary_forms,index,91.3,
wpi,2022-23,2023-06-30,nic:20/soap_and_detergents_cleaning_and_polishing_preparations_perfumes_and_toilet_preparations,index,97.7,
wpi,2022-23,2023-06-30,nic:21,index,100.6,
wpi,2022-23,2023-06-30,nic:21/pharmaceuticals_medicinal_chemical_and_botanical_products,index,100.6,
wpi,2022-23,2023-06-30,nic:22,index,95.6,
wpi,2022-23,2023-06-30,nic:22/other_rubber_products,index,101.6,
wpi,2022-23,2023-06-30,nic:22/plastics_products,index,93.8,
wpi,2022-23,2023-06-30,nic:22/rubber_tyres_and_tubes_retreading_and_rebuilding_of_rubber_tyres,index,99.4,
wpi,2022-23,2023-06-30,nic:23,index,98.9,
wpi,2022-23,2023-06-30,nic:23/articles_of_concrete_cement_and_plaster,index,103.2,
wpi,2022-23,2023-06-30,nic:23/cement_lime_and_plaster,index,97.4,
wpi,2022-23,2023-06-30,nic:23/clay_building_materials,index,100.8,
wpi,2022-23,2023-06-30,nic:23/cutting_shaping_and_finishing_of_stone,index,112.2,
wpi,2022-23,2023-06-30,nic:23/glass_and_glass_products,index,99.6,
wpi,2022-23,2023-06-30,nic:23/other_porcelain_and_ceramic_products,index,99.3,
wpi,2022-23,2023-06-30,nic:23/refractory_products,index,99.1,
wpi,2022-23,2023-06-30,nic:24,index,94.4,
wpi,2022-23,2023-06-30,nic:24/basic_iron_and_steel,index,93.3,
wpi,2022-23,2023-06-30,nic:24/basic_precious_and_other_non_ferrous_metals,index,97.8,
wpi,2022-23,2023-06-30,nic:24/casting_of_iron_and_steel,index,97.7,
wpi,2022-23,2023-06-30,nic:25,index,100.7,
wpi,2022-23,2023-06-30,nic:25/cutlery_hand_tools_and_general_hardware,index,100.9,
wpi,2022-23,2023-06-30,nic:25/forging_pressing_stamping_and_roll_forming_of_metal_powder_metallurgy,index,97.6,
wpi,2022-23,2023-06-30,nic:25/other_fabricated_metal_products,index,102.4,
wpi,2022-23,2023-06-30,nic:25/steam_generators_except_central_heating_hot_water_boilers,index,106.6,
wpi,2022-23,2023-06-30,nic:25/structural_metal_products,index,99.2,
wpi,2022-23,2023-06-30,nic:25/tanks_reservoirs_and_containers_of_metal,index,100.2,
wpi,2022-23,2023-06-30,nic:25/treatment_and_coating_of_metals_machining,index,94.6,
wpi,2022-23,2023-06-30,nic:25/weapons_and_ammunition,index,100.3,
wpi,2022-23,2023-06-30,nic:26,index,99.1,
wpi,2022-23,2023-06-30,nic:26/communication_equipment,index,97.9,
wpi,2022-23,2023-06-30,nic:26/computers_and_peripheral_equipment,index,98.7,
wpi,2022-23,2023-06-30,nic:26/consumer_electronics,index,97.6,
wpi,2022-23,2023-06-30,nic:26/irradiation_electromedical_and_electrotherapeutic_equipment,index,99.9,
wpi,2022-23,2023-06-30,nic:26/magnetic_and_optical_media,index,89.0,
wpi,2022-23,2023-06-30,nic:26/measuring_testing_navigating_and_control_equipment,index,108.4,
wpi,2022-23,2023-06-30,nic:26/optical_instruments_and_photographic_equipment,index,103.0,
wpi,2022-23,2023-06-30,nic:26/other_electronic_components_and_boards,index,98.0,
wpi,2022-23,2023-06-30,nic:26/solar_cells_solar_panels_and_photovoltaic_inverters,index,115.1,
wpi,2022-23,2023-06-30,nic:26/watches_and_clocks,index,105.4,
wpi,2022-23,2023-06-30,nic:27,index,100.7,
wpi,2022-23,2023-06-30,nic:27/batteries_and_accumulators,index,104.1,
wpi,2022-23,2023-06-30,nic:27/domestic_appliances,index,98.9,
wpi,2022-23,2023-06-30,nic:27/electric_lighting_equipment,index,95.8,
wpi,2022-23,2023-06-30,nic:27/electric_motors_generators_transformers_and_electricity_distribution_and_control_apparatus,index,101.7,
wpi,2022-23,2023-06-30,nic:27/fibre_optic_cables,index,106.8,
wpi,2022-23,2023-06-30,nic:27/other_electrical_equipment,index,96.6,
wpi,2022-23,2023-06-30,nic:27/other_electronic_and_electric_wires_and_cables,index,99.5,
wpi,2022-23,2023-06-30,nic:27/wiring_devices,index,103.1,
wpi,2022-23,2023-06-30,nic:28,index,102.1,
wpi,2022-23,2023-06-30,nic:28/agricultural_and_forestry_machinery,index,101.2,
wpi,2022-23,2023-06-30,nic:28/bearings_gears_gearing_and_driving_elements,index,100.8,
wpi,2022-23,2023-06-30,nic:28/engines_and_turbines_except_aircraft_vehicle_and_cycle_engines,index,100.6,
wpi,2022-23,2023-06-30,nic:28/fluid_power_equipment,index,100.1,
wpi,2022-23,2023-06-30,nic:28/lifting_and_handling_equipment,index,104.6,
wpi,2022-23,2023-06-30,nic:28/machinery_for_food_beverage_and_tobacco_processing,index,104.6,
wpi,2022-23,2023-06-30,nic:28/machinery_for_metallurgy,index,107.2,
wpi,2022-23,2023-06-30,nic:28/machinery_for_mining_quarrying_and_construction,index,102.8,
wpi,2022-23,2023-06-30,nic:28/machinery_for_textile_apparel_and_leather_production,index,100.7,
wpi,2022-23,2023-06-30,nic:28/metal_forming_machinery_and_machine_tools,index,104.7,
wpi,2022-23,2023-06-30,nic:28/other_general_purpose_machinery,index,101.3,
wpi,2022-23,2023-06-30,nic:28/other_pumps_compressors_taps_and_valves,index,102.3,
wpi,2022-23,2023-06-30,nic:28/other_special_purpose_machinery,index,104.1,
wpi,2022-23,2023-06-30,nic:28/ovens_furnaces_and_permanent_household_heating_equipment,index,102.6,
wpi,2022-23,2023-06-30,nic:28/power_driven_hand_tools,index,102.0,
wpi,2022-23,2023-06-30,nic:29,index,104.9,
wpi,2022-23,2023-06-30,nic:29/bodies_coachwork_for_motor_vehicles_manufacture_of_trailers_and_semi_trailers,index,98.0,
wpi,2022-23,2023-06-30,nic:29/motor_vehicles,index,109.0,
wpi,2022-23,2023-06-30,nic:29/parts_and_accessories_for_motor_vehicles,index,100.3,
wpi,2022-23,2023-06-30,nic:30,index,101.4,
wpi,2022-23,2023-06-30,nic:30/air_and_spacecraft_and_related_machinery,index,108.8,
wpi,2022-23,2023-06-30,nic:30/bicycles_and_invalid_carriages,index,100.3,
wpi,2022-23,2023-06-30,nic:30/building_of_ships_and_floating_structures,index,99.5,
wpi,2022-23,2023-06-30,nic:30/motorcycles,index,101.0,
wpi,2022-23,2023-06-30,nic:30/other_transport_equipment,index,99.6,
wpi,2022-23,2023-06-30,nic:30/railway_locomotives_and_rolling_stock,index,102.1,
wpi,2022-23,2023-06-30,nic:31,index,102.1,
wpi,2022-23,2023-06-30,nic:31/other_furniture,index,101.1,
wpi,2022-23,2023-06-30,nic:31/wooden_furniture,index,102.7,
wpi,2022-23,2023-06-30,nic:32,index,101.7,
wpi,2022-23,2023-06-30,nic:32/games_and_toys,index,103.3,
wpi,2022-23,2023-06-30,nic:32/imitation_jewellery_and_related_articles,index,102.5,
wpi,2022-23,2023-06-30,nic:32/jewellery_and_related_articles,index,101.5,
wpi,2022-23,2023-06-30,nic:32/medical_and_dental_instruments_and_supplies,index,101.6,
wpi,2022-23,2023-06-30,nic:32/musical_instruments,index,100.4,
wpi,2022-23,2023-06-30,nic:32/other_manufacturing,index,103.0,
wpi,2022-23,2023-06-30,nic:32/sports_goods,index,103.8,
wpi,2022-23,2023-06-30,wpi:all,index,98.3,
wpi,2022-23,2023-06-30,wpi:food_index,index,102.9,
wpi,2022-23,2023-06-30,wpi:fuel_power,index,90.5,
wpi,2022-23,2023-06-30,wpi:fuel_power/coal_and_lignite,index,91.8,
wpi,2022-23,2023-06-30,wpi:fuel_power/coal_and_lignite/coking_coal,index,90.9,
wpi,2022-23,2023-06-30,wpi:fuel_power/coal_and_lignite/coking_coal/coking_coal,index,90.9,
wpi,2022-23,2023-06-30,wpi:fuel_power/coal_and_lignite/lignite,index,87.0,
wpi,2022-23,2023-06-30,wpi:fuel_power/coal_and_lignite/non_coking_coal,index,92.1,
wpi,2022-23,2023-06-30,wpi:fuel_power/coal_and_lignite/non_coking_coal/non_coking_coal_g15_to_g17_gcv_3100_kcal_kg,index,92.1,
wpi,2022-23,2023-06-30,wpi:fuel_power/coal_and_lignite/non_coking_coal/non_coking_coal_g1_to_g6_gcv_exceeding_5500_kcal_kg,index,96.3,
wpi,2022-23,2023-06-30,wpi:fuel_power/coal_and_lignite/non_coking_coal/non_coking_coal_g7_to_g14_gcv_3100_kcal_kg_to_5500_kcal_kg,index,91.5,
wpi,2022-23,2023-06-30,wpi:fuel_power/crude_petroleum_natural_gas,index,90.5,
wpi,2022-23,2023-06-30,wpi:fuel_power/electricity,index,94.9,
wpi,2022-23,2023-06-30,wpi:fuel_power/electricity/hydro_electricity,index,82.5,
wpi,2022-23,2023-06-30,wpi:fuel_power/electricity/nuclear,index,100.2,
wpi,2022-23,2023-06-30,wpi:fuel_power/electricity/solar,index,102.3,
wpi,2022-23,2023-06-30,wpi:fuel_power/electricity/thermal_electricity,index,95.0,
wpi,2022-23,2023-06-30,wpi:fuel_power/electricity/wind,index,105.7,
wpi,2022-23,2023-06-30,wpi:fuel_power/mineral_oils,index,88.0,
wpi,2022-23,2023-06-30,wpi:manufactured,index,98.2,
wpi,2022-23,2023-06-30,wpi:primary,index,103.3,
wpi,2022-23,2023-06-30,wpi:primary/food_articles,index,105.8,
wpi,2022-23,2023-06-30,wpi:primary/food_articles/condiments_spices,index,120.6,
wpi,2022-23,2023-06-30,wpi:primary/food_articles/eggs_meat_fish,index,107.0,
wpi,2022-23,2023-06-30,wpi:primary/food_articles/food_grains_cereals_pulses,index,104.6,
wpi,2022-23,2023-06-30,wpi:primary/food_articles/food_grains_cereals_pulses/cereals,index,104.1,
wpi,2022-23,2023-06-30,wpi:primary/food_articles/food_grains_cereals_pulses/pulses,index,107.1,
wpi,2022-23,2023-06-30,wpi:primary/food_articles/fruits_vegetables,index,101.8,
wpi,2022-23,2023-06-30,wpi:primary/food_articles/fruits_vegetables/fruits,index,93.4,
wpi,2022-23,2023-06-30,wpi:primary/food_articles/fruits_vegetables/vegetables,index,110.0,
wpi,2022-23,2023-06-30,wpi:primary/food_articles/milk,index,107.2,
wpi,2022-23,2023-06-30,wpi:primary/food_articles/other_food_articles,index,102.9,
wpi,2022-23,2023-06-30,wpi:primary/minerals,index,98.7,
wpi,2022-23,2023-06-30,wpi:primary/minerals/metallic_minerals,index,99.4,
wpi,2022-23,2023-06-30,wpi:primary/minerals/minor_minerals,index,96.8,
wpi,2022-23,2023-06-30,wpi:primary/minerals/other_minerals,index,100.0,
wpi,2022-23,2023-06-30,wpi:primary/non_food_articles,index,97.2,
wpi,2022-23,2023-06-30,wpi:primary/non_food_articles/fibres,index,80.9,
wpi,2022-23,2023-06-30,wpi:primary/non_food_articles/floriculture,index,89.8,
wpi,2022-23,2023-06-30,wpi:primary/non_food_articles/medicinal_plants,index,140.8,
wpi,2022-23,2023-06-30,wpi:primary/non_food_articles/oil_seeds,index,92.2,
wpi,2022-23,2023-06-30,wpi:primary/non_food_articles/other_non_food_articles,index,101.5,
wpi,2022-23,2023-07-31,nic:10,index,98.5,
wpi,2022-23,2023-07-31,nic:10/bakery_products,index,100.0,
wpi,2022-23,2023-07-31,nic:10/cocoa_chocolate_and_sugar_confectionery,index,105.1,
wpi,2022-23,2023-07-31,nic:10/dairy_products,index,104.8,
wpi,2022-23,2023-07-31,nic:10/grain_mill_products,index,106.9,
wpi,2022-23,2023-07-31,nic:10/macaroni_noodles_couscous_and_similar_farinaceous_products,index,101.3,
wpi,2022-23,2023-07-31,nic:10/other_food_products,index,102.0,
wpi,2022-23,2023-07-31,nic:10/prepared_animal_feeds,index,99.6,
wpi,2022-23,2023-07-31,nic:10/processing_and_preserving_of_fish_crustaceans_and_molluscs,index,95.6,
wpi,2022-23,2023-07-31,nic:10/processing_and_preserving_of_fruit_and_vegetables,index,104.3,
wpi,2022-23,2023-07-31,nic:10/processing_and_preserving_of_meat,index,100.7,
wpi,2022-23,2023-07-31,nic:10/processing_of_coffee_and_tea,index,106.8,
wpi,2022-23,2023-07-31,nic:10/starches_and_starch_products,index,89.0,
wpi,2022-23,2023-07-31,nic:10/sugar,index,104.8,
wpi,2022-23,2023-07-31,nic:10/vegetable_and_animal_oils_and_fats,index,79.7,
wpi,2022-23,2023-07-31,nic:11,index,102.2,
wpi,2022-23,2023-07-31,nic:11/beer,index,101.9,
wpi,2022-23,2023-07-31,nic:11/distilling_rectifying_and_blending_of_spirits,index,103.9,
wpi,2022-23,2023-07-31,nic:11/soft_drinks_production_of_mineral_waters_and_other_bottled_waters,index,101.7,
wpi,2022-23,2023-07-31,nic:11/wines,index,101.5,
wpi,2022-23,2023-07-31,nic:12,index,104.5,
wpi,2022-23,2023-07-31,nic:12/tobacco_products,index,104.5,
wpi,2022-23,2023-07-31,nic:13,index,91.4,
wpi,2022-23,2023-07-31,nic:13/carpets_and_rugs,index,100.8,
wpi,2022-23,2023-07-31,nic:13/cordage_rope_twine_and_netting,index,99.9,
wpi,2022-23,2023-07-31,nic:13/knitted_and_crocheted_fabrics,index,93.7,
wpi,2022-23,2023-07-31,nic:13/made_up_textile_articles_except_apparel,index,98.2,
wpi,2022-23,2023-07-31,nic:13/other_textiles,index,99.5,
wpi,2022-23,2023-07-31,nic:13/preparation_and_spinning_of_textile_fibres,index,88.1,
wpi,2022-23,2023-07-31,nic:13/weaving_of_textiles,index,97.1,
wpi,2022-23,2023-07-31,nic:14,index,102.6,
wpi,2022-23,2023-07-31,nic:14/knitted_and_crocheted_apparel,index,102.7,
wpi,2022-23,2023-07-31,nic:14/wearing_apparel_except_fur_apparel,index,102.6,
wpi,2022-23,2023-07-31,nic:15,index,102.2,
wpi,2022-23,2023-07-31,nic:15/footwear,index,102.1,
wpi,2022-23,2023-07-31,nic:15/luggage_handbags_and_the_like_saddlery_and_harness_of_any_material,index,102.6,
wpi,2022-23,2023-07-31,nic:15/tanning_and_dressing_of_leather_dressing_and_dyeing_of_fur,index,102.7,
wpi,2022-23,2023-07-31,nic:16,index,101.9,
wpi,2022-23,2023-07-31,nic:16/other_products_of_wood_manufacture_of_articles_of_cork_straw_and_plaiting_materials,index,105.0,
wpi,2022-23,2023-07-31,nic:16/sawmilling_and_planing_of_wood,index,104.9,
wpi,2022-23,2023-07-31,nic:16/veneer_sheets_and_wood_based_panels,index,101.7,
wpi,2022-23,2023-07-31,nic:16/wooden_containers,index,102.1,
wpi,2022-23,2023-07-31,nic:17,index,88.0,
wpi,2022-23,2023-07-31,nic:17/corrugated_paper_and_paperboard_and_of_containers_of_paper_and_paperboard,index,88.1,
wpi,2022-23,2023-07-31,nic:17/other_articles_of_paper_and_paperboard,index,93.3,
wpi,2022-23,2023-07-31,nic:17/pulp_paper_and_paperboard,index,85.1,
wpi,2022-23,2023-07-31,nic:18,index,103.3,
wpi,2022-23,2023-07-31,nic:18/printing,index,103.3,
wpi,2022-23,2023-07-31,nic:20,index,91.6,
wpi,2022-23,2023-07-31,nic:20/basic_chemicals,index,87.9,
wpi,2022-23,2023-07-31,nic:20/fertilizers_and_nitrogen_compounds,index,93.1,
wpi,2022-23,2023-07-31,nic:20/man_made_fibres,index,92.4,
wpi,2022-23,2023-07-31,nic:20/other_chemical_products,index,90.1,
wpi,2022-23,2023-07-31,nic:20/paints_varnishes_and_similar_coatings_printing_ink_and_mastics,index,91.7,
wpi,2022-23,2023-07-31,nic:20/pesticides_and_other_agrochemical_products,index,91.9,
wpi,2022-23,2023-07-31,nic:20/plastics_and_synthetic_rubber_in_primary_forms,index,90.3,
wpi,2022-23,2023-07-31,nic:20/soap_and_detergents_cleaning_and_polishing_preparations_perfumes_and_toilet_preparations,index,97.4,
wpi,2022-23,2023-07-31,nic:21,index,100.9,
wpi,2022-23,2023-07-31,nic:21/pharmaceuticals_medicinal_chemical_and_botanical_products,index,100.9,
wpi,2022-23,2023-07-31,nic:22,index,94.4,
wpi,2022-23,2023-07-31,nic:22/other_rubber_products,index,101.1,
wpi,2022-23,2023-07-31,nic:22/plastics_products,index,92.6,
wpi,2022-23,2023-07-31,nic:22/rubber_tyres_and_tubes_retreading_and_rebuilding_of_rubber_tyres,index,98.1,
wpi,2022-23,2023-07-31,nic:23,index,98.8,
wpi,2022-23,2023-07-31,nic:23/articles_of_concrete_cement_and_plaster,index,102.8,
wpi,2022-23,2023-07-31,nic:23/cement_lime_and_plaster,index,97.4,
wpi,2022-23,2023-07-31,nic:23/clay_building_materials,index,101.5,
wpi,2022-23,2023-07-31,nic:23/cutting_shaping_and_finishing_of_stone,index,108.1,
wpi,2022-23,2023-07-31,nic:23/glass_and_glass_products,index,99.7,
wpi,2022-23,2023-07-31,nic:23/other_porcelain_and_ceramic_products,index,99.8,
wpi,2022-23,2023-07-31,nic:23/refractory_products,index,98.8,
wpi,2022-23,2023-07-31,nic:24,index,93.1,
wpi,2022-23,2023-07-31,nic:24/basic_iron_and_steel,index,91.8,
wpi,2022-23,2023-07-31,nic:24/basic_precious_and_other_non_ferrous_metals,index,97.4,
wpi,2022-23,2023-07-31,nic:24/casting_of_iron_and_steel,index,96.5,
wpi,2022-23,2023-07-31,nic:25,index,100.1,
wpi,2022-23,2023-07-31,nic:25/cutlery_hand_tools_and_general_hardware,index,100.6,
wpi,2022-23,2023-07-31,nic:25/forging_pressing_stamping_and_roll_forming_of_metal_powder_metallurgy,index,96.9,
wpi,2022-23,2023-07-31,nic:25/other_fabricated_metal_products,index,103.0,
wpi,2022-23,2023-07-31,nic:25/steam_generators_except_central_heating_hot_water_boilers,index,104.6,
wpi,2022-23,2023-07-31,nic:25/structural_metal_products,index,98.1,
wpi,2022-23,2023-07-31,nic:25/tanks_reservoirs_and_containers_of_metal,index,97.8,
wpi,2022-23,2023-07-31,nic:25/treatment_and_coating_of_metals_machining,index,92.7,
wpi,2022-23,2023-07-31,nic:25/weapons_and_ammunition,index,97.9,
wpi,2022-23,2023-07-31,nic:26,index,99.0,
wpi,2022-23,2023-07-31,nic:26/communication_equipment,index,97.7,
wpi,2022-23,2023-07-31,nic:26/computers_and_peripheral_equipment,index,96.7,
wpi,2022-23,2023-07-31,nic:26/consumer_electronics,index,97.4,
wpi,2022-23,2023-07-31,nic:26/irradiation_electromedical_and_electrotherapeutic_equipment,index,100.5,
wpi,2022-23,2023-07-31,nic:26/magnetic_and_optical_media,index,89.0,
wpi,2022-23,2023-07-31,nic:26/measuring_testing_navigating_and_control_equipment,index,108.5,
wpi,2022-23,2023-07-31,nic:26/optical_instruments_and_photographic_equipment,index,103.9,
wpi,2022-23,2023-07-31,nic:26/other_electronic_components_and_boards,index,98.5,
wpi,2022-23,2023-07-31,nic:26/solar_cells_solar_panels_and_photovoltaic_inverters,index,117.1,
wpi,2022-23,2023-07-31,nic:26/watches_and_clocks,index,110.7,
wpi,2022-23,2023-07-31,nic:27,index,101.0,
wpi,2022-23,2023-07-31,nic:27/batteries_and_accumulators,index,103.6,
wpi,2022-23,2023-07-31,nic:27/domestic_appliances,index,98.5,
wpi,2022-23,2023-07-31,nic:27/electric_lighting_equipment,index,95.4,
wpi,2022-23,2023-07-31,nic:27/electric_motors_generators_transformers_and_electricity_distribution_and_control_apparatus,index,102.3,
wpi,2022-23,2023-07-31,nic:27/fibre_optic_cables,index,106.7,
wpi,2022-23,2023-07-31,nic:27/other_electrical_equipment,index,97.8,
wpi,2022-23,2023-07-31,nic:27/other_electronic_and_electric_wires_and_cables,index,100.4,
wpi,2022-23,2023-07-31,nic:27/wiring_devices,index,103.1,
wpi,2022-23,2023-07-31,nic:28,index,101.5,
wpi,2022-23,2023-07-31,nic:28/agricultural_and_forestry_machinery,index,101.3,
wpi,2022-23,2023-07-31,nic:28/bearings_gears_gearing_and_driving_elements,index,99.8,
wpi,2022-23,2023-07-31,nic:28/engines_and_turbines_except_aircraft_vehicle_and_cycle_engines,index,100.6,
wpi,2022-23,2023-07-31,nic:28/fluid_power_equipment,index,102.7,
wpi,2022-23,2023-07-31,nic:28/lifting_and_handling_equipment,index,102.8,
wpi,2022-23,2023-07-31,nic:28/machinery_for_food_beverage_and_tobacco_processing,index,103.2,
wpi,2022-23,2023-07-31,nic:28/machinery_for_metallurgy,index,102.9,
wpi,2022-23,2023-07-31,nic:28/machinery_for_mining_quarrying_and_construction,index,102.9,
wpi,2022-23,2023-07-31,nic:28/machinery_for_textile_apparel_and_leather_production,index,101.0,
wpi,2022-23,2023-07-31,nic:28/metal_forming_machinery_and_machine_tools,index,102.9,
wpi,2022-23,2023-07-31,nic:28/other_general_purpose_machinery,index,100.9,
wpi,2022-23,2023-07-31,nic:28/other_pumps_compressors_taps_and_valves,index,102.4,
wpi,2022-23,2023-07-31,nic:28/other_special_purpose_machinery,index,100.7,
wpi,2022-23,2023-07-31,nic:28/ovens_furnaces_and_permanent_household_heating_equipment,index,100.7,
wpi,2022-23,2023-07-31,nic:28/power_driven_hand_tools,index,103.7,
wpi,2022-23,2023-07-31,nic:29,index,104.2,
wpi,2022-23,2023-07-31,nic:29/bodies_coachwork_for_motor_vehicles_manufacture_of_trailers_and_semi_trailers,index,97.7,
wpi,2022-23,2023-07-31,nic:29/motor_vehicles,index,107.9,
wpi,2022-23,2023-07-31,nic:29/parts_and_accessories_for_motor_vehicles,index,100.0,
wpi,2022-23,2023-07-31,nic:30,index,101.7,
wpi,2022-23,2023-07-31,nic:30/air_and_spacecraft_and_related_machinery,index,108.6,
wpi,2022-23,2023-07-31,nic:30/bicycles_and_invalid_carriages,index,100.3,
wpi,2022-23,2023-07-31,nic:30/building_of_ships_and_floating_structures,index,99.5,
wpi,2022-23,2023-07-31,nic:30/motorcycles,index,101.2,
wpi,2022-23,2023-07-31,nic:30/other_transport_equipment,index,100.7,
wpi,2022-23,2023-07-31,nic:30/railway_locomotives_and_rolling_stock,index,102.6,
wpi,2022-23,2023-07-31,nic:31,index,100.6,
wpi,2022-23,2023-07-31,nic:31/other_furniture,index,100.2,
wpi,2022-23,2023-07-31,nic:31/wooden_furniture,index,100.8,
wpi,2022-23,2023-07-31,nic:32,index,104.0,
wpi,2022-23,2023-07-31,nic:32/games_and_toys,index,102.4,
wpi,2022-23,2023-07-31,nic:32/imitation_jewellery_and_related_articles,index,105.7,
wpi,2022-23,2023-07-31,nic:32/jewellery_and_related_articles,index,104.3,
wpi,2022-23,2023-07-31,nic:32/medical_and_dental_instruments_and_supplies,index,101.4,
wpi,2022-23,2023-07-31,nic:32/musical_instruments,index,103.7,
wpi,2022-23,2023-07-31,nic:32/other_manufacturing,index,103.2,
wpi,2022-23,2023-07-31,nic:32/sports_goods,index,104.1,
wpi,2022-23,2023-07-31,wpi:all,index,99.1,
wpi,2022-23,2023-07-31,wpi:food_index,index,106.7,
wpi,2022-23,2023-07-31,wpi:fuel_power,index,90.6,
wpi,2022-23,2023-07-31,wpi:fuel_power/coal_and_lignite,index,90.4,
wpi,2022-23,2023-07-31,wpi:fuel_power/coal_and_lignite/coking_coal,index,92.0,
wpi,2022-23,2023-07-31,wpi:fuel_power/coal_and_lignite/coking_coal/coking_coal,index,92.0,
wpi,2022-23,2023-07-31,wpi:fuel_power/coal_and_lignite/lignite,index,85.0,
wpi,2022-23,2023-07-31,wpi:fuel_power/coal_and_lignite/non_coking_coal,index,90.4,
wpi,2022-23,2023-07-31,wpi:fuel_power/coal_and_lignite/non_coking_coal/non_coking_coal_g15_to_g17_gcv_3100_kcal_kg,index,91.6,
wpi,2022-23,2023-07-31,wpi:fuel_power/coal_and_lignite/non_coking_coal/non_coking_coal_g1_to_g6_gcv_exceeding_5500_kcal_kg,index,95.9,
wpi,2022-23,2023-07-31,wpi:fuel_power/coal_and_lignite/non_coking_coal/non_coking_coal_g7_to_g14_gcv_3100_kcal_kg_to_5500_kcal_kg,index,89.5,
wpi,2022-23,2023-07-31,wpi:fuel_power/crude_petroleum_natural_gas,index,93.6,
wpi,2022-23,2023-07-31,wpi:fuel_power/electricity,index,95.6,
wpi,2022-23,2023-07-31,wpi:fuel_power/electricity/hydro_electricity,index,80.7,
wpi,2022-23,2023-07-31,wpi:fuel_power/electricity/nuclear,index,100.2,
wpi,2022-23,2023-07-31,wpi:fuel_power/electricity/solar,index,99.8,
wpi,2022-23,2023-07-31,wpi:fuel_power/electricity/thermal_electricity,index,96.2,
wpi,2022-23,2023-07-31,wpi:fuel_power/electricity/wind,index,105.3,
wpi,2022-23,2023-07-31,wpi:fuel_power/mineral_oils,index,87.6,
wpi,2022-23,2023-07-31,wpi:manufactured,index,97.8,
wpi,2022-23,2023-07-31,wpi:primary,index,107.9,
wpi,2022-23,2023-07-31,wpi:primary/food_articles,index,111.3,
wpi,2022-23,2023-07-31,wpi:primary/food_articles/condiments_spices,index,132.7,
wpi,2022-23,2023-07-31,wpi:primary/food_articles/eggs_meat_fish,index,103.9,
wpi,2022-23,2023-07-31,wpi:primary/food_articles/food_grains_cereals_pulses,index,105.9,
wpi,2022-23,2023-07-31,wpi:primary/food_articles/food_grains_cereals_pulses/cereals,index,105.4,
wpi,2022-23,2023-07-31,wpi:primary/food_articles/food_grains_cereals_pulses/pulses,index,108.4,
wpi,2022-23,2023-07-31,wpi:primary/food_articles/fruits_vegetables,index,125.6,
wpi,2022-23,2023-07-31,wpi:primary/food_articles/fruits_vegetables/fruits,index,91.0,
wpi,2022-23,2023-07-31,wpi:primary/food_articles/fruits_vegetables/vegetables,index,158.9,
wpi,2022-23,2023-07-31,wpi:primary/food_articles/milk,index,107.8,
wpi,2022-23,2023-07-31,wpi:primary/food_articles/other_food_articles,index,102.6,
wpi,2022-23,2023-07-31,wpi:primary/minerals,index,101.8,
wpi,2022-23,2023-07-31,wpi:primary/minerals/metallic_minerals,index,97.2,
wpi,2022-23,2023-07-31,wpi:primary/minerals/minor_minerals,index,109.6,
wpi,2022-23,2023-07-31,wpi:primary/minerals/other_minerals,index,102.0,
wpi,2022-23,2023-07-31,wpi:primary/non_food_articles,index,99.3,
wpi,2022-23,2023-07-31,wpi:primary/non_food_articles/fibres,index,78.9,
wpi,2022-23,2023-07-31,wpi:primary/non_food_articles/floriculture,index,110.2,
wpi,2022-23,2023-07-31,wpi:primary/non_food_articles/medicinal_plants,index,155.2,
wpi,2022-23,2023-07-31,wpi:primary/non_food_articles/oil_seeds,index,93.0,
wpi,2022-23,2023-07-31,wpi:primary/non_food_articles/other_non_food_articles,index,103.7,
wpi,2022-23,2023-08-31,nic:10,index,99.2,
wpi,2022-23,2023-08-31,nic:10/bakery_products,index,100.3,
wpi,2022-23,2023-08-31,nic:10/cocoa_chocolate_and_sugar_confectionery,index,103.6,
wpi,2022-23,2023-08-31,nic:10/dairy_products,index,104.8,
wpi,2022-23,2023-08-31,nic:10/grain_mill_products,index,109.0,
wpi,2022-23,2023-08-31,nic:10/macaroni_noodles_couscous_and_similar_farinaceous_products,index,101.3,
wpi,2022-23,2023-08-31,nic:10/other_food_products,index,103.1,
wpi,2022-23,2023-08-31,nic:10/prepared_animal_feeds,index,100.5,
wpi,2022-23,2023-08-31,nic:10/processing_and_preserving_of_fish_crustaceans_and_molluscs,index,92.8,
wpi,2022-23,2023-08-31,nic:10/processing_and_preserving_of_fruit_and_vegetables,index,104.6,
wpi,2022-23,2023-08-31,nic:10/processing_and_preserving_of_meat,index,102.3,
wpi,2022-23,2023-08-31,nic:10/processing_of_coffee_and_tea,index,103.0,
wpi,2022-23,2023-08-31,nic:10/starches_and_starch_products,index,90.3,
wpi,2022-23,2023-08-31,nic:10/sugar,index,106.2,
wpi,2022-23,2023-08-31,nic:10/vegetable_and_animal_oils_and_fats,index,80.5,
wpi,2022-23,2023-08-31,nic:11,index,102.3,
wpi,2022-23,2023-08-31,nic:11/beer,index,102.4,
wpi,2022-23,2023-08-31,nic:11/distilling_rectifying_and_blending_of_spirits,index,105.0,
wpi,2022-23,2023-08-31,nic:11/soft_drinks_production_of_mineral_waters_and_other_bottled_waters,index,101.4,
wpi,2022-23,2023-08-31,nic:11/wines,index,103.2,
wpi,2022-23,2023-08-31,nic:12,index,104.9,
wpi,2022-23,2023-08-31,nic:12/tobacco_products,index,104.9,
wpi,2022-23,2023-08-31,nic:13,index,91.8,
wpi,2022-23,2023-08-31,nic:13/carpets_and_rugs,index,99.4,
wpi,2022-23,2023-08-31,nic:13/cordage_rope_twine_and_netting,index,100.2,
wpi,2022-23,2023-08-31,nic:13/knitted_and_crocheted_fabrics,index,94.3,
wpi,2022-23,2023-08-31,nic:13/made_up_textile_articles_except_apparel,index,99.9,
wpi,2022-23,2023-08-31,nic:13/other_textiles,index,99.7,
wpi,2022-23,2023-08-31,nic:13/preparation_and_spinning_of_textile_fibres,index,88.5,
wpi,2022-23,2023-08-31,nic:13/weaving_of_textiles,index,96.3,
wpi,2022-23,2023-08-31,nic:14,index,102.5,
wpi,2022-23,2023-08-31,nic:14/knitted_and_crocheted_apparel,index,101.9,
wpi,2022-23,2023-08-31,nic:14/wearing_apparel_except_fur_apparel,index,103.0,
wpi,2022-23,2023-08-31,nic:15,index,103.3,
wpi,2022-23,2023-08-31,nic:15/footwear,index,103.1,
wpi,2022-23,2023-08-31,nic:15/luggage_handbags_and_the_like_saddlery_and_harness_of_any_material,index,103.8,
wpi,2022-23,2023-08-31,nic:15/tanning_and_dressing_of_leather_dressing_and_dyeing_of_fur,index,104.4,
wpi,2022-23,2023-08-31,nic:16,index,101.6,
wpi,2022-23,2023-08-31,nic:16/other_products_of_wood_manufacture_of_articles_of_cork_straw_and_plaiting_materials,index,106.8,
wpi,2022-23,2023-08-31,nic:16/sawmilling_and_planing_of_wood,index,106.0,
wpi,2022-23,2023-08-31,nic:16/veneer_sheets_and_wood_based_panels,index,101.3,
wpi,2022-23,2023-08-31,nic:16/wooden_containers,index,102.3,
wpi,2022-23,2023-08-31,nic:17,index,88.7,
wpi,2022-23,2023-08-31,nic:17/corrugated_paper_and_paperboard_and_of_containers_of_paper_and_paperboard,index,88.2,
wpi,2022-23,2023-08-31,nic:17/other_articles_of_paper_and_paperboard,index,90.7,
wpi,2022-23,2023-08-31,nic:17/pulp_paper_and_paperboard,index,88.0,
wpi,2022-23,2023-08-31,nic:18,index,104.6,
wpi,2022-23,2023-08-31,nic:18/printing,index,104.6,
wpi,2022-23,2023-08-31,nic:20,index,92.2,
wpi,2022-23,2023-08-31,nic:20/basic_chemicals,index,88.6,
wpi,2022-23,2023-08-31,nic:20/fertilizers_and_nitrogen_compounds,index,93.2,
wpi,2022-23,2023-08-31,nic:20/man_made_fibres,index,94.7,
wpi,2022-23,2023-08-31,nic:20/other_chemical_products,index,90.5,
wpi,2022-23,2023-08-31,nic:20/paints_varnishes_and_similar_coatings_printing_ink_and_mastics,index,93.2,
wpi,2022-23,2023-08-31,nic:20/pesticides_and_other_agrochemical_products,index,91.6,
wpi,2022-23,2023-08-31,nic:20/plastics_and_synthetic_rubber_in_primary_forms,index,91.5,
wpi,2022-23,2023-08-31,nic:20/soap_and_detergents_cleaning_and_polishing_preparations_perfumes_and_toilet_preparations,index,97.6,
wpi,2022-23,2023-08-31,nic:21,index,101.4,
wpi,2022-23,2023-08-31,nic:21/pharmaceuticals_medicinal_chemical_and_botanical_products,index,101.4,
wpi,2022-23,2023-08-31,nic:22,index,94.8,
wpi,2022-23,2023-08-31,nic:22/other_rubber_products,index,101.1,
wpi,2022-23,2023-08-31,nic:22/plastics_products,index,92.9,
wpi,2022-23,2023-08-31,nic:22/rubber_tyres_and_tubes_retreading_and_rebuilding_of_rubber_tyres,index,98.7,
wpi,2022-23,2023-08-31,nic:23,index,99.1,
wpi,2022-23,2023-08-31,nic:23/articles_of_concrete_cement_and_plaster,index,102.9,
wpi,2022-23,2023-08-31,nic:23/cement_lime_and_plaster,index,97.4,
wpi,2022-23,2023-08-31,nic:23/clay_building_materials,index,101.1,
wpi,2022-23,2023-08-31,nic:23/cutting_shaping_and_finishing_of_stone,index,111.4,
wpi,2022-23,2023-08-31,nic:23/glass_and_glass_products,index,98.5,
wpi,2022-23,2023-08-31,nic:23/other_porcelain_and_ceramic_products,index,99.2,
wpi,2022-23,2023-08-31,nic:23/refractory_products,index,101.2,
wpi,2022-23,2023-08-31,nic:24,index,92.4,
wpi,2022-23,2023-08-31,nic:24/basic_iron_and_steel,index,90.8,
wpi,2022-23,2023-08-31,nic:24/basic_precious_and_other_non_ferrous_metals,index,97.3,
wpi,2022-23,2023-08-31,nic:24/casting_of_iron_and_steel,index,96.5,
wpi,2022-23,2023-08-31,nic:25,index,99.6,
wpi,2022-23,2023-08-31,nic:25/cutlery_hand_tools_and_general_hardware,index,100.7,
wpi,2022-23,2023-08-31,nic:25/forging_pressing_stamping_and_roll_forming_of_metal_powder_metallurgy,index,96.7,
wpi,2022-23,2023-08-31,nic:25/other_fabricated_metal_products,index,102.3,
wpi,2022-23,2023-08-31,nic:25/steam_generators_except_central_heating_hot_water_boilers,index,99.6,
wpi,2022-23,2023-08-31,nic:25/structural_metal_products,index,98.7,
wpi,2022-23,2023-08-31,nic:25/tanks_reservoirs_and_containers_of_metal,index,97.2,
wpi,2022-23,2023-08-31,nic:25/treatment_and_coating_of_metals_machining,index,91.9,
wpi,2022-23,2023-08-31,nic:25/weapons_and_ammunition,index,102.1,
wpi,2022-23,2023-08-31,nic:26,index,99.4,
wpi,2022-23,2023-08-31,nic:26/communication_equipment,index,98.7,
wpi,2022-23,2023-08-31,nic:26/computers_and_peripheral_equipment,index,101.8,
wpi,2022-23,2023-08-31,nic:26/consumer_electronics,index,96.7,
wpi,2022-23,2023-08-31,nic:26/irradiation_electromedical_and_electrotherapeutic_equipment,index,105.0,
wpi,2022-23,2023-08-31,nic:26/magnetic_and_optical_media,index,88.2,
wpi,2022-23,2023-08-31,nic:26/measuring_testing_navigating_and_control_equipment,index,104.9,
wpi,2022-23,2023-08-31,nic:26/optical_instruments_and_photographic_equipment,index,104.1,
wpi,2022-23,2023-08-31,nic:26/other_electronic_components_and_boards,index,96.7,
wpi,2022-23,2023-08-31,nic:26/solar_cells_solar_panels_and_photovoltaic_inverters,index,112.0,
wpi,2022-23,2023-08-31,nic:26/watches_and_clocks,index,111.2,
wpi,2022-23,2023-08-31,nic:27,index,100.7,
wpi,2022-23,2023-08-31,nic:27/batteries_and_accumulators,index,98.2,
wpi,2022-23,2023-08-31,nic:27/domestic_appliances,index,97.8,
wpi,2022-23,2023-08-31,nic:27/electric_lighting_equipment,index,94.9,
wpi,2022-23,2023-08-31,nic:27/electric_motors_generators_transformers_and_electricity_distribution_and_control_apparatus,index,103.7,
wpi,2022-23,2023-08-31,nic:27/fibre_optic_cables,index,108.2,
wpi,2022-23,2023-08-31,nic:27/other_electrical_equipment,index,94.6,
wpi,2022-23,2023-08-31,nic:27/other_electronic_and_electric_wires_and_cables,index,101.1,
wpi,2022-23,2023-08-31,nic:27/wiring_devices,index,103.6,
wpi,2022-23,2023-08-31,nic:28,index,102.0,
wpi,2022-23,2023-08-31,nic:28/agricultural_and_forestry_machinery,index,100.6,
wpi,2022-23,2023-08-31,nic:28/bearings_gears_gearing_and_driving_elements,index,100.9,
wpi,2022-23,2023-08-31,nic:28/engines_and_turbines_except_aircraft_vehicle_and_cycle_engines,index,99.7,
wpi,2022-23,2023-08-31,nic:28/fluid_power_equipment,index,102.5,
wpi,2022-23,2023-08-31,nic:28/lifting_and_handling_equipment,index,102.6,
wpi,2022-23,2023-08-31,nic:28/machinery_for_food_beverage_and_tobacco_processing,index,104.0,
wpi,2022-23,2023-08-31,nic:28/machinery_for_metallurgy,index,103.7,
wpi,2022-23,2023-08-31,nic:28/machinery_for_mining_quarrying_and_construction,index,103.7,
wpi,2022-23,2023-08-31,nic:28/machinery_for_textile_apparel_and_leather_production,index,101.6,
wpi,2022-23,2023-08-31,nic:28/metal_forming_machinery_and_machine_tools,index,103.7,
wpi,2022-23,2023-08-31,nic:28/other_general_purpose_machinery,index,101.1,
wpi,2022-23,2023-08-31,nic:28/other_pumps_compressors_taps_and_valves,index,104.0,
wpi,2022-23,2023-08-31,nic:28/other_special_purpose_machinery,index,102.1,
wpi,2022-23,2023-08-31,nic:28/ovens_furnaces_and_permanent_household_heating_equipment,index,104.5,
wpi,2022-23,2023-08-31,nic:28/power_driven_hand_tools,index,101.8,
wpi,2022-23,2023-08-31,nic:29,index,104.8,
wpi,2022-23,2023-08-31,nic:29/bodies_coachwork_for_motor_vehicles_manufacture_of_trailers_and_semi_trailers,index,99.8,
wpi,2022-23,2023-08-31,nic:29/motor_vehicles,index,109.0,
wpi,2022-23,2023-08-31,nic:29/parts_and_accessories_for_motor_vehicles,index,100.0,
wpi,2022-23,2023-08-31,nic:30,index,101.2,
wpi,2022-23,2023-08-31,nic:30/air_and_spacecraft_and_related_machinery,index,109.0,
wpi,2022-23,2023-08-31,nic:30/bicycles_and_invalid_carriages,index,100.9,
wpi,2022-23,2023-08-31,nic:30/building_of_ships_and_floating_structures,index,99.5,
wpi,2022-23,2023-08-31,nic:30/motorcycles,index,100.7,
wpi,2022-23,2023-08-31,nic:30/other_transport_equipment,index,99.4,
wpi,2022-23,2023-08-31,nic:30/railway_locomotives_and_rolling_stock,index,102.2,
wpi,2022-23,2023-08-31,nic:31,index,101.9,
wpi,2022-23,2023-08-31,nic:31/other_furniture,index,101.3,
wpi,2022-23,2023-08-31,nic:31/wooden_furniture,index,102.2,
wpi,2022-23,2023-08-31,nic:32,index,105.0,
wpi,2022-23,2023-08-31,nic:32/games_and_toys,index,103.0,
wpi,2022-23,2023-08-31,nic:32/imitation_jewellery_and_related_articles,index,107.3,
wpi,2022-23,2023-08-31,nic:32/jewellery_and_related_articles,index,105.5,
wpi,2022-23,2023-08-31,nic:32/medical_and_dental_instruments_and_supplies,index,101.3,
wpi,2022-23,2023-08-31,nic:32/musical_instruments,index,99.8,
wpi,2022-23,2023-08-31,nic:32/other_manufacturing,index,104.0,
wpi,2022-23,2023-08-31,nic:32/sports_goods,index,104.2,
wpi,2022-23,2023-08-31,wpi:all,index,99.5,
wpi,2022-23,2023-08-31,wpi:food_index,index,106.9,
wpi,2022-23,2023-08-31,wpi:fuel_power,index,91.8,
wpi,2022-23,2023-08-31,wpi:fuel_power/coal_and_lignite,index,92.2,
wpi,2022-23,2023-08-31,wpi:fuel_power/coal_and_lignite/coking_coal,index,91.5,
wpi,2022-23,2023-08-31,wpi:fuel_power/coal_and_lignite/coking_coal/coking_coal,index,91.5,
wpi,2022-23,2023-08-31,wpi:fuel_power/coal_and_lignite/lignite,index,82.8,
wpi,2022-23,2023-08-31,wpi:fuel_power/coal_and_lignite/non_coking_coal,index,92.6,
wpi,2022-23,2023-08-31,wpi:fuel_power/coal_and_lignite/non_coking_coal/non_coking_coal_g15_to_g17_gcv_3100_kcal_kg,index,100.3,
wpi,2022-23,2023-08-31,wpi:fuel_power/coal_and_lignite/non_coking_coal/non_coking_coal_g1_to_g6_gcv_exceeding_5500_kcal_kg,index,98.0,
wpi,2022-23,2023-08-31,wpi:fuel_power/coal_and_lignite/non_coking_coal/non_coking_coal_g7_to_g14_gcv_3100_kcal_kg_to_5500_kcal_kg,index,91.6,
wpi,2022-23,2023-08-31,wpi:fuel_power/crude_petroleum_natural_gas,index,96.6,
wpi,2022-23,2023-08-31,wpi:fuel_power/electricity,index,94.0,
wpi,2022-23,2023-08-31,wpi:fuel_power/electricity/hydro_electricity,index,83.5,
wpi,2022-23,2023-08-31,wpi:fuel_power/electricity/nuclear,index,100.3,
wpi,2022-23,2023-08-31,wpi:fuel_power/electricity/solar,index,98.8,
wpi,2022-23,2023-08-31,wpi:fuel_power/electricity/thermal_electricity,index,94.1,
wpi,2022-23,2023-08-31,wpi:fuel_power/electricity/wind,index,105.7,
wpi,2022-23,2023-08-31,wpi:fuel_power/mineral_oils,index,90.1,
wpi,2022-23,2023-08-31,wpi:manufactured,index,98.1,
wpi,2022-23,2023-08-31,wpi:primary,index,108.0,
wpi,2022-23,2023-08-31,wpi:primary/food_articles,index,111.3,
wpi,2022-23,2023-08-31,wpi:primary/food_articles/condiments_spices,index,142.1,
wpi,2022-23,2023-08-31,wpi:primary/food_articles/eggs_meat_fish,index,103.2,
wpi,2022-23,2023-08-31,wpi:primary/food_articles/food_grains_cereals_pulses,index,107.7,
wpi,2022-23,2023-08-31,wpi:primary/food_articles/food_grains_cereals_pulses/cereals,index,106.9,
wpi,2022-23,2023-08-31,wpi:primary/food_articles/food_grains_cereals_pulses/pulses,index,111.8,
wpi,2022-23,2023-08-31,wpi:primary/food_articles/fruits_vegetables,index,121.4,
wpi,2022-23,2023-08-31,wpi:primary/food_articles/fruits_vegetables/fruits,index,98.9,
wpi,2022-23,2023-08-31,wpi:primary/food_articles/fruits_vegetables/vegetables,index,143.1,
wpi,2022-23,2023-08-31,wpi:primary/food_articles/milk,index,108.4,
wpi,2022-23,2023-08-31,wpi:primary/food_articles/other_food_articles,index,102.1,
wpi,2022-23,2023-08-31,wpi:primary/minerals,index,100.2,
wpi,2022-23,2023-08-31,wpi:primary/minerals/metallic_minerals,index,93.5,
wpi,2022-23,2023-08-31,wpi:primary/minerals/minor_minerals,index,109.7,
wpi,2022-23,2023-08-31,wpi:primary/minerals/other_minerals,index,104.3,
wpi,2022-23,2023-08-31,wpi:primary/non_food_articles,index,100.4,
wpi,2022-23,2023-08-31,wpi:primary/non_food_articles/fibres,index,80.6,
wpi,2022-23,2023-08-31,wpi:primary/non_food_articles/floriculture,index,106.7,
wpi,2022-23,2023-08-31,wpi:primary/non_food_articles/medicinal_plants,index,147.6,
wpi,2022-23,2023-08-31,wpi:primary/non_food_articles/oil_seeds,index,93.3,
wpi,2022-23,2023-08-31,wpi:primary/non_food_articles/other_non_food_articles,index,105.3,
wpi,2022-23,2023-09-30,nic:10,index,99.3,
wpi,2022-23,2023-09-30,nic:10/bakery_products,index,98.5,
wpi,2022-23,2023-09-30,nic:10/cocoa_chocolate_and_sugar_confectionery,index,103.9,
wpi,2022-23,2023-09-30,nic:10/dairy_products,index,104.9,
wpi,2022-23,2023-09-30,nic:10/grain_mill_products,index,111.4,
wpi,2022-23,2023-09-30,nic:10/macaroni_noodles_couscous_and_similar_farinaceous_products,index,102.0,
wpi,2022-23,2023-09-30,nic:10/other_food_products,index,104.5,
wpi,2022-23,2023-09-30,nic:10/prepared_animal_feeds,index,101.1,
wpi,2022-23,2023-09-30,nic:10/processing_and_preserving_of_fish_crustaceans_and_molluscs,index,93.8,
wpi,2022-23,2023-09-30,nic:10/processing_and_preserving_of_fruit_and_vegetables,index,103.8,
wpi,2022-23,2023-09-30,nic:10/processing_and_preserving_of_meat,index,102.0,
wpi,2022-23,2023-09-30,nic:10/processing_of_coffee_and_tea,index,101.9,
wpi,2022-23,2023-09-30,nic:10/starches_and_starch_products,index,91.3,
wpi,2022-23,2023-09-30,nic:10/sugar,index,107.8,
wpi,2022-23,2023-09-30,nic:10/vegetable_and_animal_oils_and_fats,index,77.9,
wpi,2022-23,2023-09-30,nic:11,index,102.3,
wpi,2022-23,2023-09-30,nic:11/beer,index,103.0,
wpi,2022-23,2023-09-30,nic:11/distilling_rectifying_and_blending_of_spirits,index,105.8,
wpi,2022-23,2023-09-30,nic:11/soft_drinks_production_of_mineral_waters_and_other_bottled_waters,index,101.2,
wpi,2022-23,2023-09-30,nic:11/wines,index,104.6,
wpi,2022-23,2023-09-30,nic:12,index,105.4,
wpi,2022-23,2023-09-30,nic:12/tobacco_products,index,105.4,
wpi,2022-23,2023-09-30,nic:13,index,92.5,
wpi,2022-23,2023-09-30,nic:13/carpets_and_rugs,index,102.3,
wpi,2022-23,2023-09-30,nic:13/cordage_rope_twine_and_netting,index,103.0,
wpi,2022-23,2023-09-30,nic:13/knitted_and_crocheted_fabrics,index,94.9,
wpi,2022-23,2023-09-30,nic:13/made_up_textile_articles_except_apparel,index,100.3,
wpi,2022-23,2023-09-30,nic:13/other_textiles,index,100.0,
wpi,2022-23,2023-09-30,nic:13/preparation_and_spinning_of_textile_fibres,index,89.2,
wpi,2022-23,2023-09-30,nic:13/weaving_of_textiles,index,96.7,
wpi,2022-23,2023-09-30,nic:14,index,102.9,
wpi,2022-23,2023-09-30,nic:14/knitted_and_crocheted_apparel,index,102.6,
wpi,2022-23,2023-09-30,nic:14/wearing_apparel_except_fur_apparel,index,103.1,
wpi,2022-23,2023-09-30,nic:15,index,101.6,
wpi,2022-23,2023-09-30,nic:15/footwear,index,101.4,
wpi,2022-23,2023-09-30,nic:15/luggage_handbags_and_the_like_saddlery_and_harness_of_any_material,index,103.1,
wpi,2022-23,2023-09-30,nic:15/tanning_and_dressing_of_leather_dressing_and_dyeing_of_fur,index,101.2,
wpi,2022-23,2023-09-30,nic:16,index,102.8,
wpi,2022-23,2023-09-30,nic:16/other_products_of_wood_manufacture_of_articles_of_cork_straw_and_plaiting_materials,index,105.2,
wpi,2022-23,2023-09-30,nic:16/sawmilling_and_planing_of_wood,index,107.4,
wpi,2022-23,2023-09-30,nic:16/veneer_sheets_and_wood_based_panels,index,102.7,
wpi,2022-23,2023-09-30,nic:16/wooden_containers,index,101.8,
wpi,2022-23,2023-09-30,nic:17,index,89.0,
wpi,2022-23,2023-09-30,nic:17/corrugated_paper_and_paperboard_and_of_containers_of_paper_and_paperboard,index,88.5,
wpi,2022-23,2023-09-30,nic:17/other_articles_of_paper_and_paperboard,index,91.1,
wpi,2022-23,2023-09-30,nic:17/pulp_paper_and_paperboard,index,88.3,
wpi,2022-23,2023-09-30,nic:18,index,104.9,
wpi,2022-23,2023-09-30,nic:18/printing,index,104.9,
wpi,2022-23,2023-09-30,nic:20,index,92.2,
wpi,2022-23,2023-09-30,nic:20/basic_chemicals,index,88.3,
wpi,2022-23,2023-09-30,nic:20/fertilizers_and_nitrogen_compounds,index,93.3,
wpi,2022-23,2023-09-30,nic:20/man_made_fibres,index,95.0,
wpi,2022-23,2023-09-30,nic:20/other_chemical_products,index,89.7,
wpi,2022-23,2023-09-30,nic:20/paints_varnishes_and_similar_coatings_printing_ink_and_mastics,index,92.9,
wpi,2022-23,2023-09-30,nic:20/pesticides_and_other_agrochemical_products,index,92.8,
wpi,2022-23,2023-09-30,nic:20/plastics_and_synthetic_rubber_in_primary_forms,index,91.7,
wpi,2022-23,2023-09-30,nic:20/soap_and_detergents_cleaning_and_polishing_preparations_perfumes_and_toilet_preparations,index,97.3,
wpi,2022-23,2023-09-30,nic:21,index,101.1,
wpi,2022-23,2023-09-30,nic:21/pharmaceuticals_medicinal_chemical_and_botanical_products,index,101.1,
wpi,2022-23,2023-09-30,nic:22,index,95.0,
wpi,2022-23,2023-09-30,nic:22/other_rubber_products,index,101.4,
wpi,2022-23,2023-09-30,nic:22/plastics_products,index,93.2,
wpi,2022-23,2023-09-30,nic:22/rubber_tyres_and_tubes_retreading_and_rebuilding_of_rubber_tyres,index,98.6,
wpi,2022-23,2023-09-30,nic:23,index,99.3,
wpi,2022-23,2023-09-30,nic:23/articles_of_concrete_cement_and_plaster,index,102.9,
wpi,2022-23,2023-09-30,nic:23/cement_lime_and_plaster,index,98.6,
wpi,2022-23,2023-09-30,nic:23/clay_building_materials,index,101.3,
wpi,2022-23,2023-09-30,nic:23/cutting_shaping_and_finishing_of_stone,index,105.3,
wpi,2022-23,2023-09-30,nic:23/glass_and_glass_products,index,98.1,
wpi,2022-23,2023-09-30,nic:23/other_porcelain_and_ceramic_products,index,100.8,
wpi,2022-23,2023-09-30,nic:23/refractory_products,index,99.1,
wpi,2022-23,2023-09-30,nic:24,index,94.3,
wpi,2022-23,2023-09-30,nic:24/basic_iron_and_steel,index,93.3,
wpi,2022-23,2023-09-30,nic:24/basic_precious_and_other_non_ferrous_metals,index,97.7,
wpi,2022-23,2023-09-30,nic:24/casting_of_iron_and_steel,index,96.5,
wpi,2022-23,2023-09-30,nic:25,index,99.8,
wpi,2022-23,2023-09-30,nic:25/cutlery_hand_tools_and_general_hardware,index,100.5,
wpi,2022-23,2023-09-30,nic:25/forging_pressing_stamping_and_roll_forming_of_metal_powder_metallurgy,index,96.8,
wpi,2022-23,2023-09-30,nic:25/other_fabricated_metal_products,index,102.3,
wpi,2022-23,2023-09-30,nic:25/steam_generators_except_central_heating_hot_water_boilers,index,100.7,
wpi,2022-23,2023-09-30,nic:25/structural_metal_products,index,98.8,
wpi,2022-23,2023-09-30,nic:25/tanks_reservoirs_and_containers_of_metal,index,98.0,
wpi,2022-23,2023-09-30,nic:25/treatment_and_coating_of_metals_machining,index,92.4,
wpi,2022-23,2023-09-30,nic:25/weapons_and_ammunition,index,98.7,
wpi,2022-23,2023-09-30,nic:26,index,98.5,
wpi,2022-23,2023-09-30,nic:26/communication_equipment,index,98.0,
wpi,2022-23,2023-09-30,nic:26/computers_and_peripheral_equipment,index,100.0,
wpi,2022-23,2023-09-30,nic:26/consumer_electronics,index,93.3,
wpi,2022-23,2023-09-30,nic:26/irradiation_electromedical_and_electrotherapeutic_equipment,index,102.6,
wpi,2022-23,2023-09-30,nic:26/magnetic_and_optical_media,index,88.2,
wpi,2022-23,2023-09-30,nic:26/measuring_testing_navigating_and_control_equipment,index,102.9,
wpi,2022-23,2023-09-30,nic:26/optical_instruments_and_photographic_equipment,index,103.9,
wpi,2022-23,2023-09-30,nic:26/other_electronic_components_and_boards,index,96.6,
wpi,2022-23,2023-09-30,nic:26/solar_cells_solar_panels_and_photovoltaic_inverters,index,115.1,
wpi,2022-23,2023-09-30,nic:26/watches_and_clocks,index,110.8,
wpi,2022-23,2023-09-30,nic:27,index,99.9,
wpi,2022-23,2023-09-30,nic:27/batteries_and_accumulators,index,98.2,
wpi,2022-23,2023-09-30,nic:27/domestic_appliances,index,97.0,
wpi,2022-23,2023-09-30,nic:27/electric_lighting_equipment,index,93.8,
wpi,2022-23,2023-09-30,nic:27/electric_motors_generators_transformers_and_electricity_distribution_and_control_apparatus,index,103.5,
wpi,2022-23,2023-09-30,nic:27/fibre_optic_cables,index,109.3,
wpi,2022-23,2023-09-30,nic:27/other_electrical_equipment,index,94.2,
wpi,2022-23,2023-09-30,nic:27/other_electronic_and_electric_wires_and_cables,index,98.8,
wpi,2022-23,2023-09-30,nic:27/wiring_devices,index,104.1,
wpi,2022-23,2023-09-30,nic:28,index,102.0,
wpi,2022-23,2023-09-30,nic:28/agricultural_and_forestry_machinery,index,102.3,
wpi,2022-23,2023-09-30,nic:28/bearings_gears_gearing_and_driving_elements,index,100.6,
wpi,2022-23,2023-09-30,nic:28/engines_and_turbines_except_aircraft_vehicle_and_cycle_engines,index,94.8,
wpi,2022-23,2023-09-30,nic:28/fluid_power_equipment,index,102.0,
wpi,2022-23,2023-09-30,nic:28/lifting_and_handling_equipment,index,103.0,
wpi,2022-23,2023-09-30,nic:28/machinery_for_food_beverage_and_tobacco_processing,index,103.9,
wpi,2022-23,2023-09-30,nic:28/machinery_for_metallurgy,index,103.1,
wpi,2022-23,2023-09-30,nic:28/machinery_for_mining_quarrying_and_construction,index,104.6,
wpi,2022-23,2023-09-30,nic:28/machinery_for_textile_apparel_and_leather_production,index,102.4,
wpi,2022-23,2023-09-30,nic:28/metal_forming_machinery_and_machine_tools,index,104.4,
wpi,2022-23,2023-09-30,nic:28/other_general_purpose_machinery,index,100.8,
wpi,2022-23,2023-09-30,nic:28/other_pumps_compressors_taps_and_valves,index,104.6,
wpi,2022-23,2023-09-30,nic:28/other_special_purpose_machinery,index,102.8,
wpi,2022-23,2023-09-30,nic:28/ovens_furnaces_and_permanent_household_heating_equipment,index,101.7,
wpi,2022-23,2023-09-30,nic:28/power_driven_hand_tools,index,101.2,
wpi,2022-23,2023-09-30,nic:29,index,104.9,
wpi,2022-23,2023-09-30,nic:29/bodies_coachwork_for_motor_vehicles_manufacture_of_trailers_and_semi_trailers,index,100.5,
wpi,2022-23,2023-09-30,nic:29/motor_vehicles,index,109.2,
wpi,2022-23,2023-09-30,nic:29/parts_and_accessories_for_motor_vehicles,index,99.8,
wpi,2022-23,2023-09-30,nic:30,index,102.2,
wpi,2022-23,2023-09-30,nic:30/air_and_spacecraft_and_related_machinery,index,109.4,
wpi,2022-23,2023-09-30,nic:30/bicycles_and_invalid_carriages,index,101.0,
wpi,2022-23,2023-09-30,nic:30/building_of_ships_and_floating_structures,index,99.5,
wpi,2022-23,2023-09-30,nic:30/motorcycles,index,101.6,
wpi,2022-23,2023-09-30,nic:30/other_transport_equipment,index,100.8,
wpi,2022-23,2023-09-30,nic:30/railway_locomotives_and_rolling_stock,index,103.6,
wpi,2022-23,2023-09-30,nic:31,index,101.7,
wpi,2022-23,2023-09-30,nic:31/other_furniture,index,100.6,
wpi,2022-23,2023-09-30,nic:31/wooden_furniture,index,102.3,
wpi,2022-23,2023-09-30,nic:32,index,103.0,
wpi,2022-23,2023-09-30,nic:32/games_and_toys,index,103.7,
wpi,2022-23,2023-09-30,nic:32/imitation_jewellery_and_related_articles,index,108.1,
wpi,2022-23,2023-09-30,nic:32/jewellery_and_related_articles,index,102.9,
wpi,2022-23,2023-09-30,nic:32/medical_and_dental_instruments_and_supplies,index,101.7,
wpi,2022-23,2023-09-30,nic:32/musical_instruments,index,100.2,
wpi,2022-23,2023-09-30,nic:32/other_manufacturing,index,104.5,
wpi,2022-23,2023-09-30,nic:32/sports_goods,index,104.3,
wpi,2022-23,2023-09-30,wpi:all,index,99.6,
wpi,2022-23,2023-09-30,wpi:food_index,index,105.2,
wpi,2022-23,2023-09-30,wpi:fuel_power,index,94.2,
wpi,2022-23,2023-09-30,wpi:fuel_power/coal_and_lignite,index,94.2,
wpi,2022-23,2023-09-30,wpi:fuel_power/coal_and_lignite/coking_coal,index,90.8,
wpi,2022-23,2023-09-30,wpi:fuel_power/coal_and_lignite/coking_coal/coking_coal,index,90.8,
wpi,2022-23,2023-09-30,wpi:fuel_power/coal_and_lignite/lignite,index,73.6,
wpi,2022-23,2023-09-30,wpi:fuel_power/coal_and_lignite/non_coking_coal,index,95.4,
wpi,2022-23,2023-09-30,wpi:fuel_power/coal_and_lignite/non_coking_coal/non_coking_coal_g15_to_g17_gcv_3100_kcal_kg,index,100.4,
wpi,2022-23,2023-09-30,wpi:fuel_power/coal_and_lignite/non_coking_coal/non_coking_coal_g1_to_g6_gcv_exceeding_5500_kcal_kg,index,99.1,
wpi,2022-23,2023-09-30,wpi:fuel_power/coal_and_lignite/non_coking_coal/non_coking_coal_g7_to_g14_gcv_3100_kcal_kg_to_5500_kcal_kg,index,94.8,
wpi,2022-23,2023-09-30,wpi:fuel_power/crude_petroleum_natural_gas,index,107.4,
wpi,2022-23,2023-09-30,wpi:fuel_power/electricity,index,93.9,
wpi,2022-23,2023-09-30,wpi:fuel_power/electricity/hydro_electricity,index,96.9,
wpi,2022-23,2023-09-30,wpi:fuel_power/electricity/nuclear,index,100.5,
wpi,2022-23,2023-09-30,wpi:fuel_power/electricity/solar,index,97.2,
wpi,2022-23,2023-09-30,wpi:fuel_power/electricity/thermal_electricity,index,92.8,
wpi,2022-23,2023-09-30,wpi:fuel_power/electricity/wind,index,105.7,
wpi,2022-23,2023-09-30,wpi:fuel_power/mineral_oils,index,93.2,
wpi,2022-23,2023-09-30,wpi:manufactured,index,98.3,
wpi,2022-23,2023-09-30,wpi:primary,index,106.4,
wpi,2022-23,2023-09-30,wpi:primary/food_articles,index,108.6,
wpi,2022-23,2023-09-30,wpi:primary/food_articles/condiments_spices,index,144.9,
wpi,2022-23,2023-09-30,wpi:primary/food_articles/eggs_meat_fish,index,99.0,
wpi,2022-23,2023-09-30,wpi:primary/food_articles/food_grains_cereals_pulses,index,110.1,
wpi,2022-23,2023-09-30,wpi:primary/food_articles/food_grains_cereals_pulses/cereals,index,108.3,
wpi,2022-23,2023-09-30,wpi:primary/food_articles/food_grains_cereals_pulses/pulses,index,119.7,
wpi,2022-23,2023-09-30,wpi:primary/food_articles/fruits_vegetables,index,108.9,
wpi,2022-23,2023-09-30,wpi:primary/food_articles/fruits_vegetables/fruits,index,109.2,
wpi,2022-23,2023-09-30,wpi:primary/food_articles/fruits_vegetables/vegetables,index,108.7,
wpi,2022-23,2023-09-30,wpi:primary/food_articles/milk,index,109.0,
wpi,2022-23,2023-09-30,wpi:primary/food_articles/other_food_articles,index,102.2,
wpi,2022-23,2023-09-30,wpi:primary/minerals,index,100.2,
wpi,2022-23,2023-09-30,wpi:primary/minerals/metallic_minerals,index,95.3,
wpi,2022-23,2023-09-30,wpi:primary/minerals/minor_minerals,index,108.8,
wpi,2022-23,2023-09-30,wpi:primary/minerals/other_minerals,index,99.7,
wpi,2022-23,2023-09-30,wpi:primary/non_food_articles,index,101.3,
wpi,2022-23,2023-09-30,wpi:primary/non_food_articles/fibres,index,80.3,
wpi,2022-23,2023-09-30,wpi:primary/non_food_articles/floriculture,index,111.6,
wpi,2022-23,2023-09-30,wpi:primary/non_food_articles/medicinal_plants,index,141.2,
wpi,2022-23,2023-09-30,wpi:primary/non_food_articles/oil_seeds,index,92.2,
wpi,2022-23,2023-09-30,wpi:primary/non_food_articles/other_non_food_articles,index,106.7,
wpi,2022-23,2023-10-31,nic:10,index,99.3,
wpi,2022-23,2023-10-31,nic:10/bakery_products,index,98.1,
wpi,2022-23,2023-10-31,nic:10/cocoa_chocolate_and_sugar_confectionery,index,104.5,
wpi,2022-23,2023-10-31,nic:10/dairy_products,index,104.5,
wpi,2022-23,2023-10-31,nic:10/grain_mill_products,index,112.1,
wpi,2022-23,2023-10-31,nic:10/macaroni_noodles_couscous_and_similar_farinaceous_products,index,102.6,
wpi,2022-23,2023-10-31,nic:10/other_food_products,index,103.6,
wpi,2022-23,2023-10-31,nic:10/prepared_animal_feeds,index,101.4,
wpi,2022-23,2023-10-31,nic:10/processing_and_preserving_of_fish_crustaceans_and_molluscs,index,94.4,
wpi,2022-23,2023-10-31,nic:10/processing_and_preserving_of_fruit_and_vegetables,index,103.4,
wpi,2022-23,2023-10-31,nic:10/processing_and_preserving_of_meat,index,102.5,
wpi,2022-23,2023-10-31,nic:10/processing_of_coffee_and_tea,index,100.7,
wpi,2022-23,2023-10-31,nic:10/starches_and_starch_products,index,93.0,
wpi,2022-23,2023-10-31,nic:10/sugar,index,109.1,
wpi,2022-23,2023-10-31,nic:10/vegetable_and_animal_oils_and_fats,index,76.6,
wpi,2022-23,2023-10-31,nic:11,index,102.6,
wpi,2022-23,2023-10-31,nic:11/beer,index,102.2,
wpi,2022-23,2023-10-31,nic:11/distilling_rectifying_and_blending_of_spirits,index,105.9,
wpi,2022-23,2023-10-31,nic:11/soft_drinks_production_of_mineral_waters_and_other_bottled_waters,index,101.6,
wpi,2022-23,2023-10-31,nic:11/wines,index,103.5,
wpi,2022-23,2023-10-31,nic:12,index,105.6,
wpi,2022-23,2023-10-31,nic:12/tobacco_products,index,105.6,
wpi,2022-23,2023-10-31,nic:13,index,92.3,
wpi,2022-23,2023-10-31,nic:13/carpets_and_rugs,index,101.5,
wpi,2022-23,2023-10-31,nic:13/cordage_rope_twine_and_netting,index,103.1,
wpi,2022-23,2023-10-31,nic:13/knitted_and_crocheted_fabrics,index,94.6,
wpi,2022-23,2023-10-31,nic:13/made_up_textile_articles_except_apparel,index,99.9,
wpi,2022-23,2023-10-31,nic:13/other_textiles,index,99.6,
wpi,2022-23,2023-10-31,nic:13/preparation_and_spinning_of_textile_fibres,index,89.0,
wpi,2022-23,2023-10-31,nic:13/weaving_of_textiles,index,96.8,
wpi,2022-23,2023-10-31,nic:14,index,102.8,
wpi,2022-23,2023-10-31,nic:14/knitted_and_crocheted_apparel,index,102.6,
wpi,2022-23,2023-10-31,nic:14/wearing_apparel_except_fur_apparel,index,103.0,
wpi,2022-23,2023-10-31,nic:15,index,100.9,
wpi,2022-23,2023-10-31,nic:15/footwear,index,100.4,
wpi,2022-23,2023-10-31,nic:15/luggage_handbags_and_the_like_saddlery_and_harness_of_any_material,index,102.9,
wpi,2022-23,2023-10-31,nic:15/tanning_and_dressing_of_leather_dressing_and_dyeing_of_fur,index,102.2,
wpi,2022-23,2023-10-31,nic:16,index,102.8,
wpi,2022-23,2023-10-31,nic:16/other_products_of_wood_manufacture_of_articles_of_cork_straw_and_plaiting_materials,index,105.7,
wpi,2022-23,2023-10-31,nic:16/sawmilling_and_planing_of_wood,index,107.6,
wpi,2022-23,2023-10-31,nic:16/veneer_sheets_and_wood_based_panels,index,102.6,
wpi,2022-23,2023-10-31,nic:16/wooden_containers,index,102.0,
wpi,2022-23,2023-10-31,nic:17,index,88.6,
wpi,2022-23,2023-10-31,nic:17/corrugated_paper_and_paperboard_and_of_containers_of_paper_and_paperboard,index,88.3,
wpi,2022-23,2023-10-31,nic:17/other_articles_of_paper_and_paperboard,index,91.0,
wpi,2022-23,2023-10-31,nic:17/pulp_paper_and_paperboard,index,87.5,
wpi,2022-23,2023-10-31,nic:18,index,104.2,
wpi,2022-23,2023-10-31,nic:18/printing,index,104.2,
wpi,2022-23,2023-10-31,nic:20,index,92.2,
wpi,2022-23,2023-10-31,nic:20/basic_chemicals,index,88.2,
wpi,2022-23,2023-10-31,nic:20/fertilizers_and_nitrogen_compounds,index,94.3,
wpi,2022-23,2023-10-31,nic:20/man_made_fibres,index,95.4,
wpi,2022-23,2023-10-31,nic:20/other_chemical_products,index,89.7,
wpi,2022-23,2023-10-31,nic:20/paints_varnishes_and_similar_coatings_printing_ink_and_mastics,index,93.4,
wpi,2022-23,2023-10-31,nic:20/pesticides_and_other_agrochemical_products,index,91.6,
wpi,2022-23,2023-10-31,nic:20/plastics_and_synthetic_rubber_in_primary_forms,index,90.4,
wpi,2022-23,2023-10-31,nic:20/soap_and_detergents_cleaning_and_polishing_preparations_perfumes_and_toilet_preparations,index,97.3,
wpi,2022-23,2023-10-31,nic:21,index,99.9,
wpi,2022-23,2023-10-31,nic:21/pharmaceuticals_medicinal_chemical_and_botanical_products,index,99.9,
wpi,2022-23,2023-10-31,nic:22,index,94.6,
wpi,2022-23,2023-10-31,nic:22/other_rubber_products,index,101.6,
wpi,2022-23,2023-10-31,nic:22/plastics_products,index,92.5,
wpi,2022-23,2023-10-31,nic:22/rubber_tyres_and_tubes_retreading_and_rebuilding_of_rubber_tyres,index,99.0,
wpi,2022-23,2023-10-31,nic:23,index,101.0,
wpi,2022-23,2023-10-31,nic:23/articles_of_concrete_cement_and_plaster,index,102.9,
wpi,2022-23,2023-10-31,nic:23/cement_lime_and_plaster,index,101.3,
wpi,2022-23,2023-10-31,nic:23/clay_building_materials,index,102.1,
wpi,2022-23,2023-10-31,nic:23/cutting_shaping_and_finishing_of_stone,index,107.2,
wpi,2022-23,2023-10-31,nic:23/glass_and_glass_products,index,97.7,
wpi,2022-23,2023-10-31,nic:23/other_porcelain_and_ceramic_products,index,100.8,
wpi,2022-23,2023-10-31,nic:23/refractory_products,index,99.4,
wpi,2022-23,2023-10-31,nic:24,index,94.2,
wpi,2022-23,2023-10-31,nic:24/basic_iron_and_steel,index,93.2,
wpi,2022-23,2023-10-31,nic:24/basic_precious_and_other_non_ferrous_metals,index,97.5,
wpi,2022-23,2023-10-31,nic:24/casting_of_iron_and_steel,index,96.2,
wpi,2022-23,2023-10-31,nic:25,index,100.5,
wpi,2022-23,2023-10-31,nic:25/cutlery_hand_tools_and_general_hardware,index,100.0,
wpi,2022-23,2023-10-31,nic:25/forging_pressing_stamping_and_roll_forming_of_metal_powder_metallurgy,index,97.4,
wpi,2022-23,2023-10-31,nic:25/other_fabricated_metal_products,index,102.4,
wpi,2022-23,2023-10-31,nic:25/steam_generators_except_central_heating_hot_water_boilers,index,108.2,
wpi,2022-23,2023-10-31,nic:25/structural_metal_products,index,99.2,
wpi,2022-23,2023-10-31,nic:25/tanks_reservoirs_and_containers_of_metal,index,98.7,
wpi,2022-23,2023-10-31,nic:25/treatment_and_coating_of_metals_machining,index,94.1,
wpi,2022-23,2023-10-31,nic:25/weapons_and_ammunition,index,99.8,
wpi,2022-23,2023-10-31,nic:26,index,97.5,
wpi,2022-23,2023-10-31,nic:26/communication_equipment,index,96.3,
wpi,2022-23,2023-10-31,nic:26/computers_and_peripheral_equipment,index,100.8,
wpi,2022-23,2023-10-31,nic:26/consumer_electronics,index,94.3,
wpi,2022-23,2023-10-31,nic:26/irradiation_electromedical_and_electrotherapeutic_equipment,index,97.9,
wpi,2022-23,2023-10-31,nic:26/magnetic_and_optical_media,index,88.2,
wpi,2022-23,2023-10-31,nic:26/measuring_testing_navigating_and_control_equipment,index,104.9,
wpi,2022-23,2023-10-31,nic:26/optical_instruments_and_photographic_equipment,index,104.0,
wpi,2022-23,2023-10-31,nic:26/other_electronic_components_and_boards,index,97.8,
wpi,2022-23,2023-10-31,nic:26/solar_cells_solar_panels_and_photovoltaic_inverters,index,112.9,
wpi,2022-23,2023-10-31,nic:26/watches_and_clocks,index,104.4,
wpi,2022-23,2023-10-31,nic:27,index,99.9,
wpi,2022-23,2023-10-31,nic:27/batteries_and_accumulators,index,99.5,
wpi,2022-23,2023-10-31,nic:27/domestic_appliances,index,98.2,
wpi,2022-23,2023-10-31,nic:27/electric_lighting_equipment,index,93.4,
wpi,2022-23,2023-10-31,nic:27/electric_motors_generators_transformers_and_electricity_distribution_and_control_apparatus,index,102.0,
wpi,2022-23,2023-10-31,nic:27/fibre_optic_cables,index,106.5,
wpi,2022-23,2023-10-31,nic:27/other_electrical_equipment,index,99.3,
wpi,2022-23,2023-10-31,nic:27/other_electronic_and_electric_wires_and_cables,index,98.9,
wpi,2022-23,2023-10-31,nic:27/wiring_devices,index,104.4,
wpi,2022-23,2023-10-31,nic:28,index,101.9,
wpi,2022-23,2023-10-31,nic:28/agricultural_and_forestry_machinery,index,101.9,
wpi,2022-23,2023-10-31,nic:28/bearings_gears_gearing_and_driving_elements,index,99.9,
wpi,2022-23,2023-10-31,nic:28/engines_and_turbines_except_aircraft_vehicle_and_cycle_engines,index,95.5,
wpi,2022-23,2023-10-31,nic:28/fluid_power_equipment,index,100.5,
wpi,2022-23,2023-10-31,nic:28/lifting_and_handling_equipment,index,104.7,
wpi,2022-23,2023-10-31,nic:28/machinery_for_food_beverage_and_tobacco_processing,index,106.1,
wpi,2022-23,2023-10-31,nic:28/machinery_for_metallurgy,index,104.1,
wpi,2022-23,2023-10-31,nic:28/machinery_for_mining_quarrying_and_construction,index,104.4,
wpi,2022-23,2023-10-31,nic:28/machinery_for_textile_apparel_and_leather_production,index,100.6,
wpi,2022-23,2023-10-31,nic:28/metal_forming_machinery_and_machine_tools,index,105.1,
wpi,2022-23,2023-10-31,nic:28/other_general_purpose_machinery,index,100.9,
wpi,2022-23,2023-10-31,nic:28/other_pumps_compressors_taps_and_valves,index,104.0,
wpi,2022-23,2023-10-31,nic:28/other_special_purpose_machinery,index,101.2,
wpi,2022-23,2023-10-31,nic:28/ovens_furnaces_and_permanent_household_heating_equipment,index,101.8,
wpi,2022-23,2023-10-31,nic:28/power_driven_hand_tools,index,101.6,
wpi,2022-23,2023-10-31,nic:29,index,105.2,
wpi,2022-23,2023-10-31,nic:29/bodies_coachwork_for_motor_vehicles_manufacture_of_trailers_and_semi_trailers,index,100.8,
wpi,2022-23,2023-10-31,nic:29/motor_vehicles,index,109.7,
wpi,2022-23,2023-10-31,nic:29/parts_and_accessories_for_motor_vehicles,index,99.8,
wpi,2022-23,2023-10-31,nic:30,index,102.3,
wpi,2022-23,2023-10-31,nic:30/air_and_spacecraft_and_related_machinery,index,109.6,
wpi,2022-23,2023-10-31,nic:30/bicycles_and_invalid_carriages,index,100.7,
wpi,2022-23,2023-10-31,nic:30/building_of_ships_and_floating_structures,index,99.5,
wpi,2022-23,2023-10-31,nic:30/motorcycles,index,101.7,
wpi,2022-23,2023-10-31,nic:30/other_transport_equipment,index,100.8,
wpi,2022-23,2023-10-31,nic:30/railway_locomotives_and_rolling_stock,index,103.8,
wpi,2022-23,2023-10-31,nic:31,index,101.0,
wpi,2022-23,2023-10-31,nic:31/other_furniture,index,100.9,
wpi,2022-23,2023-10-31,nic:31/wooden_furniture,index,101.1,
wpi,2022-23,2023-10-31,nic:32,index,104.6,
wpi,2022-23,2023-10-31,nic:32/games_and_toys,index,105.2,
wpi,2022-23,2023-10-31,nic:32/imitation_jewellery_and_related_articles,index,107.2,
wpi,2022-23,2023-10-31,nic:32/jewellery_and_related_articles,index,104.9,
wpi,2022-23,2023-10-31,nic:32/medical_and_dental_instruments_and_supplies,index,101.7,
wpi,2022-23,2023-10-31,nic:32/musical_instruments,index,102.7,
wpi,2022-23,2023-10-31,nic:32/other_manufacturing,index,104.4,
wpi,2022-23,2023-10-31,nic:32/sports_goods,index,104.7,
wpi,2022-23,2023-10-31,wpi:all,index,100.1,
wpi,2022-23,2023-10-31,wpi:food_index,index,106.5,
wpi,2022-23,2023-10-31,wpi:fuel_power,index,95.2,
wpi,2022-23,2023-10-31,wpi:fuel_power/coal_and_lignite,index,95.2,
wpi,2022-23,2023-10-31,wpi:fuel_power/coal_and_lignite/coking_coal,index,92.3,
wpi,2022-23,2023-10-31,wpi:fuel_power/coal_and_lignite/coking_coal/coking_coal,index,92.3,
wpi,2022-23,2023-10-31,wpi:fuel_power/coal_and_lignite/lignite,index,73.6,
wpi,2022-23,2023-10-31,wpi:fuel_power/coal_and_lignite/non_coking_coal,index,96.4,
wpi,2022-23,2023-10-31,wpi:fuel_power/coal_and_lignite/non_coking_coal/non_coking_coal_g15_to_g17_gcv_3100_kcal_kg,index,103.1,
wpi,2022-23,2023-10-31,wpi:fuel_power/coal_and_lignite/non_coking_coal/non_coking_coal_g1_to_g6_gcv_exceeding_5500_kcal_kg,index,98.6,
wpi,2022-23,2023-10-31,wpi:fuel_power/coal_and_lignite/non_coking_coal/non_coking_coal_g7_to_g14_gcv_3100_kcal_kg_to_5500_kcal_kg,index,95.9,
wpi,2022-23,2023-10-31,wpi:fuel_power/crude_petroleum_natural_gas,index,106.9,
wpi,2022-23,2023-10-31,wpi:fuel_power/electricity,index,94.9,
wpi,2022-23,2023-10-31,wpi:fuel_power/electricity/hydro_electricity,index,119.8,
wpi,2022-23,2023-10-31,wpi:fuel_power/electricity/nuclear,index,100.4,
wpi,2022-23,2023-10-31,wpi:fuel_power/electricity/solar,index,103.0,
wpi,2022-23,2023-10-31,wpi:fuel_power/electricity/thermal_electricity,index,91.7,
wpi,2022-23,2023-10-31,wpi:fuel_power/electricity/wind,index,106.1,
wpi,2022-23,2023-10-31,wpi:fuel_power/mineral_oils,index,94.4,
wpi,2022-23,2023-10-31,wpi:manufactured,index,98.4,
wpi,2022-23,2023-10-31,wpi:primary,index,107.8,
wpi,2022-23,2023-10-31,wpi:primary/food_articles,index,110.5,
wpi,2022-23,2023-10-31,wpi:primary/food_articles/condiments_spices,index,143.6,
wpi,2022-23,2023-10-31,wpi:primary/food_articles/eggs_meat_fish,index,101.3,
wpi,2022-23,2023-10-31,wpi:primary/food_articles/food_grains_cereals_pulses,index,112.0,
wpi,2022-23,2023-10-31,wpi:primary/food_articles/food_grains_cereals_pulses/cereals,index,110.3,
wpi,2022-23,2023-10-31,wpi:primary/food_articles/food_grains_cereals_pulses/pulses,index,121.2,
wpi,2022-23,2023-10-31,wpi:primary/food_articles/fruits_vegetables,index,113.3,
wpi,2022-23,2023-10-31,wpi:primary/food_articles/fruits_vegetables/fruits,index,109.0,
wpi,2022-23,2023-10-31,wpi:primary/food_articles/fruits_vegetables/vegetables,index,117.4,
wpi,2022-23,2023-10-31,wpi:primary/food_articles/milk,index,109.1,
wpi,2022-23,2023-10-31,wpi:primary/food_articles/other_food_articles,index,104.8,
wpi,2022-23,2023-10-31,wpi:primary/minerals,index,101.8,
wpi,2022-23,2023-10-31,wpi:primary/minerals/metallic_minerals,index,101.2,
wpi,2022-23,2023-10-31,wpi:primary/minerals/minor_minerals,index,103.0,
wpi,2022-23,2023-10-31,wpi:primary/minerals/other_minerals,index,101.4,
wpi,2022-23,2023-10-31,wpi:primary/non_food_articles,index,101.2,
wpi,2022-23,2023-10-31,wpi:primary/non_food_articles/fibres,index,78.6,
wpi,2022-23,2023-10-31,wpi:primary/non_food_articles/floriculture,index,120.2,
wpi,2022-23,2023-10-31,wpi:primary/non_food_articles/medicinal_plants,index,133.2,
wpi,2022-23,2023-10-31,wpi:primary/non_food_articles/oil_seeds,index,91.4,
wpi,2022-23,2023-10-31,wpi:primary/non_food_articles/other_non_food_articles,index,106.7,
wpi,2022-23,2023-11-30,nic:10,index,99.6,
wpi,2022-23,2023-11-30,nic:10/bakery_products,index,98.4,
wpi,2022-23,2023-11-30,nic:10/cocoa_chocolate_and_sugar_confectionery,index,104.3,
wpi,2022-23,2023-11-30,nic:10/dairy_products,index,103.9,
wpi,2022-23,2023-11-30,nic:10/grain_mill_products,index,112.1,
wpi,2022-23,2023-11-30,nic:10/macaroni_noodles_couscous_and_similar_farinaceous_products,index,101.7,
wpi,2022-23,2023-11-30,nic:10/other_food_products,index,103.4,
wpi,2022-23,2023-11-30,nic:10/prepared_animal_feeds,index,102.0,
wpi,2022-23,2023-11-30,nic:10/processing_and_preserving_of_fish_crustaceans_and_molluscs,index,94.0,
wpi,2022-23,2023-11-30,nic:10/processing_and_preserving_of_fruit_and_vegetables,index,102.4,
wpi,2022-23,2023-11-30,nic:10/processing_and_preserving_of_meat,index,101.9,
wpi,2022-23,2023-11-30,nic:10/processing_of_coffee_and_tea,index,97.7,
wpi,2022-23,2023-11-30,nic:10/starches_and_starch_products,index,94.7,
wpi,2022-23,2023-11-30,nic:10/sugar,index,110.5,
wpi,2022-23,2023-11-30,nic:10/vegetable_and_animal_oils_and_fats,index,78.2,
wpi,2022-23,2023-11-30,nic:11,index,103.1,
wpi,2022-23,2023-11-30,nic:11/beer,index,103.2,
wpi,2022-23,2023-11-30,nic:11/distilling_rectifying_and_blending_of_spirits,index,106.2,
wpi,2022-23,2023-11-30,nic:11/soft_drinks_production_of_mineral_waters_and_other_bottled_waters,index,102.2,
wpi,2022-23,2023-11-30,nic:11/wines,index,104.3,
wpi,2022-23,2023-11-30,nic:12,index,105.6,
wpi,2022-23,2023-11-30,nic:12/tobacco_products,index,105.6,
wpi,2022-23,2023-11-30,nic:13,index,91.5,
wpi,2022-23,2023-11-30,nic:13/carpets_and_rugs,index,100.5,
wpi,2022-23,2023-11-30,nic:13/cordage_rope_twine_and_netting,index,101.9,
wpi,2022-23,2023-11-30,nic:13/knitted_and_crocheted_fabrics,index,95.7,
wpi,2022-23,2023-11-30,nic:13/made_up_textile_articles_except_apparel,index,100.0,
wpi,2022-23,2023-11-30,nic:13/other_textiles,index,100.4,
wpi,2022-23,2023-11-30,nic:13/preparation_and_spinning_of_textile_fibres,index,88.0,
wpi,2022-23,2023-11-30,nic:13/weaving_of_textiles,index,95.6,
wpi,2022-23,2023-11-30,nic:14,index,103.1,
wpi,2022-23,2023-11-30,nic:14/knitted_and_crocheted_apparel,index,102.8,
wpi,2022-23,2023-11-30,nic:14/wearing_apparel_except_fur_apparel,index,103.3,
wpi,2022-23,2023-11-30,nic:15,index,101.3,
wpi,2022-23,2023-11-30,nic:15/footwear,index,100.5,
wpi,2022-23,2023-11-30,nic:15/luggage_handbags_and_the_like_saddlery_and_harness_of_any_material,index,103.2,
wpi,2022-23,2023-11-30,nic:15/tanning_and_dressing_of_leather_dressing_and_dyeing_of_fur,index,104.1,
wpi,2022-23,2023-11-30,nic:16,index,103.0,
wpi,2022-23,2023-11-30,nic:16/other_products_of_wood_manufacture_of_articles_of_cork_straw_and_plaiting_materials,index,106.7,
wpi,2022-23,2023-11-30,nic:16/sawmilling_and_planing_of_wood,index,107.4,
wpi,2022-23,2023-11-30,nic:16/veneer_sheets_and_wood_based_panels,index,102.9,
wpi,2022-23,2023-11-30,nic:16/wooden_containers,index,101.8,
wpi,2022-23,2023-11-30,nic:17,index,87.9,
wpi,2022-23,2023-11-30,nic:17/corrugated_paper_and_paperboard_and_of_containers_of_paper_and_paperboard,index,88.0,
wpi,2022-23,2023-11-30,nic:17/other_articles_of_paper_and_paperboard,index,91.8,
wpi,2022-23,2023-11-30,nic:17/pulp_paper_and_paperboard,index,85.8,
wpi,2022-23,2023-11-30,nic:18,index,103.8,
wpi,2022-23,2023-11-30,nic:18/printing,index,103.8,
wpi,2022-23,2023-11-30,nic:20,index,91.6,
wpi,2022-23,2023-11-30,nic:20/basic_chemicals,index,87.0,
wpi,2022-23,2023-11-30,nic:20/fertilizers_and_nitrogen_compounds,index,94.7,
wpi,2022-23,2023-11-30,nic:20/man_made_fibres,index,93.4,
wpi,2022-23,2023-11-30,nic:20/other_chemical_products,index,88.7,
wpi,2022-23,2023-11-30,nic:20/paints_varnishes_and_similar_coatings_printing_ink_and_mastics,index,93.2,
wpi,2022-23,2023-11-30,nic:20/pesticides_and_other_agrochemical_products,index,90.6,
wpi,2022-23,2023-11-30,nic:20/plastics_and_synthetic_rubber_in_primary_forms,index,88.8,
wpi,2022-23,2023-11-30,nic:20/soap_and_detergents_cleaning_and_polishing_preparations_perfumes_and_toilet_preparations,index,97.7,
wpi,2022-23,2023-11-30,nic:21,index,100.8,
wpi,2022-23,2023-11-30,nic:21/pharmaceuticals_medicinal_chemical_and_botanical_products,index,100.8,
wpi,2022-23,2023-11-30,nic:22,index,94.3,
wpi,2022-23,2023-11-30,nic:22/other_rubber_products,index,102.1,
wpi,2022-23,2023-11-30,nic:22/plastics_products,index,92.0,
wpi,2022-23,2023-11-30,nic:22/rubber_tyres_and_tubes_retreading_and_rebuilding_of_rubber_tyres,index,98.9,
wpi,2022-23,2023-11-30,nic:23,index,100.6,
wpi,2022-23,2023-11-30,nic:23/articles_of_concrete_cement_and_plaster,index,103.6,
wpi,2022-23,2023-11-30,nic:23/cement_lime_and_plaster,index,101.2,
wpi,2022-23,2023-11-30,nic:23/clay_building_materials,index,100.2,
wpi,2022-23,2023-11-30,nic:23/cutting_shaping_and_finishing_of_stone,index,103.4,
wpi,2022-23,2023-11-30,nic:23/glass_and_glass_products,index,96.3,
wpi,2022-23,2023-11-30,nic:23/other_porcelain_and_ceramic_products,index,99.8,
wpi,2022-23,2023-11-30,nic:23/refractory_products,index,99.1,
wpi,2022-23,2023-11-30,nic:24,index,92.9,
wpi,2022-23,2023-11-30,nic:24/basic_iron_and_steel,index,91.7,
wpi,2022-23,2023-11-30,nic:24/basic_precious_and_other_non_ferrous_metals,index,97.1,
wpi,2022-23,2023-11-30,nic:24/casting_of_iron_and_steel,index,95.1,
wpi,2022-23,2023-11-30,nic:25,index,99.9,
wpi,2022-23,2023-11-30,nic:25/cutlery_hand_tools_and_general_hardware,index,99.3,
wpi,2022-23,2023-11-30,nic:25/forging_pressing_stamping_and_roll_forming_of_metal_powder_metallurgy,index,96.7,
wpi,2022-23,2023-11-30,nic:25/other_fabricated_metal_products,index,101.9,
wpi,2022-23,2023-11-30,nic:25/steam_generators_except_central_heating_hot_water_boilers,index,104.7,
wpi,2022-23,2023-11-30,nic:25/structural_metal_products,index,99.4,
wpi,2022-23,2023-11-30,nic:25/tanks_reservoirs_and_containers_of_metal,index,97.6,
wpi,2022-23,2023-11-30,nic:25/treatment_and_coating_of_metals_machining,index,93.6,
wpi,2022-23,2023-11-30,nic:25/weapons_and_ammunition,index,101.0,
wpi,2022-23,2023-11-30,nic:26,index,93.9,
wpi,2022-23,2023-11-30,nic:26/communication_equipment,index,91.4,
wpi,2022-23,2023-11-30,nic:26/computers_and_peripheral_equipment,index,100.2,
wpi,2022-23,2023-11-30,nic:26/consumer_electronics,index,94.6,
wpi,2022-23,2023-11-30,nic:26/irradiation_electromedical_and_electrotherapeutic_equipment,index,95.5,
wpi,2022-23,2023-11-30,nic:26/magnetic_and_optical_media,index,89.0,
wpi,2022-23,2023-11-30,nic:26/measuring_testing_navigating_and_control_equipment,index,102.6,
wpi,2022-23,2023-11-30,nic:26/optical_instruments_and_photographic_equipment,index,103.0,
wpi,2022-23,2023-11-30,nic:26/other_electronic_components_and_boards,index,96.3,
wpi,2022-23,2023-11-30,nic:26/solar_cells_solar_panels_and_photovoltaic_inverters,index,106.2,
wpi,2022-23,2023-11-30,nic:26/watches_and_clocks,index,108.6,
wpi,2022-23,2023-11-30,nic:27,index,100.0,
wpi,2022-23,2023-11-30,nic:27/batteries_and_accumulators,index,98.6,
wpi,2022-23,2023-11-30,nic:27/domestic_appliances,index,98.6,
wpi,2022-23,2023-11-30,nic:27/electric_lighting_equipment,index,93.9,
wpi,2022-23,2023-11-30,nic:27/electric_motors_generators_transformers_and_electricity_distribution_and_control_apparatus,index,102.5,
wpi,2022-23,2023-11-30,nic:27/fibre_optic_cables,index,107.3,
wpi,2022-23,2023-11-30,nic:27/other_electrical_equipment,index,96.0,
wpi,2022-23,2023-11-30,nic:27/other_electronic_and_electric_wires_and_cables,index,99.3,
wpi,2022-23,2023-11-30,nic:27/wiring_devices,index,104.1,
wpi,2022-23,2023-11-30,nic:28,index,101.8,
wpi,2022-23,2023-11-30,nic:28/agricultural_and_forestry_machinery,index,102.0,
wpi,2022-23,2023-11-30,nic:28/bearings_gears_gearing_and_driving_elements,index,100.3,
wpi,2022-23,2023-11-30,nic:28/engines_and_turbines_except_aircraft_vehicle_and_cycle_engines,index,96.4,
wpi,2022-23,2023-11-30,nic:28/fluid_power_equipment,index,99.6,
wpi,2022-23,2023-11-30,nic:28/lifting_and_handling_equipment,index,103.8,
wpi,2022-23,2023-11-30,nic:28/machinery_for_food_beverage_and_tobacco_processing,index,105.9,
wpi,2022-23,2023-11-30,nic:28/machinery_for_metallurgy,index,105.1,
wpi,2022-23,2023-11-30,nic:28/machinery_for_mining_quarrying_and_construction,index,104.6,
wpi,2022-23,2023-11-30,nic:28/machinery_for_textile_apparel_and_leather_production,index,99.9,
wpi,2022-23,2023-11-30,nic:28/metal_forming_machinery_and_machine_tools,index,105.9,
wpi,2022-23,2023-11-30,nic:28/other_general_purpose_machinery,index,101.5,
wpi,2022-23,2023-11-30,nic:28/other_pumps_compressors_taps_and_valves,index,103.3,
wpi,2022-23,2023-11-30,nic:28/other_special_purpose_machinery,index,99.3,
wpi,2022-23,2023-11-30,nic:28/ovens_furnaces_and_permanent_household_heating_equipment,index,102.6,
wpi,2022-23,2023-11-30,nic:28/power_driven_hand_tools,index,100.1,
wpi,2022-23,2023-11-30,nic:29,index,106.3,
wpi,2022-23,2023-11-30,nic:29/bodies_coachwork_for_motor_vehicles_manufacture_of_trailers_and_semi_trailers,index,101.3,
wpi,2022-23,2023-11-30,nic:29/motor_vehicles,index,111.6,
wpi,2022-23,2023-11-30,nic:29/parts_and_accessories_for_motor_vehicles,index,100.0,
wpi,2022-23,2023-11-30,nic:30,index,102.4,
wpi,2022-23,2023-11-30,nic:30/air_and_spacecraft_and_related_machinery,index,109.7,
wpi,2022-23,2023-11-30,nic:30/bicycles_and_invalid_carriages,index,100.4,
wpi,2022-23,2023-11-30,nic:30/building_of_ships_and_floating_structures,index,99.5,
wpi,2022-23,2023-11-30,nic:30/motorcycles,index,101.6,
wpi,2022-23,2023-11-30,nic:30/other_transport_equipment,index,100.8,
wpi,2022-23,2023-11-30,nic:30/railway_locomotives_and_rolling_stock,index,105.0,
wpi,2022-23,2023-11-30,nic:31,index,100.9,
wpi,2022-23,2023-11-30,nic:31/other_furniture,index,99.4,
wpi,2022-23,2023-11-30,nic:31/wooden_furniture,index,101.7,
wpi,2022-23,2023-11-30,nic:32,index,107.2,
wpi,2022-23,2023-11-30,nic:32/games_and_toys,index,104.1,
wpi,2022-23,2023-11-30,nic:32/imitation_jewellery_and_related_articles,index,110.2,
wpi,2022-23,2023-11-30,nic:32/jewellery_and_related_articles,index,108.1,
wpi,2022-23,2023-11-30,nic:32/medical_and_dental_instruments_and_supplies,index,101.1,
wpi,2022-23,2023-11-30,nic:32/musical_instruments,index,102.0,
wpi,2022-23,2023-11-30,nic:32/other_manufacturing,index,105.7,
wpi,2022-23,2023-11-30,nic:32/sports_goods,index,104.6,
wpi,2022-23,2023-11-30,wpi:all,index,100.1,
wpi,2022-23,2023-11-30,wpi:food_index,index,107.8,
wpi,2022-23,2023-11-30,wpi:fuel_power,index,94.2,
wpi,2022-23,2023-11-30,wpi:fuel_power/coal_and_lignite,index,93.5,
wpi,2022-23,2023-11-30,wpi:fuel_power/coal_and_lignite/coking_coal,index,90.4,
wpi,2022-23,2023-11-30,wpi:fuel_power/coal_and_lignite/coking_coal/coking_coal,index,90.4,
wpi,2022-23,2023-11-30,wpi:fuel_power/coal_and_lignite/lignite,index,73.6,
wpi,2022-23,2023-11-30,wpi:fuel_power/coal_and_lignite/non_coking_coal,index,94.6,
wpi,2022-23,2023-11-30,wpi:fuel_power/coal_and_lignite/non_coking_coal/non_coking_coal_g15_to_g17_gcv_3100_kcal_kg,index,99.3,
wpi,2022-23,2023-11-30,wpi:fuel_power/coal_and_lignite/non_coking_coal/non_coking_coal_g1_to_g6_gcv_exceeding_5500_kcal_kg,index,98.1,
wpi,2022-23,2023-11-30,wpi:fuel_power/coal_and_lignite/non_coking_coal/non_coking_coal_g7_to_g14_gcv_3100_kcal_kg_to_5500_kcal_kg,index,93.9,
wpi,2022-23,2023-11-30,wpi:fuel_power/crude_petroleum_natural_gas,index,101.5,
wpi,2022-23,2023-11-30,wpi:fuel_power/electricity,index,95.3,
wpi,2022-23,2023-11-30,wpi:fuel_power/electricity/hydro_electricity,index,154.5,
wpi,2022-23,2023-11-30,wpi:fuel_power/electricity/nuclear,index,100.4,
wpi,2022-23,2023-11-30,wpi:fuel_power/electricity/solar,index,102.6,
wpi,2022-23,2023-11-30,wpi:fuel_power/electricity/thermal_electricity,index,89.0,
wpi,2022-23,2023-11-30,wpi:fuel_power/electricity/wind,index,106.5,
wpi,2022-23,2023-11-30,wpi:fuel_power/mineral_oils,index,93.0,
wpi,2022-23,2023-11-30,wpi:manufactured,index,98.2,
wpi,2022-23,2023-11-30,wpi:primary,index,108.9,
wpi,2022-23,2023-11-30,wpi:primary/food_articles,index,112.5,
wpi,2022-23,2023-11-30,wpi:primary/food_articles/condiments_spices,index,145.4,
wpi,2022-23,2023-11-30,wpi:primary/food_articles/eggs_meat_fish,index,99.0,
wpi,2022-23,2023-11-30,wpi:primary/food_articles/food_grains_cereals_pulses,index,114.0,
wpi,2022-23,2023-11-30,wpi:primary/food_articles/food_grains_cereals_pulses/cereals,index,112.3,
wpi,2022-23,2023-11-30,wpi:primary/food_articles/food_grains_cereals_pulses/pulses,index,123.2,
wpi,2022-23,2023-11-30,wpi:primary/food_articles/fruits_vegetables,index,121.1,
wpi,2022-23,2023-11-30,wpi:primary/food_articles/fruits_vegetables/fruits,index,107.9,
wpi,2022-23,2023-11-30,wpi:primary/food_articles/fruits_vegetables/vegetables,index,133.9,
wpi,2022-23,2023-11-30,wpi:primary/food_articles/milk,index,109.9,
wpi,2022-23,2023-11-30,wpi:primary/food_articles/other_food_articles,index,104.6,
wpi,2022-23,2023-11-30,wpi:primary/minerals,index,103.1,
wpi,2022-23,2023-11-30,wpi:primary/minerals/metallic_minerals,index,103.6,
wpi,2022-23,2023-11-30,wpi:primary/minerals/minor_minerals,index,103.9,
wpi,2022-23,2023-11-30,wpi:primary/minerals/other_minerals,index,99.8,
wpi,2022-23,2023-11-30,wpi:primary/non_food_articles,index,99.7,
wpi,2022-23,2023-11-30,wpi:primary/non_food_articles/fibres,index,79.8,
wpi,2022-23,2023-11-30,wpi:primary/non_food_articles/floriculture,index,120.7,
wpi,2022-23,2023-11-30,wpi:primary/non_food_articles/medicinal_plants,index,123.6,
wpi,2022-23,2023-11-30,wpi:primary/non_food_articles/oil_seeds,index,93.0,
wpi,2022-23,2023-11-30,wpi:primary/non_food_articles/other_non_food_articles,index,103.9,
wpi,2022-23,2023-12-31,nic:10,index,99.1,
wpi,2022-23,2023-12-31,nic:10/bakery_products,index,101.2,
wpi,2022-23,2023-12-31,nic:10/cocoa_chocolate_and_sugar_confectionery,index,106.0,
wpi,2022-23,2023-12-31,nic:10/dairy_products,index,103.3,
wpi,2022-23,2023-12-31,nic:10/grain_mill_products,index,112.2,
wpi,2022-23,2023-12-31,nic:10/macaroni_noodles_couscous_and_similar_farinaceous_products,index,102.3,
wpi,2022-23,2023-12-31,nic:10/other_food_products,index,103.5,
wpi,2022-23,2023-12-31,nic:10/prepared_animal_feeds,index,102.3,
wpi,2022-23,2023-12-31,nic:10/processing_and_preserving_of_fish_crustaceans_and_molluscs,index,90.8,
wpi,2022-23,2023-12-31,nic:10/processing_and_preserving_of_fruit_and_vegetables,index,103.2,
wpi,2022-23,2023-12-31,nic:10/processing_and_preserving_of_meat,index,103.9,
wpi,2022-23,2023-12-31,nic:10/processing_of_coffee_and_tea,index,92.3,
wpi,2022-23,2023-12-31,nic:10/starches_and_starch_products,index,97.4,
wpi,2022-23,2023-12-31,nic:10/sugar,index,109.0,
wpi,2022-23,2023-12-31,nic:10/vegetable_and_animal_oils_and_fats,index,77.1,
wpi,2022-23,2023-12-31,nic:11,index,102.9,
wpi,2022-23,2023-12-31,nic:11/beer,index,103.8,
wpi,2022-23,2023-12-31,nic:11/distilling_rectifying_and_blending_of_spirits,index,106.1,
wpi,2022-23,2023-12-31,nic:11/soft_drinks_production_of_mineral_waters_and_other_bottled_waters,index,101.8,
wpi,2022-23,2023-12-31,nic:11/wines,index,102.8,
wpi,2022-23,2023-12-31,nic:12,index,104.9,
wpi,2022-23,2023-12-31,nic:12/tobacco_products,index,104.9,
wpi,2022-23,2023-12-31,nic:13,index,91.0,
wpi,2022-23,2023-12-31,nic:13/carpets_and_rugs,index,102.8,
wpi,2022-23,2023-12-31,nic:13/cordage_rope_twine_and_netting,index,102.0,
wpi,2022-23,2023-12-31,nic:13/knitted_and_crocheted_fabrics,index,95.6,
wpi,2022-23,2023-12-31,nic:13/made_up_textile_articles_except_apparel,index,100.3,
wpi,2022-23,2023-12-31,nic:13/other_textiles,index,100.1,
wpi,2022-23,2023-12-31,nic:13/preparation_and_spinning_of_textile_fibres,index,87.0,
wpi,2022-23,2023-12-31,nic:13/weaving_of_textiles,index,96.5,
wpi,2022-23,2023-12-31,nic:14,index,102.6,
wpi,2022-23,2023-12-31,nic:14/knitted_and_crocheted_apparel,index,102.2,
wpi,2022-23,2023-12-31,nic:14/wearing_apparel_except_fur_apparel,index,102.9,
wpi,2022-23,2023-12-31,nic:15,index,100.8,
wpi,2022-23,2023-12-31,nic:15/footwear,index,100.3,
wpi,2022-23,2023-12-31,nic:15/luggage_handbags_and_the_like_saddlery_and_harness_of_any_material,index,103.1,
wpi,2022-23,2023-12-31,nic:15/tanning_and_dressing_of_leather_dressing_and_dyeing_of_fur,index,101.3,
wpi,2022-23,2023-12-31,nic:16,index,103.9,
wpi,2022-23,2023-12-31,nic:16/other_products_of_wood_manufacture_of_articles_of_cork_straw_and_plaiting_materials,index,106.2,
wpi,2022-23,2023-12-31,nic:16/sawmilling_and_planing_of_wood,index,108.7,
wpi,2022-23,2023-12-31,nic:16/veneer_sheets_and_wood_based_panels,index,103.7,
wpi,2022-23,2023-12-31,nic:16/wooden_containers,index,102.8,
wpi,2022-23,2023-12-31,nic:17,index,87.6,
wpi,2022-23,2023-12-31,nic:17/corrugated_paper_and_paperboard_and_of_containers_of_paper_and_paperboard,index,87.3,
wpi,2022-23,2023-12-31,nic:17/other_articles_of_paper_and_paperboard,index,91.6,
wpi,2022-23,2023-12-31,nic:17/pulp_paper_and_paperboard,index,85.7,
wpi,2022-23,2023-12-31,nic:18,index,103.6,
wpi,2022-23,2023-12-31,nic:18/printing,index,103.6,
wpi,2022-23,2023-12-31,nic:20,index,91.2,
wpi,2022-23,2023-12-31,nic:20/basic_chemicals,index,85.7,
wpi,2022-23,2023-12-31,nic:20/fertilizers_and_nitrogen_compounds,index,94.9,
wpi,2022-23,2023-12-31,nic:20/man_made_fibres,index,92.2,
wpi,2022-23,2023-12-31,nic:20/other_chemical_products,index,87.8,
wpi,2022-23,2023-12-31,nic:20/paints_varnishes_and_similar_coatings_printing_ink_and_mastics,index,92.0,
wpi,2022-23,2023-12-31,nic:20/pesticides_and_other_agrochemical_products,index,91.2,
wpi,2022-23,2023-12-31,nic:20/plastics_and_synthetic_rubber_in_primary_forms,index,89.4,
wpi,2022-23,2023-12-31,nic:20/soap_and_detergents_cleaning_and_polishing_preparations_perfumes_and_toilet_preparations,index,97.7,
wpi,2022-23,2023-12-31,nic:21,index,100.6,
wpi,2022-23,2023-12-31,nic:21/pharmaceuticals_medicinal_chemical_and_botanical_products,index,100.6,
wpi,2022-23,2023-12-31,nic:22,index,93.8,
wpi,2022-23,2023-12-31,nic:22/other_rubber_products,index,102.3,
wpi,2022-23,2023-12-31,nic:22/plastics_products,index,91.5,
wpi,2022-23,2023-12-31,nic:22/rubber_tyres_and_tubes_retreading_and_rebuilding_of_rubber_tyres,index,98.1,
wpi,2022-23,2023-12-31,nic:23,index,99.5,
wpi,2022-23,2023-12-31,nic:23/articles_of_concrete_cement_and_plaster,index,103.2,
wpi,2022-23,2023-12-31,nic:23/cement_lime_and_plaster,index,99.5,
wpi,2022-23,2023-12-31,nic:23/clay_building_materials,index,100.1,
wpi,2022-23,2023-12-31,nic:23/cutting_shaping_and_finishing_of_stone,index,106.5,
wpi,2022-23,2023-12-31,nic:23/glass_and_glass_products,index,97.3,
wpi,2022-23,2023-12-31,nic:23/other_porcelain_and_ceramic_products,index,101.0,
wpi,2022-23,2023-12-31,nic:23/refractory_products,index,97.5,
wpi,2022-23,2023-12-31,nic:24,index,91.9,
wpi,2022-23,2023-12-31,nic:24/basic_iron_and_steel,index,90.2,
wpi,2022-23,2023-12-31,nic:24/basic_precious_and_other_non_ferrous_metals,index,98.2,
wpi,2022-23,2023-12-31,nic:24/casting_of_iron_and_steel,index,94.8,
wpi,2022-23,2023-12-31,nic:25,index,99.2,
wpi,2022-23,2023-12-31,nic:25/cutlery_hand_tools_and_general_hardware,index,98.7,
wpi,2022-23,2023-12-31,nic:25/forging_pressing_stamping_and_roll_forming_of_metal_powder_metallurgy,index,96.4,
wpi,2022-23,2023-12-31,nic:25/other_fabricated_metal_products,index,100.1,
wpi,2022-23,2023-12-31,nic:25/steam_generators_except_central_heating_hot_water_boilers,index,109.1,
wpi,2022-23,2023-12-31,nic:25/structural_metal_products,index,99.0,
wpi,2022-23,2023-12-31,nic:25/tanks_reservoirs_and_containers_of_metal,index,96.7,
wpi,2022-23,2023-12-31,nic:25/treatment_and_coating_of_metals_machining,index,92.6,
wpi,2022-23,2023-12-31,nic:25/weapons_and_ammunition,index,98.2,
wpi,2022-23,2023-12-31,nic:26,index,98.4,
wpi,2022-23,2023-12-31,nic:26/communication_equipment,index,98.0,
wpi,2022-23,2023-12-31,nic:26/computers_and_peripheral_equipment,index,100.6,
wpi,2022-23,2023-12-31,nic:26/consumer_electronics,index,94.5,
wpi,2022-23,2023-12-31,nic:26/irradiation_electromedical_and_electrotherapeutic_equipment,index,100.7,
wpi,2022-23,2023-12-31,nic:26/magnetic_and_optical_media,index,89.0,
wpi,2022-23,2023-12-31,nic:26/measuring_testing_navigating_and_control_equipment,index,104.0,
wpi,2022-23,2023-12-31,nic:26/optical_instruments_and_photographic_equipment,index,103.7,
wpi,2022-23,2023-12-31,nic:26/other_electronic_components_and_boards,index,96.3,
wpi,2022-23,2023-12-31,nic:26/solar_cells_solar_panels_and_photovoltaic_inverters,index,105.6,
wpi,2022-23,2023-12-31,nic:26/watches_and_clocks,index,109.7,
wpi,2022-23,2023-12-31,nic:27,index,100.2,
wpi,2022-23,2023-12-31,nic:27/batteries_and_accumulators,index,99.4,
wpi,2022-23,2023-12-31,nic:27/domestic_appliances,index,98.0,
wpi,2022-23,2023-12-31,nic:27/electric_lighting_equipment,index,92.7,
wpi,2022-23,2023-12-31,nic:27/electric_motors_generators_transformers_and_electricity_distribution_and_control_apparatus,index,103.3,
wpi,2022-23,2023-12-31,nic:27/fibre_optic_cables,index,106.2,
wpi,2022-23,2023-12-31,nic:27/other_electrical_equipment,index,97.4,
wpi,2022-23,2023-12-31,nic:27/other_electronic_and_electric_wires_and_cables,index,99.3,
wpi,2022-23,2023-12-31,nic:27/wiring_devices,index,103.9,
wpi,2022-23,2023-12-31,nic:28,index,102.0,
wpi,2022-23,2023-12-31,nic:28/agricultural_and_forestry_machinery,index,102.2,
wpi,2022-23,2023-12-31,nic:28/bearings_gears_gearing_and_driving_elements,index,100.8,
wpi,2022-23,2023-12-31,nic:28/engines_and_turbines_except_aircraft_vehicle_and_cycle_engines,index,96.8,
wpi,2022-23,2023-12-31,nic:28/fluid_power_equipment,index,102.3,
wpi,2022-23,2023-12-31,nic:28/lifting_and_handling_equipment,index,103.0,
wpi,2022-23,2023-12-31,nic:28/machinery_for_food_beverage_and_tobacco_processing,index,106.6,
wpi,2022-23,2023-12-31,nic:28/machinery_for_metallurgy,index,104.8,
wpi,2022-23,2023-12-31,nic:28/machinery_for_mining_quarrying_and_construction,index,105.4,
wpi,2022-23,2023-12-31,nic:28/machinery_for_textile_apparel_and_leather_production,index,100.1,
wpi,2022-23,2023-12-31,nic:28/metal_forming_machinery_and_machine_tools,index,105.9,
wpi,2022-23,2023-12-31,nic:28/other_general_purpose_machinery,index,100.5,
wpi,2022-23,2023-12-31,nic:28/other_pumps_compressors_taps_and_valves,index,103.8,
wpi,2022-23,2023-12-31,nic:28/other_special_purpose_machinery,index,99.5,
wpi,2022-23,2023-12-31,nic:28/ovens_furnaces_and_permanent_household_heating_equipment,index,104.6,
wpi,2022-23,2023-12-31,nic:28/power_driven_hand_tools,index,101.1,
wpi,2022-23,2023-12-31,nic:29,index,106.1,
wpi,2022-23,2023-12-31,nic:29/bodies_coachwork_for_motor_vehicles_manufacture_of_trailers_and_semi_trailers,index,101.2,
wpi,2022-23,2023-12-31,nic:29/motor_vehicles,index,111.2,
wpi,2022-23,2023-12-31,nic:29/parts_and_accessories_for_motor_vehicles,index,100.0,
wpi,2022-23,2023-12-31,nic:30,index,102.2,
wpi,2022-23,2023-12-31,nic:30/air_and_spacecraft_and_related_machinery,index,109.7,
wpi,2022-23,2023-12-31,nic:30/bicycles_and_invalid_carriages,index,100.6,
wpi,2022-23,2023-12-31,nic:30/building_of_ships_and_floating_structures,index,109.9,
wpi,2022-23,2023-12-31,nic:30/motorcycles,index,101.4,
wpi,2022-23,2023-12-31,nic:30/other_transport_equipment,index,102.2,
wpi,2022-23,2023-12-31,nic:30/railway_locomotives_and_rolling_stock,index,103.0,
wpi,2022-23,2023-12-31,nic:31,index,101.6,
wpi,2022-23,2023-12-31,nic:31/other_furniture,index,100.6,
wpi,2022-23,2023-12-31,nic:31/wooden_furniture,index,102.2,
wpi,2022-23,2023-12-31,nic:32,index,105.7,
wpi,2022-23,2023-12-31,nic:32/games_and_toys,index,104.8,
wpi,2022-23,2023-12-31,nic:32/imitation_jewellery_and_related_articles,index,111.0,
wpi,2022-23,2023-12-31,nic:32/jewellery_and_related_articles,index,106.3,
wpi,2022-23,2023-12-31,nic:32/medical_and_dental_instruments_and_supplies,index,101.6,
wpi,2022-23,2023-12-31,nic:32/musical_instruments,index,100.0,
wpi,2022-23,2023-12-31,nic:32/other_manufacturing,index,104.2,
wpi,2022-23,2023-12-31,nic:32/sports_goods,index,104.7,
wpi,2022-23,2023-12-31,wpi:all,index,99.4,
wpi,2022-23,2023-12-31,wpi:food_index,index,106.3,
wpi,2022-23,2023-12-31,wpi:fuel_power,index,93.5,
wpi,2022-23,2023-12-31,wpi:fuel_power/coal_and_lignite,index,91.8,
wpi,2022-23,2023-12-31,wpi:fuel_power/coal_and_lignite/coking_coal,index,91.4,
wpi,2022-23,2023-12-31,wpi:fuel_power/coal_and_lignite/coking_coal/coking_coal,index,91.4,
wpi,2022-23,2023-12-31,wpi:fuel_power/coal_and_lignite/lignite,index,73.6,
wpi,2022-23,2023-12-31,wpi:fuel_power/coal_and_lignite/non_coking_coal,index,92.5,
wpi,2022-23,2023-12-31,wpi:fuel_power/coal_and_lignite/non_coking_coal/non_coking_coal_g15_to_g17_gcv_3100_kcal_kg,index,97.4,
wpi,2022-23,2023-12-31,wpi:fuel_power/coal_and_lignite/non_coking_coal/non_coking_coal_g1_to_g6_gcv_exceeding_5500_kcal_kg,index,97.3,
wpi,2022-23,2023-12-31,wpi:fuel_power/coal_and_lignite/non_coking_coal/non_coking_coal_g7_to_g14_gcv_3100_kcal_kg_to_5500_kcal_kg,index,91.7,
wpi,2022-23,2023-12-31,wpi:fuel_power/crude_petroleum_natural_gas,index,96.9,
wpi,2022-23,2023-12-31,wpi:fuel_power/electricity,index,96.8,
wpi,2022-23,2023-12-31,wpi:fuel_power/electricity/hydro_electricity,index,164.9,
wpi,2022-23,2023-12-31,wpi:fuel_power/electricity/nuclear,index,100.9,
wpi,2022-23,2023-12-31,wpi:fuel_power/electricity/solar,index,102.0,
wpi,2022-23,2023-12-31,wpi:fuel_power/electricity/thermal_electricity,index,90.0,
wpi,2022-23,2023-12-31,wpi:fuel_power/electricity/wind,index,106.1,
wpi,2022-23,2023-12-31,wpi:fuel_power/mineral_oils,index,91.6,
wpi,2022-23,2023-12-31,wpi:manufactured,index,97.9,
wpi,2022-23,2023-12-31,wpi:primary,index,107.2,
wpi,2022-23,2023-12-31,wpi:primary/food_articles,index,110.3,
wpi,2022-23,2023-12-31,wpi:primary/food_articles/condiments_spices,index,153.3,
wpi,2022-23,2023-12-31,wpi:primary/food_articles/eggs_meat_fish,index,98.2,
wpi,2022-23,2023-12-31,wpi:primary/food_articles/food_grains_cereals_pulses,index,114.4,
wpi,2022-23,2023-12-31,wpi:primary/food_articles/food_grains_cereals_pulses/cereals,index,113.1,
wpi,2022-23,2023-12-31,wpi:primary/food_articles/food_grains_cereals_pulses/pulses,index,121.3,
wpi,2022-23,2023-12-31,wpi:primary/food_articles/fruits_vegetables,index,109.3,
wpi,2022-23,2023-12-31,wpi:primary/food_articles/fruits_vegetables/fruits,index,103.2,
wpi,2022-23,2023-12-31,wpi:primary/food_articles/fruits_vegetables/vegetables,index,115.1,
wpi,2022-23,2023-12-31,wpi:primary/food_articles/milk,index,110.1,
wpi,2022-23,2023-12-31,wpi:primary/food_articles/other_food_articles,index,103.8,
wpi,2022-23,2023-12-31,wpi:primary/minerals,index,104.7,
wpi,2022-23,2023-12-31,wpi:primary/minerals/metallic_minerals,index,105.7,
wpi,2022-23,2023-12-31,wpi:primary/minerals/minor_minerals,index,104.5,
wpi,2022-23,2023-12-31,wpi:primary/minerals/other_minerals,index,101.7,
wpi,2022-23,2023-12-31,wpi:primary/non_food_articles,index,98.7,
wpi,2022-23,2023-12-31,wpi:primary/non_food_articles/fibres,index,77.4,
wpi,2022-23,2023-12-31,wpi:primary/non_food_articles/floriculture,index,114.4,
wpi,2022-23,2023-12-31,wpi:primary/non_food_articles/medicinal_plants,index,110.8,
wpi,2022-23,2023-12-31,wpi:primary/non_food_articles/oil_seeds,index,92.6,
wpi,2022-23,2023-12-31,wpi:primary/non_food_articles/other_non_food_articles,index,103.2,
wpi,2022-23,2024-01-31,nic:10,index,98.0,
wpi,2022-23,2024-01-31,nic:10/bakery_products,index,98.3,
wpi,2022-23,2024-01-31,nic:10/cocoa_chocolate_and_sugar_confectionery,index,108.1,
wpi,2022-23,2024-01-31,nic:10/dairy_products,index,102.8,
wpi,2022-23,2024-01-31,nic:10/grain_mill_products,index,110.9,
wpi,2022-23,2024-01-31,nic:10/macaroni_noodles_couscous_and_similar_farinaceous_products,index,102.9,
wpi,2022-23,2024-01-31,nic:10/other_food_products,index,101.7,
wpi,2022-23,2024-01-31,nic:10/prepared_animal_feeds,index,101.5,
wpi,2022-23,2024-01-31,nic:10/processing_and_preserving_of_fish_crustaceans_and_molluscs,index,93.5,
wpi,2022-23,2024-01-31,nic:10/processing_and_preserving_of_fruit_and_vegetables,index,103.5,
wpi,2022-23,2024-01-31,nic:10/processing_and_preserving_of_meat,index,105.8,
wpi,2022-23,2024-01-31,nic:10/processing_of_coffee_and_tea,index,84.0,
wpi,2022-23,2024-01-31,nic:10/starches_and_starch_products,index,99.5,
wpi,2022-23,2024-01-31,nic:10/sugar,index,107.9,
wpi,2022-23,2024-01-31,nic:10/vegetable_and_animal_oils_and_fats,index,75.6,
wpi,2022-23,2024-01-31,nic:11,index,102.3,
wpi,2022-23,2024-01-31,nic:11/beer,index,103.4,
wpi,2022-23,2024-01-31,nic:11/distilling_rectifying_and_blending_of_spirits,index,106.4,
wpi,2022-23,2024-01-31,nic:11/soft_drinks_production_of_mineral_waters_and_other_bottled_waters,index,100.9,
wpi,2022-23,2024-01-31,nic:11/wines,index,102.4,
wpi,2022-23,2024-01-31,nic:12,index,105.1,
wpi,2022-23,2024-01-31,nic:12/tobacco_products,index,105.1,
wpi,2022-23,2024-01-31,nic:13,index,91.1,
wpi,2022-23,2024-01-31,nic:13/carpets_and_rugs,index,102.0,
wpi,2022-23,2024-01-31,nic:13/cordage_rope_twine_and_netting,index,100.1,
wpi,2022-23,2024-01-31,nic:13/knitted_and_crocheted_fabrics,index,95.2,
wpi,2022-23,2024-01-31,nic:13/made_up_textile_articles_except_apparel,index,101.1,
wpi,2022-23,2024-01-31,nic:13/other_textiles,index,100.3,
wpi,2022-23,2024-01-31,nic:13/preparation_and_spinning_of_textile_fibres,index,87.2,
wpi,2022-23,2024-01-31,nic:13/weaving_of_textiles,index,95.5,
wpi,2022-23,2024-01-31,nic:14,index,102.7,
wpi,2022-23,2024-01-31,nic:14/knitted_and_crocheted_apparel,index,102.4,
wpi,2022-23,2024-01-31,nic:14/wearing_apparel_except_fur_apparel,index,103.0,
wpi,2022-23,2024-01-31,nic:15,index,100.4,
wpi,2022-23,2024-01-31,nic:15/footwear,index,99.2,
wpi,2022-23,2024-01-31,nic:15/luggage_handbags_and_the_like_saddlery_and_harness_of_any_material,index,106.7,
wpi,2022-23,2024-01-31,nic:15/tanning_and_dressing_of_leather_dressing_and_dyeing_of_fur,index,101.0,
wpi,2022-23,2024-01-31,nic:16,index,103.7,
wpi,2022-23,2024-01-31,nic:16/other_products_of_wood_manufacture_of_articles_of_cork_straw_and_plaiting_materials,index,107.4,
wpi,2022-23,2024-01-31,nic:16/sawmilling_and_planing_of_wood,index,108.2,
wpi,2022-23,2024-01-31,nic:16/veneer_sheets_and_wood_based_panels,index,103.5,
wpi,2022-23,2024-01-31,nic:16/wooden_containers,index,103.9,
wpi,2022-23,2024-01-31,nic:17,index,88.2,
wpi,2022-23,2024-01-31,nic:17/corrugated_paper_and_paperboard_and_of_containers_of_paper_and_paperboard,index,87.5,
wpi,2022-23,2024-01-31,nic:17/other_articles_of_paper_and_paperboard,index,90.4,
wpi,2022-23,2024-01-31,nic:17/pulp_paper_and_paperboard,index,87.5,
wpi,2022-23,2024-01-31,nic:18,index,104.0,
wpi,2022-23,2024-01-31,nic:18/printing,index,104.0,
wpi,2022-23,2024-01-31,nic:20,index,91.1,
wpi,2022-23,2024-01-31,nic:20/basic_chemicals,index,85.8,
wpi,2022-23,2024-01-31,nic:20/fertilizers_and_nitrogen_compounds,index,94.5,
wpi,2022-23,2024-01-31,nic:20/man_made_fibres,index,92.5,
wpi,2022-23,2024-01-31,nic:20/other_chemical_products,index,87.6,
wpi,2022-23,2024-01-31,nic:20/paints_varnishes_and_similar_coatings_printing_ink_and_mastics,index,91.3,
wpi,2022-23,2024-01-31,nic:20/pesticides_and_other_agrochemical_products,index,90.2,
wpi,2022-23,2024-01-31,nic:20/plastics_and_synthetic_rubber_in_primary_forms,index,89.9,
wpi,2022-23,2024-01-31,nic:20/soap_and_detergents_cleaning_and_polishing_preparations_perfumes_and_toilet_preparations,index,97.5,
wpi,2022-23,2024-01-31,nic:21,index,100.8,
wpi,2022-23,2024-01-31,nic:21/pharmaceuticals_medicinal_chemical_and_botanical_products,index,100.8,
wpi,2022-23,2024-01-31,nic:22,index,93.9,
wpi,2022-23,2024-01-31,nic:22/other_rubber_products,index,102.9,
wpi,2022-23,2024-01-31,nic:22/plastics_products,index,91.4,
wpi,2022-23,2024-01-31,nic:22/rubber_tyres_and_tubes_retreading_and_rebuilding_of_rubber_tyres,index,98.9,
wpi,2022-23,2024-01-31,nic:23,index,98.7,
wpi,2022-23,2024-01-31,nic:23/articles_of_concrete_cement_and_plaster,index,104.2,
wpi,2022-23,2024-01-31,nic:23/cement_lime_and_plaster,index,97.8,
wpi,2022-23,2024-01-31,nic:23/clay_building_materials,index,101.8,
wpi,2022-23,2024-01-31,nic:23/cutting_shaping_and_finishing_of_stone,index,108.9,
wpi,2022-23,2024-01-31,nic:23/glass_and_glass_products,index,96.7,
wpi,2022-23,2024-01-31,nic:23/other_porcelain_and_ceramic_products,index,101.3,
wpi,2022-23,2024-01-31,nic:23/refractory_products,index,97.5,
wpi,2022-23,2024-01-31,nic:24,index,92.0,
wpi,2022-23,2024-01-31,nic:24/basic_iron_and_steel,index,90.1,
wpi,2022-23,2024-01-31,nic:24/basic_precious_and_other_non_ferrous_metals,index,99.3,
wpi,2022-23,2024-01-31,nic:24/casting_of_iron_and_steel,index,94.7,
wpi,2022-23,2024-01-31,nic:25,index,99.6,
wpi,2022-23,2024-01-31,nic:25/cutlery_hand_tools_and_general_hardware,index,98.9,
wpi,2022-23,2024-01-31,nic:25/forging_pressing_stamping_and_roll_forming_of_metal_powder_metallurgy,index,95.9,
wpi,2022-23,2024-01-31,nic:25/other_fabricated_metal_products,index,101.0,
wpi,2022-23,2024-01-31,nic:25/steam_generators_except_central_heating_hot_water_boilers,index,108.2,
wpi,2022-23,2024-01-31,nic:25/structural_metal_products,index,99.5,
wpi,2022-23,2024-01-31,nic:25/tanks_reservoirs_and_containers_of_metal,index,97.5,
wpi,2022-23,2024-01-31,nic:25/treatment_and_coating_of_metals_machining,index,92.2,
wpi,2022-23,2024-01-31,nic:25/weapons_and_ammunition,index,100.3,
wpi,2022-23,2024-01-31,nic:26,index,96.6,
wpi,2022-23,2024-01-31,nic:26/communication_equipment,index,95.4,
wpi,2022-23,2024-01-31,nic:26/computers_and_peripheral_equipment,index,100.0,
wpi,2022-23,2024-01-31,nic:26/consumer_electronics,index,94.2,
wpi,2022-23,2024-01-31,nic:26/irradiation_electromedical_and_electrotherapeutic_equipment,index,103.6,
wpi,2022-23,2024-01-31,nic:26/magnetic_and_optical_media,index,89.0,
wpi,2022-23,2024-01-31,nic:26/measuring_testing_navigating_and_control_equipment,index,105.2,
wpi,2022-23,2024-01-31,nic:26/optical_instruments_and_photographic_equipment,index,104.8,
wpi,2022-23,2024-01-31,nic:26/other_electronic_components_and_boards,index,95.3,
wpi,2022-23,2024-01-31,nic:26/solar_cells_solar_panels_and_photovoltaic_inverters,index,104.9,
wpi,2022-23,2024-01-31,nic:26/watches_and_clocks,index,107.8,
wpi,2022-23,2024-01-31,nic:27,index,100.6,
wpi,2022-23,2024-01-31,nic:27/batteries_and_accumulators,index,97.8,
wpi,2022-23,2024-01-31,nic:27/domestic_appliances,index,98.4,
wpi,2022-23,2024-01-31,nic:27/electric_lighting_equipment,index,92.9,
wpi,2022-23,2024-01-31,nic:27/electric_motors_generators_transformers_and_electricity_distribution_and_control_apparatus,index,104.5,
wpi,2022-23,2024-01-31,nic:27/fibre_optic_cables,index,103.7,
wpi,2022-23,2024-01-31,nic:27/other_electrical_equipment,index,97.6,
wpi,2022-23,2024-01-31,nic:27/other_electronic_and_electric_wires_and_cables,index,100.0,
wpi,2022-23,2024-01-31,nic:27/wiring_devices,index,104.3,
wpi,2022-23,2024-01-31,nic:28,index,102.0,
wpi,2022-23,2024-01-31,nic:28/agricultural_and_forestry_machinery,index,102.5,
wpi,2022-23,2024-01-31,nic:28/bearings_gears_gearing_and_driving_elements,index,101.4,
wpi,2022-23,2024-01-31,nic:28/engines_and_turbines_except_aircraft_vehicle_and_cycle_engines,index,97.0,
wpi,2022-23,2024-01-31,nic:28/fluid_power_equipment,index,101.0,
wpi,2022-23,2024-01-31,nic:28/lifting_and_handling_equipment,index,102.6,
wpi,2022-23,2024-01-31,nic:28/machinery_for_food_beverage_and_tobacco_processing,index,107.5,
wpi,2022-23,2024-01-31,nic:28/machinery_for_metallurgy,index,102.4,
wpi,2022-23,2024-01-31,nic:28/machinery_for_mining_quarrying_and_construction,index,105.5,
wpi,2022-23,2024-01-31,nic:28/machinery_for_textile_apparel_and_leather_production,index,100.2,
wpi,2022-23,2024-01-31,nic:28/metal_forming_machinery_and_machine_tools,index,103.9,
wpi,2022-23,2024-01-31,nic:28/other_general_purpose_machinery,index,99.9,
wpi,2022-23,2024-01-31,nic:28/other_pumps_compressors_taps_and_valves,index,103.7,
wpi,2022-23,2024-01-31,nic:28/other_special_purpose_machinery,index,100.6,
wpi,2022-23,2024-01-31,nic:28/ovens_furnaces_and_permanent_household_heating_equipment,index,104.9,
wpi,2022-23,2024-01-31,nic:28/power_driven_hand_tools,index,98.5,
wpi,2022-23,2024-01-31,nic:29,index,105.2,
wpi,2022-23,2024-01-31,nic:29/bodies_coachwork_for_motor_vehicles_manufacture_of_trailers_and_semi_trailers,index,100.8,
wpi,2022-23,2024-01-31,nic:29/motor_vehicles,index,109.7,
wpi,2022-23,2024-01-31,nic:29/parts_and_accessories_for_motor_vehicles,index,99.8,
wpi,2022-23,2024-01-31,nic:30,index,102.2,
wpi,2022-23,2024-01-31,nic:30/air_and_spacecraft_and_related_machinery,index,109.6,
wpi,2022-23,2024-01-31,nic:30/bicycles_and_invalid_carriages,index,101.3,
wpi,2022-23,2024-01-31,nic:30/building_of_ships_and_floating_structures,index,110.1,
wpi,2022-23,2024-01-31,nic:30/motorcycles,index,101.7,
wpi,2022-23,2024-01-31,nic:30/other_transport_equipment,index,100.7,
wpi,2022-23,2024-01-31,nic:30/railway_locomotives_and_rolling_stock,index,103.0,
wpi,2022-23,2024-01-31,nic:31,index,101.3,
wpi,2022-23,2024-01-31,nic:31/other_furniture,index,100.3,
wpi,2022-23,2024-01-31,nic:31/wooden_furniture,index,101.9,
wpi,2022-23,2024-01-31,nic:32,index,107.5,
wpi,2022-23,2024-01-31,nic:32/games_and_toys,index,103.1,
wpi,2022-23,2024-01-31,nic:32/imitation_jewellery_and_related_articles,index,111.4,
wpi,2022-23,2024-01-31,nic:32/jewellery_and_related_articles,index,108.4,
wpi,2022-23,2024-01-31,nic:32/medical_and_dental_instruments_and_supplies,index,101.6,
wpi,2022-23,2024-01-31,nic:32/musical_instruments,index,103.1,
wpi,2022-23,2024-01-31,nic:32/other_manufacturing,index,105.7,
wpi,2022-23,2024-01-31,nic:32/sports_goods,index,104.5,
wpi,2022-23,2024-01-31,wpi:all,index,99.3,
wpi,2022-23,2024-01-31,wpi:food_index,index,105.5,
wpi,2022-23,2024-01-31,wpi:fuel_power,index,93.7,
wpi,2022-23,2024-01-31,wpi:fuel_power/coal_and_lignite,index,90.6,
wpi,2022-23,2024-01-31,wpi:fuel_power/coal_and_lignite/coking_coal,index,89.2,
wpi,2022-23,2024-01-31,wpi:fuel_power/coal_and_lignite/coking_coal/coking_coal,index,89.2,
wpi,2022-23,2024-01-31,wpi:fuel_power/coal_and_lignite/lignite,index,70.4,
wpi,2022-23,2024-01-31,wpi:fuel_power/coal_and_lignite/non_coking_coal,index,91.6,
wpi,2022-23,2024-01-31,wpi:fuel_power/coal_and_lignite/non_coking_coal/non_coking_coal_g15_to_g17_gcv_3100_kcal_kg,index,97.6,
wpi,2022-23,2024-01-31,wpi:fuel_power/coal_and_lignite/non_coking_coal/non_coking_coal_g1_to_g6_gcv_exceeding_5500_kcal_kg,index,96.6,
wpi,2022-23,2024-01-31,wpi:fuel_power/coal_and_lignite/non_coking_coal/non_coking_coal_g7_to_g14_gcv_3100_kcal_kg_to_5500_kcal_kg,index,90.7,
wpi,2022-23,2024-01-31,wpi:fuel_power/crude_petroleum_natural_gas,index,95.9,
wpi,2022-23,2024-01-31,wpi:fuel_power/electricity,index,98.9,
wpi,2022-23,2024-01-31,wpi:fuel_power/electricity/hydro_electricity,index,171.4,
wpi,2022-23,2024-01-31,wpi:fuel_power/electricity/nuclear,index,100.7,
wpi,2022-23,2024-01-31,wpi:fuel_power/electricity/solar,index,103.6,
wpi,2022-23,2024-01-31,wpi:fuel_power/electricity/thermal_electricity,index,91.8,
wpi,2022-23,2024-01-31,wpi:fuel_power/electricity/wind,index,106.5,
wpi,2022-23,2024-01-31,wpi:fuel_power/mineral_oils,index,91.0,
wpi,2022-23,2024-01-31,wpi:manufactured,index,97.7,
wpi,2022-23,2024-01-31,wpi:primary,index,107.4,
wpi,2022-23,2024-01-31,wpi:primary/food_articles,index,109.7,
wpi,2022-23,2024-01-31,wpi:primary/food_articles/condiments_spices,index,156.5,
wpi,2022-23,2024-01-31,wpi:primary/food_articles/eggs_meat_fish,index,100.9,
wpi,2022-23,2024-01-31,wpi:primary/food_articles/food_grains_cereals_pulses,index,114.6,
wpi,2022-23,2024-01-31,wpi:primary/food_articles/food_grains_cereals_pulses/cereals,index,114.1,
wpi,2022-23,2024-01-31,wpi:primary/food_articles/food_grains_cereals_pulses/pulses,index,117.6,
wpi,2022-23,2024-01-31,wpi:primary/food_articles/fruits_vegetables,index,102.3,
wpi,2022-23,2024-01-31,wpi:primary/food_articles/fruits_vegetables/fruits,index,101.9,
wpi,2022-23,2024-01-31,wpi:primary/food_articles/fruits_vegetables/vegetables,index,102.6,
wpi,2022-23,2024-01-31,wpi:primary/food_articles/milk,index,110.4,
wpi,2022-23,2024-01-31,wpi:primary/food_articles/other_food_articles,index,104.7,
wpi,2022-23,2024-01-31,wpi:primary/minerals,index,106.9,
wpi,2022-23,2024-01-31,wpi:primary/minerals/metallic_minerals,index,109.1,
wpi,2022-23,2024-01-31,wpi:primary/minerals/minor_minerals,index,104.5,
wpi,2022-23,2024-01-31,wpi:primary/minerals/other_minerals,index,103.6,
wpi,2022-23,2024-01-31,wpi:primary/non_food_articles,index,100.8,
wpi,2022-23,2024-01-31,wpi:primary/non_food_articles/fibres,index,76.0,
wpi,2022-23,2024-01-31,wpi:primary/non_food_articles/floriculture,index,118.4,
wpi,2022-23,2024-01-31,wpi:primary/non_food_articles/medicinal_plants,index,97.2,
wpi,2022-23,2024-01-31,wpi:primary/non_food_articles/oil_seeds,index,91.4,
wpi,2022-23,2024-01-31,wpi:primary/non_food_articles/other_non_food_articles,index,106.8,
wpi,2022-23,2024-02-29,nic:10,index,97.9,
wpi,2022-23,2024-02-29,nic:10/bakery_products,index,98.4,
wpi,2022-23,2024-02-29,nic:10/cocoa_chocolate_and_sugar_confectionery,index,106.6,
wpi,2022-23,2024-02-29,nic:10/dairy_products,index,102.7,
wpi,2022-23,2024-02-29,nic:10/grain_mill_products,index,112.1,
wpi,2022-23,2024-02-29,nic:10/macaroni_noodles_couscous_and_similar_farinaceous_products,index,102.0,
wpi,2022-23,2024-02-29,nic:10/other_food_products,index,101.1,
wpi,2022-23,2024-02-29,nic:10/prepared_animal_feeds,index,100.9,
wpi,2022-23,2024-02-29,nic:10/processing_and_preserving_of_fish_crustaceans_and_molluscs,index,94.6,
wpi,2022-23,2024-02-29,nic:10/processing_and_preserving_of_fruit_and_vegetables,index,104.4,
wpi,2022-23,2024-02-29,nic:10/processing_and_preserving_of_meat,index,107.3,
wpi,2022-23,2024-02-29,nic:10/processing_of_coffee_and_tea,index,84.7,
wpi,2022-23,2024-02-29,nic:10/starches_and_starch_products,index,100.0,
wpi,2022-23,2024-02-29,nic:10/sugar,index,106.1,
wpi,2022-23,2024-02-29,nic:10/vegetable_and_animal_oils_and_fats,index,75.3,
wpi,2022-23,2024-02-29,nic:11,index,103.4,
wpi,2022-23,2024-02-29,nic:11/beer,index,103.4,
wpi,2022-23,2024-02-29,nic:11/distilling_rectifying_and_blending_of_spirits,index,106.1,
wpi,2022-23,2024-02-29,nic:11/soft_drinks_production_of_mineral_waters_and_other_bottled_waters,index,102.6,
wpi,2022-23,2024-02-29,nic:11/wines,index,102.0,
wpi,2022-23,2024-02-29,nic:12,index,105.6,
wpi,2022-23,2024-02-29,nic:12/tobacco_products,index,105.6,
wpi,2022-23,2024-02-29,nic:13,index,91.2,
wpi,2022-23,2024-02-29,nic:13/carpets_and_rugs,index,101.3,
wpi,2022-23,2024-02-29,nic:13/cordage_rope_twine_and_netting,index,100.1,
wpi,2022-23,2024-02-29,nic:13/knitted_and_crocheted_fabrics,index,93.3,
wpi,2022-23,2024-02-29,nic:13/made_up_textile_articles_except_apparel,index,101.1,
wpi,2022-23,2024-02-29,nic:13/other_textiles,index,99.9,
wpi,2022-23,2024-02-29,nic:13/preparation_and_spinning_of_textile_fibres,index,87.5,
wpi,2022-23,2024-02-29,nic:13/weaving_of_textiles,index,95.2,
wpi,2022-23,2024-02-29,nic:14,index,103.0,
wpi,2022-23,2024-02-29,nic:14/knitted_and_crocheted_apparel,index,102.8,
wpi,2022-23,2024-02-29,nic:14/wearing_apparel_except_fur_apparel,index,103.2,
wpi,2022-23,2024-02-29,nic:15,index,100.9,
wpi,2022-23,2024-02-29,nic:15/footwear,index,99.1,
wpi,2022-23,2024-02-29,nic:15/luggage_handbags_and_the_like_saddlery_and_harness_of_any_material,index,110.1,
wpi,2022-23,2024-02-29,nic:15/tanning_and_dressing_of_leather_dressing_and_dyeing_of_fur,index,101.4,
wpi,2022-23,2024-02-29,nic:16,index,103.6,
wpi,2022-23,2024-02-29,nic:16/other_products_of_wood_manufacture_of_articles_of_cork_straw_and_plaiting_materials,index,107.5,
wpi,2022-23,2024-02-29,nic:16/sawmilling_and_planing_of_wood,index,107.4,
wpi,2022-23,2024-02-29,nic:16/veneer_sheets_and_wood_based_panels,index,103.5,
wpi,2022-23,2024-02-29,nic:16/wooden_containers,index,102.3,
wpi,2022-23,2024-02-29,nic:17,index,89.4,
wpi,2022-23,2024-02-29,nic:17/corrugated_paper_and_paperboard_and_of_containers_of_paper_and_paperboard,index,88.8,
wpi,2022-23,2024-02-29,nic:17/other_articles_of_paper_and_paperboard,index,89.3,
wpi,2022-23,2024-02-29,nic:17/pulp_paper_and_paperboard,index,89.9,
wpi,2022-23,2024-02-29,nic:18,index,103.5,
wpi,2022-23,2024-02-29,nic:18/printing,index,103.5,
wpi,2022-23,2024-02-29,nic:20,index,90.8,
wpi,2022-23,2024-02-29,nic:20/basic_chemicals,index,84.6,
wpi,2022-23,2024-02-29,nic:20/fertilizers_and_nitrogen_compounds,index,94.5,
wpi,2022-23,2024-02-29,nic:20/man_made_fibres,index,93.2,
wpi,2022-23,2024-02-29,nic:20/other_chemical_products,index,87.9,
wpi,2022-23,2024-02-29,nic:20/paints_varnishes_and_similar_coatings_printing_ink_and_mastics,index,91.4,
wpi,2022-23,2024-02-29,nic:20/pesticides_and_other_agrochemical_products,index,88.8,
wpi,2022-23,2024-02-29,nic:20/plastics_and_synthetic_rubber_in_primary_forms,index,90.3,
wpi,2022-23,2024-02-29,nic:20/soap_and_detergents_cleaning_and_polishing_preparations_perfumes_and_toilet_preparations,index,97.6,
wpi,2022-23,2024-02-29,nic:21,index,101.4,
wpi,2022-23,2024-02-29,nic:21/pharmaceuticals_medicinal_chemical_and_botanical_products,index,101.4,
wpi,2022-23,2024-02-29,nic:22,index,94.1,
wpi,2022-23,2024-02-29,nic:22/other_rubber_products,index,103.2,
wpi,2022-23,2024-02-29,nic:22/plastics_products,index,91.6,
wpi,2022-23,2024-02-29,nic:22/rubber_tyres_and_tubes_retreading_and_rebuilding_of_rubber_tyres,index,99.0,
wpi,2022-23,2024-02-29,nic:23,index,98.3,
wpi,2022-23,2024-02-29,nic:23/articles_of_concrete_cement_and_plaster,index,104.1,
wpi,2022-23,2024-02-29,nic:23/cement_lime_and_plaster,index,97.1,
wpi,2022-23,2024-02-29,nic:23/clay_building_materials,index,100.8,
wpi,2022-23,2024-02-29,nic:23/cutting_shaping_and_finishing_of_stone,index,107.0,
wpi,2022-23,2024-02-29,nic:23/glass_and_glass_products,index,97.1,
wpi,2022-23,2024-02-29,nic:23/other_porcelain_and_ceramic_products,index,100.1,
wpi,2022-23,2024-02-29,nic:23/refractory_products,index,98.4,
wpi,2022-23,2024-02-29,nic:24,index,90.8,
wpi,2022-23,2024-02-29,nic:24/basic_iron_and_steel,index,88.7,
wpi,2022-23,2024-02-29,nic:24/basic_precious_and_other_non_ferrous_metals,index,98.3,
wpi,2022-23,2024-02-29,nic:24/casting_of_iron_and_steel,index,94.6,
wpi,2022-23,2024-02-29,nic:25,index,99.2,
wpi,2022-23,2024-02-29,nic:25/cutlery_hand_tools_and_general_hardware,index,99.0,
wpi,2022-23,2024-02-29,nic:25/forging_pressing_stamping_and_roll_forming_of_metal_powder_metallurgy,index,96.4,
wpi,2022-23,2024-02-29,nic:25/other_fabricated_metal_products,index,100.4,
wpi,2022-23,2024-02-29,nic:25/steam_generators_except_central_heating_hot_water_boilers,index,107.2,
wpi,2022-23,2024-02-29,nic:25/structural_metal_products,index,98.8,
wpi,2022-23,2024-02-29,nic:25/tanks_reservoirs_and_containers_of_metal,index,98.1,
wpi,2022-23,2024-02-29,nic:25/treatment_and_coating_of_metals_machining,index,91.3,
wpi,2022-23,2024-02-29,nic:25/weapons_and_ammunition,index,97.3,
wpi,2022-23,2024-02-29,nic:26,index,96.7,
wpi,2022-23,2024-02-29,nic:26/communication_equipment,index,96.1,
wpi,2022-23,2024-02-29,nic:26/computers_and_peripheral_equipment,index,96.9,
wpi,2022-23,2024-02-29,nic:26/consumer_electronics,index,93.6,
wpi,2022-23,2024-02-29,nic:26/irradiation_electromedical_and_electrotherapeutic_equipment,index,102.3,
wpi,2022-23,2024-02-29,nic:26/magnetic_and_optical_media,index,84.7,
wpi,2022-23,2024-02-29,nic:26/measuring_testing_navigating_and_control_equipment,index,107.2,
wpi,2022-23,2024-02-29,nic:26/optical_instruments_and_photographic_equipment,index,104.1,
wpi,2022-23,2024-02-29,nic:26/other_electronic_components_and_boards,index,95.4,
wpi,2022-23,2024-02-29,nic:26/solar_cells_solar_panels_and_photovoltaic_inverters,index,97.1,
wpi,2022-23,2024-02-29,nic:26/watches_and_clocks,index,105.1,
wpi,2022-23,2024-02-29,nic:27,index,100.1,
wpi,2022-23,2024-02-29,nic:27/batteries_and_accumulators,index,97.4,
wpi,2022-23,2024-02-29,nic:27/domestic_appliances,index,98.7,
wpi,2022-23,2024-02-29,nic:27/electric_lighting_equipment,index,92.8,
wpi,2022-23,2024-02-29,nic:27/electric_motors_generators_transformers_and_electricity_distribution_and_control_apparatus,index,103.1,
wpi,2022-23,2024-02-29,nic:27/fibre_optic_cables,index,103.4,
wpi,2022-23,2024-02-29,nic:27/other_electrical_equipment,index,95.9,
wpi,2022-23,2024-02-29,nic:27/other_electronic_and_electric_wires_and_cables,index,100.7,
wpi,2022-23,2024-02-29,nic:27/wiring_devices,index,104.2,
wpi,2022-23,2024-02-29,nic:28,index,102.1,
wpi,2022-23,2024-02-29,nic:28/agricultural_and_forestry_machinery,index,102.5,
wpi,2022-23,2024-02-29,nic:28/bearings_gears_gearing_and_driving_elements,index,101.5,
wpi,2022-23,2024-02-29,nic:28/engines_and_turbines_except_aircraft_vehicle_and_cycle_engines,index,96.7,
wpi,2022-23,2024-02-29,nic:28/fluid_power_equipment,index,98.0,
wpi,2022-23,2024-02-29,nic:28/lifting_and_handling_equipment,index,103.6,
wpi,2022-23,2024-02-29,nic:28/machinery_for_food_beverage_and_tobacco_processing,index,106.6,
wpi,2022-23,2024-02-29,nic:28/machinery_for_metallurgy,index,107.4,
wpi,2022-23,2024-02-29,nic:28/machinery_for_mining_quarrying_and_construction,index,105.7,
wpi,2022-23,2024-02-29,nic:28/machinery_for_textile_apparel_and_leather_production,index,100.7,
wpi,2022-23,2024-02-29,nic:28/metal_forming_machinery_and_machine_tools,index,105.3,
wpi,2022-23,2024-02-29,nic:28/other_general_purpose_machinery,index,98.9,
wpi,2022-23,2024-02-29,nic:28/other_pumps_compressors_taps_and_valves,index,104.0,
wpi,2022-23,2024-02-29,nic:28/other_special_purpose_machinery,index,101.5,
wpi,2022-23,2024-02-29,nic:28/ovens_furnaces_and_permanent_household_heating_equipment,index,104.3,
wpi,2022-23,2024-02-29,nic:28/power_driven_hand_tools,index,99.1,
wpi,2022-23,2024-02-29,nic:29,index,105.4,
wpi,2022-23,2024-02-29,nic:29/bodies_coachwork_for_motor_vehicles_manufacture_of_trailers_and_semi_trailers,index,101.4,
wpi,2022-23,2024-02-29,nic:29/motor_vehicles,index,110.1,
wpi,2022-23,2024-02-29,nic:29/parts_and_accessories_for_motor_vehicles,index,99.7,
wpi,2022-23,2024-02-29,nic:30,index,101.7,
wpi,2022-23,2024-02-29,nic:30/air_and_spacecraft_and_related_machinery,index,111.0,
wpi,2022-23,2024-02-29,nic:30/bicycles_and_invalid_carriages,index,101.3,
wpi,2022-23,2024-02-29,nic:30/building_of_ships_and_floating_structures,index,100.1,
wpi,2022-23,2024-02-29,nic:30/motorcycles,index,101.4,
wpi,2022-23,2024-02-29,nic:30/other_transport_equipment,index,100.8,
wpi,2022-23,2024-02-29,nic:30/railway_locomotives_and_rolling_stock,index,101.1,
wpi,2022-23,2024-02-29,nic:31,index,100.6,
wpi,2022-23,2024-02-29,nic:31/other_furniture,index,99.1,
wpi,2022-23,2024-02-29,nic:31/wooden_furniture,index,101.4,
wpi,2022-23,2024-02-29,nic:32,index,106.5,
wpi,2022-23,2024-02-29,nic:32/games_and_toys,index,103.9,
wpi,2022-23,2024-02-29,nic:32/imitation_jewellery_and_related_articles,index,110.3,
wpi,2022-23,2024-02-29,nic:32/jewellery_and_related_articles,index,107.1,
wpi,2022-23,2024-02-29,nic:32/medical_and_dental_instruments_and_supplies,index,101.5,
wpi,2022-23,2024-02-29,nic:32/musical_instruments,index,103.4,
wpi,2022-23,2024-02-29,nic:32/other_manufacturing,index,106.2,
wpi,2022-23,2024-02-29,nic:32/sports_goods,index,104.8,
wpi,2022-23,2024-02-29,wpi:all,index,99.3,
wpi,2022-23,2024-02-29,wpi:food_index,index,105.9,
wpi,2022-23,2024-02-29,wpi:fuel_power,index,93.6,
wpi,2022-23,2024-02-29,wpi:fuel_power/coal_and_lignite,index,89.8,
wpi,2022-23,2024-02-29,wpi:fuel_power/coal_and_lignite/coking_coal,index,90.6,
wpi,2022-23,2024-02-29,wpi:fuel_power/coal_and_lignite/coking_coal/coking_coal,index,90.6,
wpi,2022-23,2024-02-29,wpi:fuel_power/coal_and_lignite/lignite,index,68.0,
wpi,2022-23,2024-02-29,wpi:fuel_power/coal_and_lignite/non_coking_coal,index,90.5,
wpi,2022-23,2024-02-29,wpi:fuel_power/coal_and_lignite/non_coking_coal/non_coking_coal_g15_to_g17_gcv_3100_kcal_kg,index,97.9,
wpi,2022-23,2024-02-29,wpi:fuel_power/coal_and_lignite/non_coking_coal/non_coking_coal_g1_to_g6_gcv_exceeding_5500_kcal_kg,index,96.8,
wpi,2022-23,2024-02-29,wpi:fuel_power/coal_and_lignite/non_coking_coal/non_coking_coal_g7_to_g14_gcv_3100_kcal_kg_to_5500_kcal_kg,index,89.4,
wpi,2022-23,2024-02-29,wpi:fuel_power/crude_petroleum_natural_gas,index,97.8,
wpi,2022-23,2024-02-29,wpi:fuel_power/electricity,index,97.8,
wpi,2022-23,2024-02-29,wpi:fuel_power/electricity/hydro_electricity,index,148.4,
wpi,2022-23,2024-02-29,wpi:fuel_power/electricity/nuclear,index,100.3,
wpi,2022-23,2024-02-29,wpi:fuel_power/electricity/solar,index,103.9,
wpi,2022-23,2024-02-29,wpi:fuel_power/electricity/thermal_electricity,index,92.6,
wpi,2022-23,2024-02-29,wpi:fuel_power/electricity/wind,index,106.5,
wpi,2022-23,2024-02-29,wpi:fuel_power/mineral_oils,index,91.3,
wpi,2022-23,2024-02-29,wpi:manufactured,index,97.4,
wpi,2022-23,2024-02-29,wpi:primary,index,107.9,
wpi,2022-23,2024-02-29,wpi:primary/food_articles,index,110.4,
wpi,2022-23,2024-02-29,wpi:primary/food_articles/condiments_spices,index,161.6,
wpi,2022-23,2024-02-29,wpi:primary/food_articles/eggs_meat_fish,index,102.0,
wpi,2022-23,2024-02-29,wpi:primary/food_articles/food_grains_cereals_pulses,index,115.5,
wpi,2022-23,2024-02-29,wpi:primary/food_articles/food_grains_cereals_pulses/cereals,index,114.7,
wpi,2022-23,2024-02-29,wpi:primary/food_articles/food_grains_cereals_pulses/pulses,index,119.8,
wpi,2022-23,2024-02-29,wpi:primary/food_articles/fruits_vegetables,index,101.9,
wpi,2022-23,2024-02-29,wpi:primary/food_articles/fruits_vegetables/fruits,index,104.2,
wpi,2022-23,2024-02-29,wpi:primary/food_articles/fruits_vegetables/vegetables,index,99.6,
wpi,2022-23,2024-02-29,wpi:primary/food_articles/milk,index,111.0,
wpi,2022-23,2024-02-29,wpi:primary/food_articles/other_food_articles,index,104.8,
wpi,2022-23,2024-02-29,wpi:primary/minerals,index,111.0,
wpi,2022-23,2024-02-29,wpi:primary/minerals/metallic_minerals,index,114.7,
wpi,2022-23,2024-02-29,wpi:primary/minerals/minor_minerals,index,108.9,
wpi,2022-23,2024-02-29,wpi:primary/minerals/other_minerals,index,102.1,
wpi,2022-23,2024-02-29,wpi:primary/non_food_articles,index,99.8,
wpi,2022-23,2024-02-29,wpi:primary/non_food_articles/fibres,index,74.8,
wpi,2022-23,2024-02-29,wpi:primary/non_food_articles/floriculture,index,104.7,
wpi,2022-23,2024-02-29,wpi:primary/non_food_articles/medicinal_plants,index,95.5,
wpi,2022-23,2024-02-29,wpi:primary/non_food_articles/oil_seeds,index,89.2,
wpi,2022-23,2024-02-29,wpi:primary/non_food_articles/other_non_food_articles,index,106.8,
wpi,2022-23,2024-03-31,nic:10,index,98.8,
wpi,2022-23,2024-03-31,nic:10/bakery_products,index,98.4,
wpi,2022-23,2024-03-31,nic:10/cocoa_chocolate_and_sugar_confectionery,index,106.7,
wpi,2022-23,2024-03-31,nic:10/dairy_products,index,102.0,
wpi,2022-23,2024-03-31,nic:10/grain_mill_products,index,111.5,
wpi,2022-23,2024-03-31,nic:10/macaroni_noodles_couscous_and_similar_farinaceous_products,index,100.6,
wpi,2022-23,2024-03-31,nic:10/other_food_products,index,100.1,
wpi,2022-23,2024-03-31,nic:10/prepared_animal_feeds,index,100.4,
wpi,2022-23,2024-03-31,nic:10/processing_and_preserving_of_fish_crustaceans_and_molluscs,index,96.6,
wpi,2022-23,2024-03-31,nic:10/processing_and_preserving_of_fruit_and_vegetables,index,104.3,
wpi,2022-23,2024-03-31,nic:10/processing_and_preserving_of_meat,index,111.5,
wpi,2022-23,2024-03-31,nic:10/processing_of_coffee_and_tea,index,101.3,
wpi,2022-23,2024-03-31,nic:10/starches_and_starch_products,index,98.3,
wpi,2022-23,2024-03-31,nic:10/sugar,index,105.5,
wpi,2022-23,2024-03-31,nic:10/vegetable_and_animal_oils_and_fats,index,77.9,
wpi,2022-23,2024-03-31,nic:11,index,103.9,
wpi,2022-23,2024-03-31,nic:11/beer,index,107.1,
wpi,2022-23,2024-03-31,nic:11/distilling_rectifying_and_blending_of_spirits,index,106.4,
wpi,2022-23,2024-03-31,nic:11/soft_drinks_production_of_mineral_waters_and_other_bottled_waters,index,102.8,
wpi,2022-23,2024-03-31,nic:11/wines,index,106.5,
wpi,2022-23,2024-03-31,nic:12,index,105.7,
wpi,2022-23,2024-03-31,nic:12/tobacco_products,index,105.7,
wpi,2022-23,2024-03-31,nic:13,index,92.2,
wpi,2022-23,2024-03-31,nic:13/carpets_and_rugs,index,103.9,
wpi,2022-23,2024-03-31,nic:13/cordage_rope_twine_and_netting,index,99.9,
wpi,2022-23,2024-03-31,nic:13/knitted_and_crocheted_fabrics,index,95.4,
wpi,2022-23,2024-03-31,nic:13/made_up_textile_articles_except_apparel,index,100.8,
wpi,2022-23,2024-03-31,nic:13/other_textiles,index,100.4,
wpi,2022-23,2024-03-31,nic:13/preparation_and_spinning_of_textile_fibres,index,88.7,
wpi,2022-23,2024-03-31,nic:13/weaving_of_textiles,index,95.7,
wpi,2022-23,2024-03-31,nic:14,index,102.5,
wpi,2022-23,2024-03-31,nic:14/knitted_and_crocheted_apparel,index,102.7,
wpi,2022-23,2024-03-31,nic:14/wearing_apparel_except_fur_apparel,index,102.3,
wpi,2022-23,2024-03-31,nic:15,index,100.6,
wpi,2022-23,2024-03-31,nic:15/footwear,index,99.9,
wpi,2022-23,2024-03-31,nic:15/luggage_handbags_and_the_like_saddlery_and_harness_of_any_material,index,102.6,
wpi,2022-23,2024-03-31,nic:15/tanning_and_dressing_of_leather_dressing_and_dyeing_of_fur,index,102.5,
wpi,2022-23,2024-03-31,nic:16,index,103.7,
wpi,2022-23,2024-03-31,nic:16/other_products_of_wood_manufacture_of_articles_of_cork_straw_and_plaiting_materials,index,107.5,
wpi,2022-23,2024-03-31,nic:16/sawmilling_and_planing_of_wood,index,109.8,
wpi,2022-23,2024-03-31,nic:16/veneer_sheets_and_wood_based_panels,index,103.5,
wpi,2022-23,2024-03-31,nic:16/wooden_containers,index,102.3,
wpi,2022-23,2024-03-31,nic:17,index,88.4,
wpi,2022-23,2024-03-31,nic:17/corrugated_paper_and_paperboard_and_of_containers_of_paper_and_paperboard,index,88.5,
wpi,2022-23,2024-03-31,nic:17/other_articles_of_paper_and_paperboard,index,88.3,
wpi,2022-23,2024-03-31,nic:17/pulp_paper_and_paperboard,index,88.4,
wpi,2022-23,2024-03-31,nic:18,index,103.9,
wpi,2022-23,2024-03-31,nic:18/printing,index,103.9,
wpi,2022-23,2024-03-31,nic:20,index,90.9,
wpi,2022-23,2024-03-31,nic:20/basic_chemicals,index,84.7,
wpi,2022-23,2024-03-31,nic:20/fertilizers_and_nitrogen_compounds,index,94.3,
wpi,2022-23,2024-03-31,nic:20/man_made_fibres,index,92.8,
wpi,2022-23,2024-03-31,nic:20/other_chemical_products,index,88.7,
wpi,2022-23,2024-03-31,nic:20/paints_varnishes_and_similar_coatings_printing_ink_and_mastics,index,91.6,
wpi,2022-23,2024-03-31,nic:20/pesticides_and_other_agrochemical_products,index,88.3,
wpi,2022-23,2024-03-31,nic:20/plastics_and_synthetic_rubber_in_primary_forms,index,90.5,
wpi,2022-23,2024-03-31,nic:20/soap_and_detergents_cleaning_and_polishing_preparations_perfumes_and_toilet_preparations,index,97.8,
wpi,2022-23,2024-03-31,nic:21,index,101.7,
wpi,2022-23,2024-03-31,nic:21/pharmaceuticals_medicinal_chemical_and_botanical_products,index,101.7,
wpi,2022-23,2024-03-31,nic:22,index,94.3,
wpi,2022-23,2024-03-31,nic:22/other_rubber_products,index,103.8,
wpi,2022-23,2024-03-31,nic:22/plastics_products,index,91.8,
wpi,2022-23,2024-03-31,nic:22/rubber_tyres_and_tubes_retreading_and_rebuilding_of_rubber_tyres,index,99.3,
wpi,2022-23,2024-03-31,nic:23,index,97.2,
wpi,2022-23,2024-03-31,nic:23/articles_of_concrete_cement_and_plaster,index,103.9,
wpi,2022-23,2024-03-31,nic:23/cement_lime_and_plaster,index,95.5,
wpi,2022-23,2024-03-31,nic:23/clay_building_materials,index,102.7,
wpi,2022-23,2024-03-31,nic:23/cutting_shaping_and_finishing_of_stone,index,107.1,
wpi,2022-23,2024-03-31,nic:23/glass_and_glass_products,index,96.2,
wpi,2022-23,2024-03-31,nic:23/other_porcelain_and_ceramic_products,index,102.1,
wpi,2022-23,2024-03-31,nic:23/refractory_products,index,97.4,
wpi,2022-23,2024-03-31,nic:24,index,90.7,
wpi,2022-23,2024-03-31,nic:24/basic_iron_and_steel,index,88.4,
wpi,2022-23,2024-03-31,nic:24/basic_precious_and_other_non_ferrous_metals,index,99.5,
wpi,2022-23,2024-03-31,nic:24/casting_of_iron_and_steel,index,93.6,
wpi,2022-23,2024-03-31,nic:25,index,99.5,
wpi,2022-23,2024-03-31,nic:25/cutlery_hand_tools_and_general_hardware,index,98.8,
wpi,2022-23,2024-03-31,nic:25/forging_pressing_stamping_and_roll_forming_of_metal_powder_metallurgy,index,96.6,
wpi,2022-23,2024-03-31,nic:25/other_fabricated_metal_products,index,101.1,
wpi,2022-23,2024-03-31,nic:25/steam_generators_except_central_heating_hot_water_boilers,index,107.6,
wpi,2022-23,2024-03-31,nic:25/structural_metal_products,index,99.3,
wpi,2022-23,2024-03-31,nic:25/tanks_reservoirs_and_containers_of_metal,index,96.7,
wpi,2022-23,2024-03-31,nic:25/treatment_and_coating_of_metals_machining,index,90.5,
wpi,2022-23,2024-03-31,nic:25/weapons_and_ammunition,index,105.2,
wpi,2022-23,2024-03-31,nic:26,index,96.3,
wpi,2022-23,2024-03-31,nic:26/communication_equipment,index,95.1,
wpi,2022-23,2024-03-31,nic:26/computers_and_peripheral_equipment,index,100.8,
wpi,2022-23,2024-03-31,nic:26/consumer_electronics,index,93.6,
wpi,2022-23,2024-03-31,nic:26/irradiation_electromedical_and_electrotherapeutic_equipment,index,102.9,
wpi,2022-23,2024-03-31,nic:26/magnetic_and_optical_media,index,78.4,
wpi,2022-23,2024-03-31,nic:26/measuring_testing_navigating_and_control_equipment,index,107.4,
wpi,2022-23,2024-03-31,nic:26/optical_instruments_and_photographic_equipment,index,104.5,
wpi,2022-23,2024-03-31,nic:26/other_electronic_components_and_boards,index,94.8,
wpi,2022-23,2024-03-31,nic:26/solar_cells_solar_panels_and_photovoltaic_inverters,index,102.1,
wpi,2022-23,2024-03-31,nic:26/watches_and_clocks,index,104.5,
wpi,2022-23,2024-03-31,nic:27,index,100.7,
wpi,2022-23,2024-03-31,nic:27/batteries_and_accumulators,index,97.6,
wpi,2022-23,2024-03-31,nic:27/domestic_appliances,index,98.1,
wpi,2022-23,2024-03-31,nic:27/electric_lighting_equipment,index,92.7,
wpi,2022-23,2024-03-31,nic:27/electric_motors_generators_transformers_and_electricity_distribution_and_control_apparatus,index,103.3,
wpi,2022-23,2024-03-31,nic:27/fibre_optic_cables,index,103.7,
wpi,2022-23,2024-03-31,nic:27/other_electrical_equipment,index,97.2,
wpi,2022-23,2024-03-31,nic:27/other_electronic_and_electric_wires_and_cables,index,102.4,
wpi,2022-23,2024-03-31,nic:27/wiring_devices,index,104.2,
wpi,2022-23,2024-03-31,nic:28,index,102.4,
wpi,2022-23,2024-03-31,nic:28/agricultural_and_forestry_machinery,index,102.7,
wpi,2022-23,2024-03-31,nic:28/bearings_gears_gearing_and_driving_elements,index,101.8,
wpi,2022-23,2024-03-31,nic:28/engines_and_turbines_except_aircraft_vehicle_and_cycle_engines,index,97.1,
wpi,2022-23,2024-03-31,nic:28/fluid_power_equipment,index,103.7,
wpi,2022-23,2024-03-31,nic:28/lifting_and_handling_equipment,index,102.8,
wpi,2022-23,2024-03-31,nic:28/machinery_for_food_beverage_and_tobacco_processing,index,103.4,
wpi,2022-23,2024-03-31,nic:28/machinery_for_metallurgy,index,107.3,
wpi,2022-23,2024-03-31,nic:28/machinery_for_mining_quarrying_and_construction,index,105.3,
wpi,2022-23,2024-03-31,nic:28/machinery_for_textile_apparel_and_leather_production,index,104.0,
wpi,2022-23,2024-03-31,nic:28/metal_forming_machinery_and_machine_tools,index,105.3,
wpi,2022-23,2024-03-31,nic:28/other_general_purpose_machinery,index,99.9,
wpi,2022-23,2024-03-31,nic:28/other_pumps_compressors_taps_and_valves,index,103.9,
wpi,2022-23,2024-03-31,nic:28/other_special_purpose_machinery,index,101.3,
wpi,2022-23,2024-03-31,nic:28/ovens_furnaces_and_permanent_household_heating_equipment,index,104.8,
wpi,2022-23,2024-03-31,nic:28/power_driven_hand_tools,index,101.3,
wpi,2022-23,2024-03-31,nic:29,index,105.5,
wpi,2022-23,2024-03-31,nic:29/bodies_coachwork_for_motor_vehicles_manufacture_of_trailers_and_semi_trailers,index,101.6,
wpi,2022-23,2024-03-31,nic:29/motor_vehicles,index,110.5,
wpi,2022-23,2024-03-31,nic:29/parts_and_accessories_for_motor_vehicles,index,99.5,
wpi,2022-23,2024-03-31,nic:30,index,102.0,
wpi,2022-23,2024-03-31,nic:30/air_and_spacecraft_and_related_machinery,index,110.5,
wpi,2022-23,2024-03-31,nic:30/bicycles_and_invalid_carriages,index,101.0,
wpi,2022-23,2024-03-31,nic:30/building_of_ships_and_floating_structures,index,100.1,
wpi,2022-23,2024-03-31,nic:30/motorcycles,index,101.8,
wpi,2022-23,2024-03-31,nic:30/other_transport_equipment,index,100.2,
wpi,2022-23,2024-03-31,nic:30/railway_locomotives_and_rolling_stock,index,102.1,
wpi,2022-23,2024-03-31,nic:31,index,100.4,
wpi,2022-23,2024-03-31,nic:31/other_furniture,index,98.0,
wpi,2022-23,2024-03-31,nic:31/wooden_furniture,index,101.8,
wpi,2022-23,2024-03-31,nic:32,index,108.6,
wpi,2022-23,2024-03-31,nic:32/games_and_toys,index,105.6,
wpi,2022-23,2024-03-31,nic:32/imitation_jewellery_and_related_articles,index,103.4,
wpi,2022-23,2024-03-31,nic:32/jewellery_and_related_articles,index,109.8,
wpi,2022-23,2024-03-31,nic:32/medical_and_dental_instruments_and_supplies,index,100.8,
wpi,2022-23,2024-03-31,nic:32/musical_instruments,index,103.4,
wpi,2022-23,2024-03-31,nic:32/other_manufacturing,index,106.5,
wpi,2022-23,2024-03-31,nic:32/sports_goods,index,105.0,
wpi,2022-23,2024-03-31,wpi:all,index,99.4,
wpi,2022-23,2024-03-31,wpi:food_index,index,106.3,
wpi,2022-23,2024-03-31,wpi:fuel_power,index,93.3,
wpi,2022-23,2024-03-31,wpi:fuel_power/coal_and_lignite,index,90.0,
wpi,2022-23,2024-03-31,wpi:fuel_power/coal_and_lignite/coking_coal,index,90.4,
wpi,2022-23,2024-03-31,wpi:fuel_power/coal_and_lignite/coking_coal/coking_coal,index,90.4,
wpi,2022-23,2024-03-31,wpi:fuel_power/coal_and_lignite/lignite,index,66.7,
wpi,2022-23,2024-03-31,wpi:fuel_power/coal_and_lignite/non_coking_coal,index,90.9,
wpi,2022-23,2024-03-31,wpi:fuel_power/coal_and_lignite/non_coking_coal/non_coking_coal_g15_to_g17_gcv_3100_kcal_kg,index,95.6,
wpi,2022-23,2024-03-31,wpi:fuel_power/coal_and_lignite/non_coking_coal/non_coking_coal_g1_to_g6_gcv_exceeding_5500_kcal_kg,index,96.3,
wpi,2022-23,2024-03-31,wpi:fuel_power/coal_and_lignite/non_coking_coal/non_coking_coal_g7_to_g14_gcv_3100_kcal_kg_to_5500_kcal_kg,index,90.0,
wpi,2022-23,2024-03-31,wpi:fuel_power/crude_petroleum_natural_gas,index,99.9,
wpi,2022-23,2024-03-31,wpi:fuel_power/electricity,index,96.2,
wpi,2022-23,2024-03-31,wpi:fuel_power/electricity/hydro_electricity,index,116.4,
wpi,2022-23,2024-03-31,wpi:fuel_power/electricity/nuclear,index,101.4,
wpi,2022-23,2024-03-31,wpi:fuel_power/electricity/solar,index,102.3,
wpi,2022-23,2024-03-31,wpi:fuel_power/electricity/thermal_electricity,index,93.5,
wpi,2022-23,2024-03-31,wpi:fuel_power/electricity/wind,index,106.5,
wpi,2022-23,2024-03-31,wpi:fuel_power/mineral_oils,index,91.4,
wpi,2022-23,2024-03-31,wpi:manufactured,index,97.7,
wpi,2022-23,2024-03-31,wpi:primary,index,108.1,
wpi,2022-23,2024-03-31,wpi:primary/food_articles,index,110.5,
wpi,2022-23,2024-03-31,wpi:primary/food_articles/condiments_spices,index,143.1,
wpi,2022-23,2024-03-31,wpi:primary/food_articles/eggs_meat_fish,index,101.9,
wpi,2022-23,2024-03-31,wpi:primary/food_articles/food_grains_cereals_pulses,index,114.5,
wpi,2022-23,2024-03-31,wpi:primary/food_articles/food_grains_cereals_pulses/cereals,index,113.6,
wpi,2022-23,2024-03-31,wpi:primary/food_articles/food_grains_cereals_pulses/pulses,index,119.6,
wpi,2022-23,2024-03-31,wpi:primary/food_articles/fruits_vegetables,index,107.2,
wpi,2022-23,2024-03-31,wpi:primary/food_articles/fruits_vegetables/fruits,index,108.1,
wpi,2022-23,2024-03-31,wpi:primary/food_articles/fruits_vegetables/vegetables,index,106.3,
wpi,2022-23,2024-03-31,wpi:primary/food_articles/milk,index,111.3,
wpi,2022-23,2024-03-31,wpi:primary/food_articles/other_food_articles,index,105.4,
wpi,2022-23,2024-03-31,wpi:primary/minerals,index,111.9,
wpi,2022-23,2024-03-31,wpi:primary/minerals/metallic_minerals,index,116.8,
wpi,2022-23,2024-03-31,wpi:primary/minerals/minor_minerals,index,107.0,
wpi,2022-23,2024-03-31,wpi:primary/minerals/other_minerals,index,104.5,
wpi,2022-23,2024-03-31,wpi:primary/non_food_articles,index,100.2,
wpi,2022-23,2024-03-31,wpi:primary/non_food_articles/fibres,index,80.0,
wpi,2022-23,2024-03-31,wpi:primary/non_food_articles/floriculture,index,106.3,
wpi,2022-23,2024-03-31,wpi:primary/non_food_articles/medicinal_plants,index,100.3,
wpi,2022-23,2024-03-31,wpi:primary/non_food_articles/oil_seeds,index,88.3,
wpi,2022-23,2024-03-31,wpi:primary/non_food_articles/other_non_food_articles,index,106.6,
wpi,2022-23,2024-04-30,nic:10,index,99.8,
wpi,2022-23,2024-04-30,nic:10/bakery_products,index,98.9,
wpi,2022-23,2024-04-30,nic:10/cocoa_chocolate_and_sugar_confectionery,index,108.5,
wpi,2022-23,2024-04-30,nic:10/dairy_products,index,102.4,
wpi,2022-23,2024-04-30,nic:10/grain_mill_products,index,111.3,
wpi,2022-23,2024-04-30,nic:10/macaroni_noodles_couscous_and_similar_farinaceous_products,index,101.1,
wpi,2022-23,2024-04-30,nic:10/other_food_products,index,100.4,
wpi,2022-23,2024-04-30,nic:10/prepared_animal_feeds,index,99.9,
wpi,2022-23,2024-04-30,nic:10/processing_and_preserving_of_fish_crustaceans_and_molluscs,index,95.8,
wpi,2022-23,2024-04-30,nic:10/processing_and_preserving_of_fruit_and_vegetables,index,105.5,
wpi,2022-23,2024-04-30,nic:10/processing_and_preserving_of_meat,index,117.3,
wpi,2022-23,2024-04-30,nic:10/processing_of_coffee_and_tea,index,112.4,
wpi,2022-23,2024-04-30,nic:10/starches_and_starch_products,index,98.0,
wpi,2022-23,2024-04-30,nic:10/sugar,index,106.6,
wpi,2022-23,2024-04-30,nic:10/vegetable_and_animal_oils_and_fats,index,79.5,
wpi,2022-23,2024-04-30,nic:11,index,103.3,
wpi,2022-23,2024-04-30,nic:11/beer,index,105.8,
wpi,2022-23,2024-04-30,nic:11/distilling_rectifying_and_blending_of_spirits,index,107.9,
wpi,2022-23,2024-04-30,nic:11/soft_drinks_production_of_mineral_waters_and_other_bottled_waters,index,101.6,
wpi,2022-23,2024-04-30,nic:11/wines,index,106.9,
wpi,2022-23,2024-04-30,nic:12,index,106.7,
wpi,2022-23,2024-04-30,nic:12/tobacco_products,index,106.7,
wpi,2022-23,2024-04-30,nic:13,index,92.9,
wpi,2022-23,2024-04-30,nic:13/carpets_and_rugs,index,105.1,
wpi,2022-23,2024-04-30,nic:13/cordage_rope_twine_and_netting,index,101.3,
wpi,2022-23,2024-04-30,nic:13/knitted_and_crocheted_fabrics,index,93.1,
wpi,2022-23,2024-04-30,nic:13/made_up_textile_articles_except_apparel,index,100.6,
wpi,2022-23,2024-04-30,nic:13/other_textiles,index,101.7,
wpi,2022-23,2024-04-30,nic:13/preparation_and_spinning_of_textile_fibres,index,89.7,
wpi,2022-23,2024-04-30,nic:13/weaving_of_textiles,index,96.0,
wpi,2022-23,2024-04-30,nic:14,index,104.0,
wpi,2022-23,2024-04-30,nic:14/knitted_and_crocheted_apparel,index,103.8,
wpi,2022-23,2024-04-30,nic:14/wearing_apparel_except_fur_apparel,index,104.1,
wpi,2022-23,2024-04-30,nic:15,index,100.8,
wpi,2022-23,2024-04-30,nic:15/footwear,index,100.5,
wpi,2022-23,2024-04-30,nic:15/luggage_handbags_and_the_like_saddlery_and_harness_of_any_material,index,100.9,
wpi,2022-23,2024-04-30,nic:15/tanning_and_dressing_of_leather_dressing_and_dyeing_of_fur,index,103.1,
wpi,2022-23,2024-04-30,nic:16,index,103.1,
wpi,2022-23,2024-04-30,nic:16/other_products_of_wood_manufacture_of_articles_of_cork_straw_and_plaiting_materials,index,108.1,
wpi,2022-23,2024-04-30,nic:16/sawmilling_and_planing_of_wood,index,106.2,
wpi,2022-23,2024-04-30,nic:16/veneer_sheets_and_wood_based_panels,index,103.0,
wpi,2022-23,2024-04-30,nic:16/wooden_containers,index,103.0,
wpi,2022-23,2024-04-30,nic:17,index,88.8,
wpi,2022-23,2024-04-30,nic:17/corrugated_paper_and_paperboard_and_of_containers_of_paper_and_paperboard,index,89.4,
wpi,2022-23,2024-04-30,nic:17/other_articles_of_paper_and_paperboard,index,87.1,
wpi,2022-23,2024-04-30,nic:17/pulp_paper_and_paperboard,index,89.3,
wpi,2022-23,2024-04-30,nic:18,index,104.2,
wpi,2022-23,2024-04-30,nic:18/printing,index,104.2,
wpi,2022-23,2024-04-30,nic:20,index,90.7,
wpi,2022-23,2024-04-30,nic:20/basic_chemicals,index,85.3,
wpi,2022-23,2024-04-30,nic:20/fertilizers_and_nitrogen_compounds,index,93.1,
wpi,2022-23,2024-04-30,nic:20/man_made_fibres,index,94.7,
wpi,2022-23,2024-04-30,nic:20/other_chemical_products,index,89.2,
wpi,2022-23,2024-04-30,nic:20/paints_varnishes_and_similar_coatings_printing_ink_and_mastics,index,90.3,
wpi,2022-23,2024-04-30,nic:20/pesticides_and_other_agrochemical_products,index,86.8,
wpi,2022-23,2024-04-30,nic:20/plastics_and_synthetic_rubber_in_primary_forms,index,91.0,
wpi,2022-23,2024-04-30,nic:20/soap_and_detergents_cleaning_and_polishing_preparations_perfumes_and_toilet_preparations,index,97.4,
wpi,2022-23,2024-04-30,nic:21,index,100.0,
wpi,2022-23,2024-04-30,nic:21/pharmaceuticals_medicinal_chemical_and_botanical_products,index,100.0,
wpi,2022-23,2024-04-30,nic:22,index,95.0,
wpi,2022-23,2024-04-30,nic:22/other_rubber_products,index,104.0,
wpi,2022-23,2024-04-30,nic:22/plastics_products,index,92.6,
wpi,2022-23,2024-04-30,nic:22/rubber_tyres_and_tubes_retreading_and_rebuilding_of_rubber_tyres,index,99.8,
wpi,2022-23,2024-04-30,nic:23,index,97.2,
wpi,2022-23,2024-04-30,nic:23/articles_of_concrete_cement_and_plaster,index,103.5,
wpi,2022-23,2024-04-30,nic:23/cement_lime_and_plaster,index,95.1,
wpi,2022-23,2024-04-30,nic:23/clay_building_materials,index,102.2,
wpi,2022-23,2024-04-30,nic:23/cutting_shaping_and_finishing_of_stone,index,111.4,
wpi,2022-23,2024-04-30,nic:23/glass_and_glass_products,index,95.6,
wpi,2022-23,2024-04-30,nic:23/other_porcelain_and_ceramic_products,index,103.0,
wpi,2022-23,2024-04-30,nic:23/refractory_products,index,99.2,
wpi,2022-23,2024-04-30,nic:24,index,93.0,
wpi,2022-23,2024-04-30,nic:24/basic_iron_and_steel,index,90.0,
wpi,2022-23,2024-04-30,nic:24/basic_precious_and_other_non_ferrous_metals,index,105.6,
wpi,2022-23,2024-04-30,nic:24/casting_of_iron_and_steel,index,93.6,
wpi,2022-23,2024-04-30,nic:25,index,99.9,
wpi,2022-23,2024-04-30,nic:25/cutlery_hand_tools_and_general_hardware,index,98.9,
wpi,2022-23,2024-04-30,nic:25/forging_pressing_stamping_and_roll_forming_of_metal_powder_metallurgy,index,96.8,
wpi,2022-23,2024-04-30,nic:25/other_fabricated_metal_products,index,102.6,
wpi,2022-23,2024-04-30,nic:25/steam_generators_except_central_heating_hot_water_boilers,index,108.3,
wpi,2022-23,2024-04-30,nic:25/structural_metal_products,index,99.4,
wpi,2022-23,2024-04-30,nic:25/tanks_reservoirs_and_containers_of_metal,index,96.8,
wpi,2022-23,2024-04-30,nic:25/treatment_and_coating_of_metals_machining,index,89.7,
wpi,2022-23,2024-04-30,nic:25/weapons_and_ammunition,index,96.8,
wpi,2022-23,2024-04-30,nic:26,index,97.3,
wpi,2022-23,2024-04-30,nic:26/communication_equipment,index,96.2,
wpi,2022-23,2024-04-30,nic:26/computers_and_peripheral_equipment,index,101.3,
wpi,2022-23,2024-04-30,nic:26/consumer_electronics,index,92.8,
wpi,2022-23,2024-04-30,nic:26/irradiation_electromedical_and_electrotherapeutic_equipment,index,100.2,
wpi,2022-23,2024-04-30,nic:26/magnetic_and_optical_media,index,84.5,
wpi,2022-23,2024-04-30,nic:26/measuring_testing_navigating_and_control_equipment,index,111.2,
wpi,2022-23,2024-04-30,nic:26/optical_instruments_and_photographic_equipment,index,109.1,
wpi,2022-23,2024-04-30,nic:26/other_electronic_components_and_boards,index,96.5,
wpi,2022-23,2024-04-30,nic:26/solar_cells_solar_panels_and_photovoltaic_inverters,index,101.8,
wpi,2022-23,2024-04-30,nic:26/watches_and_clocks,index,104.1,
wpi,2022-23,2024-04-30,nic:27,index,100.9,
wpi,2022-23,2024-04-30,nic:27/batteries_and_accumulators,index,97.5,
wpi,2022-23,2024-04-30,nic:27/domestic_appliances,index,97.7,
wpi,2022-23,2024-04-30,nic:27/electric_lighting_equipment,index,89.7,
wpi,2022-23,2024-04-30,nic:27/electric_motors_generators_transformers_and_electricity_distribution_and_control_apparatus,index,102.5,
wpi,2022-23,2024-04-30,nic:27/fibre_optic_cables,index,102.0,
wpi,2022-23,2024-04-30,nic:27/other_electrical_equipment,index,97.1,
wpi,2022-23,2024-04-30,nic:27/other_electronic_and_electric_wires_and_cables,index,105.7,
wpi,2022-23,2024-04-30,nic:27/wiring_devices,index,102.0,
wpi,2022-23,2024-04-30,nic:28,index,102.5,
wpi,2022-23,2024-04-30,nic:28/agricultural_and_forestry_machinery,index,102.8,
wpi,2022-23,2024-04-30,nic:28/bearings_gears_gearing_and_driving_elements,index,102.2,
wpi,2022-23,2024-04-30,nic:28/engines_and_turbines_except_aircraft_vehicle_and_cycle_engines,index,98.5,
wpi,2022-23,2024-04-30,nic:28/fluid_power_equipment,index,104.2,
wpi,2022-23,2024-04-30,nic:28/lifting_and_handling_equipment,index,102.6,
wpi,2022-23,2024-04-30,nic:28/machinery_for_food_beverage_and_tobacco_processing,index,100.4,
wpi,2022-23,2024-04-30,nic:28/machinery_for_metallurgy,index,107.3,
wpi,2022-23,2024-04-30,nic:28/machinery_for_mining_quarrying_and_construction,index,106.2,
wpi,2022-23,2024-04-30,nic:28/machinery_for_textile_apparel_and_leather_production,index,104.5,
wpi,2022-23,2024-04-30,nic:28/metal_forming_machinery_and_machine_tools,index,104.8,
wpi,2022-23,2024-04-30,nic:28/other_general_purpose_machinery,index,100.6,
wpi,2022-23,2024-04-30,nic:28/other_pumps_compressors_taps_and_valves,index,103.5,
wpi,2022-23,2024-04-30,nic:28/other_special_purpose_machinery,index,100.0,
wpi,2022-23,2024-04-30,nic:28/ovens_furnaces_and_permanent_household_heating_equipment,index,106.4,
wpi,2022-23,2024-04-30,nic:28/power_driven_hand_tools,index,101.3,
wpi,2022-23,2024-04-30,nic:29,index,106.2,
wpi,2022-23,2024-04-30,nic:29/bodies_coachwork_for_motor_vehicles_manufacture_of_trailers_and_semi_trailers,index,102.1,
wpi,2022-23,2024-04-30,nic:29/motor_vehicles,index,112.1,
wpi,2022-23,2024-04-30,nic:29/parts_and_accessories_for_motor_vehicles,index,99.0,
wpi,2022-23,2024-04-30,nic:30,index,101.7,
wpi,2022-23,2024-04-30,nic:30/air_and_spacecraft_and_related_machinery,index,111.1,
wpi,2022-23,2024-04-30,nic:30/bicycles_and_invalid_carriages,index,101.6,
wpi,2022-23,2024-04-30,nic:30/building_of_ships_and_floating_structures,index,100.2,
wpi,2022-23,2024-04-30,nic:30/motorcycles,index,101.4,
wpi,2022-23,2024-04-30,nic:30/other_transport_equipment,index,99.9,
wpi,2022-23,2024-04-30,nic:30/railway_locomotives_and_rolling_stock,index,101.3,
wpi,2022-23,2024-04-30,nic:31,index,101.2,
wpi,2022-23,2024-04-30,nic:31/other_furniture,index,98.8,
wpi,2022-23,2024-04-30,nic:31/wooden_furniture,index,102.5,
wpi,2022-23,2024-04-30,nic:32,index,113.2,
wpi,2022-23,2024-04-30,nic:32/games_and_toys,index,106.6,
wpi,2022-23,2024-04-30,nic:32/imitation_jewellery_and_related_articles,index,116.3,
wpi,2022-23,2024-04-30,nic:32/jewellery_and_related_articles,index,115.2,
wpi,2022-23,2024-04-30,nic:32/medical_and_dental_instruments_and_supplies,index,102.3,
wpi,2022-23,2024-04-30,nic:32/musical_instruments,index,111.5,
wpi,2022-23,2024-04-30,nic:32/other_manufacturing,index,105.8,
wpi,2022-23,2024-04-30,nic:32/sports_goods,index,107.3,
wpi,2022-23,2024-04-30,wpi:all,index,99.9,
wpi,2022-23,2024-04-30,wpi:food_index,index,107.7,
wpi,2022-23,2024-04-30,wpi:fuel_power,index,92.0,
wpi,2022-23,2024-04-30,wpi:fuel_power/coal_and_lignite,index,88.8,
wpi,2022-23,2024-04-30,wpi:fuel_power/coal_and_lignite/coking_coal,index,90.4,
wpi,2022-23,2024-04-30,wpi:fuel_power/coal_and_lignite/coking_coal/coking_coal,index,90.4,
wpi,2022-23,2024-04-30,wpi:fuel_power/coal_and_lignite/lignite,index,66.7,
wpi,2022-23,2024-04-30,wpi:fuel_power/coal_and_lignite/non_coking_coal,index,89.5,
wpi,2022-23,2024-04-30,wpi:fuel_power/coal_and_lignite/non_coking_coal/non_coking_coal_g15_to_g17_gcv_3100_kcal_kg,index,95.9,
wpi,2022-23,2024-04-30,wpi:fuel_power/coal_and_lignite/non_coking_coal/non_coking_coal_g1_to_g6_gcv_exceeding_5500_kcal_kg,index,97.0,
wpi,2022-23,2024-04-30,wpi:fuel_power/coal_and_lignite/non_coking_coal/non_coking_coal_g7_to_g14_gcv_3100_kcal_kg_to_5500_kcal_kg,index,88.2,
wpi,2022-23,2024-04-30,wpi:fuel_power/crude_petroleum_natural_gas,index,104.0,
wpi,2022-23,2024-04-30,wpi:fuel_power/electricity,index,92.9,
wpi,2022-23,2024-04-30,wpi:fuel_power/electricity/hydro_electricity,index,105.5,
wpi,2022-23,2024-04-30,wpi:fuel_power/electricity/nuclear,index,100.0,
wpi,2022-23,2024-04-30,wpi:fuel_power/electricity/solar,index,101.0,
wpi,2022-23,2024-04-30,wpi:fuel_power/electricity/thermal_electricity,index,90.6,
wpi,2022-23,2024-04-30,wpi:fuel_power/electricity/wind,index,106.5,
wpi,2022-23,2024-04-30,wpi:fuel_power/mineral_oils,index,90.8,
wpi,2022-23,2024-04-30,wpi:manufactured,index,98.5,
wpi,2022-23,2024-04-30,wpi:primary,index,108.8,
wpi,2022-23,2024-04-30,wpi:primary/food_articles,index,112.1,
wpi,2022-23,2024-04-30,wpi:primary/food_articles/condiments_spices,index,131.4,
wpi,2022-23,2024-04-30,wpi:primary/food_articles/eggs_meat_fish,index,104.8,
wpi,2022-23,2024-04-30,wpi:primary/food_articles/food_grains_cereals_pulses,index,114.3,
wpi,2022-23,2024-04-30,wpi:primary/food_articles/food_grains_cereals_pulses/cereals,index,112.9,
wpi,2022-23,2024-04-30,wpi:primary/food_articles/food_grains_cereals_pulses/pulses,index,121.7,
wpi,2022-23,2024-04-30,wpi:primary/food_articles/fruits_vegetables,index,114.0,
wpi,2022-23,2024-04-30,wpi:primary/food_articles/fruits_vegetables/fruits,index,113.4,
wpi,2022-23,2024-04-30,wpi:primary/food_articles/fruits_vegetables/vegetables,index,114.6,
wpi,2022-23,2024-04-30,wpi:primary/food_articles/milk,index,111.3,
wpi,2022-23,2024-04-30,wpi:primary/food_articles/other_food_articles,index,109.4,
wpi,2022-23,2024-04-30,wpi:primary/minerals,index,111.8,
wpi,2022-23,2024-04-30,wpi:primary/minerals/metallic_minerals,index,116.1,
wpi,2022-23,2024-04-30,wpi:primary/minerals/minor_minerals,index,107.2,
wpi,2022-23,2024-04-30,wpi:primary/minerals/other_minerals,index,105.8,
wpi,2022-23,2024-04-30,wpi:primary/non_food_articles,index,98.7,
wpi,2022-23,2024-04-30,wpi:primary/non_food_articles/fibres,index,77.6,
wpi,2022-23,2024-04-30,wpi:primary/non_food_articles/floriculture,index,108.7,
wpi,2022-23,2024-04-30,wpi:primary/non_food_articles/medicinal_plants,index,82.5,
wpi,2022-23,2024-04-30,wpi:primary/non_food_articles/oil_seeds,index,89.2,
wpi,2022-23,2024-04-30,wpi:primary/non_food_articles/other_non_food_articles,index,104.5,
wpi,2022-23,2024-05-31,nic:10,index,100.2,
wpi,2022-23,2024-05-31,nic:10/bakery_products,index,98.6,
wpi,2022-23,2024-05-31,nic:10/cocoa_chocolate_and_sugar_confectionery,index,108.8,
wpi,2022-23,2024-05-31,nic:10/dairy_products,index,102.9,
wpi,2022-23,2024-05-31,nic:10/grain_mill_products,index,112.0,
wpi,2022-23,2024-05-31,nic:10/macaroni_noodles_couscous_and_similar_farinaceous_products,index,101.1,
wpi,2022-23,2024-05-31,nic:10/other_food_products,index,101.4,
wpi,2022-23,2024-05-31,nic:10/prepared_animal_feeds,index,100.0,
wpi,2022-23,2024-05-31,nic:10/processing_and_preserving_of_fish_crustaceans_and_molluscs,index,95.9,
wpi,2022-23,2024-05-31,nic:10/processing_and_preserving_of_fruit_and_vegetables,index,106.5,
wpi,2022-23,2024-05-31,nic:10/processing_and_preserving_of_meat,index,116.1,
wpi,2022-23,2024-05-31,nic:10/processing_of_coffee_and_tea,index,114.3,
wpi,2022-23,2024-05-31,nic:10/starches_and_starch_products,index,97.5,
wpi,2022-23,2024-05-31,nic:10/sugar,index,108.8,
wpi,2022-23,2024-05-31,nic:10/vegetable_and_animal_oils_and_fats,index,78.8,
wpi,2022-23,2024-05-31,nic:11,index,104.0,
wpi,2022-23,2024-05-31,nic:11/beer,index,106.2,
wpi,2022-23,2024-05-31,nic:11/distilling_rectifying_and_blending_of_spirits,index,107.7,
wpi,2022-23,2024-05-31,nic:11/soft_drinks_production_of_mineral_waters_and_other_bottled_waters,index,102.7,
wpi,2022-23,2024-05-31,nic:11/wines,index,107.3,
wpi,2022-23,2024-05-31,nic:12,index,106.7,
wpi,2022-23,2024-05-31,nic:12/tobacco_products,index,106.7,
wpi,2022-23,2024-05-31,nic:13,index,92.7,
wpi,2022-23,2024-05-31,nic:13/carpets_and_rugs,index,105.4,
wpi,2022-23,2024-05-31,nic:13/cordage_rope_twine_and_netting,index,103.4,
wpi,2022-23,2024-05-31,nic:13/knitted_and_crocheted_fabrics,index,93.8,
wpi,2022-23,2024-05-31,nic:13/made_up_textile_articles_except_apparel,index,100.8,
wpi,2022-23,2024-05-31,nic:13/other_textiles,index,100.9,
wpi,2022-23,2024-05-31,nic:13/preparation_and_spinning_of_textile_fibres,index,89.2,
wpi,2022-23,2024-05-31,nic:13/weaving_of_textiles,index,96.8,
wpi,2022-23,2024-05-31,nic:14,index,104.0,
wpi,2022-23,2024-05-31,nic:14/knitted_and_crocheted_apparel,index,103.3,
wpi,2022-23,2024-05-31,nic:14/wearing_apparel_except_fur_apparel,index,104.5,
wpi,2022-23,2024-05-31,nic:15,index,101.7,
wpi,2022-23,2024-05-31,nic:15/footwear,index,101.2,
wpi,2022-23,2024-05-31,nic:15/luggage_handbags_and_the_like_saddlery_and_harness_of_any_material,index,102.4,
wpi,2022-23,2024-05-31,nic:15/tanning_and_dressing_of_leather_dressing_and_dyeing_of_fur,index,104.6,
wpi,2022-23,2024-05-31,nic:16,index,103.0,
wpi,2022-23,2024-05-31,nic:16/other_products_of_wood_manufacture_of_articles_of_cork_straw_and_plaiting_materials,index,108.1,
wpi,2022-23,2024-05-31,nic:16/sawmilling_and_planing_of_wood,index,103.0,
wpi,2022-23,2024-05-31,nic:16/veneer_sheets_and_wood_based_panels,index,102.9,
wpi,2022-23,2024-05-31,nic:16/wooden_containers,index,103.6,
wpi,2022-23,2024-05-31,nic:17,index,89.4,
wpi,2022-23,2024-05-31,nic:17/corrugated_paper_and_paperboard_and_of_containers_of_paper_and_paperboard,index,90.0,
wpi,2022-23,2024-05-31,nic:17/other_articles_of_paper_and_paperboard,index,87.4,
wpi,2022-23,2024-05-31,nic:17/pulp_paper_and_paperboard,index,89.9,
wpi,2022-23,2024-05-31,nic:18,index,104.8,
wpi,2022-23,2024-05-31,nic:18/printing,index,104.8,
wpi,2022-23,2024-05-31,nic:20,index,91.0,
wpi,2022-23,2024-05-31,nic:20/basic_chemicals,index,85.9,
wpi,2022-23,2024-05-31,nic:20/fertilizers_and_nitrogen_compounds,index,93.5,
wpi,2022-23,2024-05-31,nic:20/man_made_fibres,index,94.8,
wpi,2022-23,2024-05-31,nic:20/other_chemical_products,index,88.3,
wpi,2022-23,2024-05-31,nic:20/paints_varnishes_and_similar_coatings_printing_ink_and_mastics,index,90.2,
wpi,2022-23,2024-05-31,nic:20/pesticides_and_other_agrochemical_products,index,87.3,
wpi,2022-23,2024-05-31,nic:20/plastics_and_synthetic_rubber_in_primary_forms,index,91.8,
wpi,2022-23,2024-05-31,nic:20/soap_and_detergents_cleaning_and_polishing_preparations_perfumes_and_toilet_preparations,index,97.7,
wpi,2022-23,2024-05-31,nic:21,index,98.8,
wpi,2022-23,2024-05-31,nic:21/pharmaceuticals_medicinal_chemical_and_botanical_products,index,98.8,
wpi,2022-23,2024-05-31,nic:22,index,95.1,
wpi,2022-23,2024-05-31,nic:22/other_rubber_products,index,103.5,
wpi,2022-23,2024-05-31,nic:22/plastics_products,index,92.7,
wpi,2022-23,2024-05-31,nic:22/rubber_tyres_and_tubes_retreading_and_rebuilding_of_rubber_tyres,index,100.1,
wpi,2022-23,2024-05-31,nic:23,index,96.5,
wpi,2022-23,2024-05-31,nic:23/articles_of_concrete_cement_and_plaster,index,103.9,
wpi,2022-23,2024-05-31,nic:23/cement_lime_and_plaster,index,94.4,
wpi,2022-23,2024-05-31,nic:23/clay_building_materials,index,104.2,
wpi,2022-23,2024-05-31,nic:23/cutting_shaping_and_finishing_of_stone,index,109.6,
wpi,2022-23,2024-05-31,nic:23/glass_and_glass_products,index,95.0,
wpi,2022-23,2024-05-31,nic:23/other_porcelain_and_ceramic_products,index,101.9,
wpi,2022-23,2024-05-31,nic:23/refractory_products,index,96.8,
wpi,2022-23,2024-05-31,nic:24,index,95.7,
wpi,2022-23,2024-05-31,nic:24/basic_iron_and_steel,index,92.6,
wpi,2022-23,2024-05-31,nic:24/basic_precious_and_other_non_ferrous_metals,index,109.6,
wpi,2022-23,2024-05-31,nic:24/casting_of_iron_and_steel,index,95.2,
wpi,2022-23,2024-05-31,nic:25,index,100.1,
wpi,2022-23,2024-05-31,nic:25/cutlery_hand_tools_and_general_hardware,index,98.9,
wpi,2022-23,2024-05-31,nic:25/forging_pressing_stamping_and_roll_forming_of_metal_powder_metallurgy,index,96.6,
wpi,2022-23,2024-05-31,nic:25/other_fabricated_metal_products,index,102.4,
wpi,2022-23,2024-05-31,nic:25/steam_generators_except_central_heating_hot_water_boilers,index,107.9,
wpi,2022-23,2024-05-31,nic:25/structural_metal_products,index,100.3,
wpi,2022-23,2024-05-31,nic:25/tanks_reservoirs_and_containers_of_metal,index,97.6,
wpi,2022-23,2024-05-31,nic:25/treatment_and_coating_of_metals_machining,index,90.5,
wpi,2022-23,2024-05-31,nic:25/weapons_and_ammunition,index,98.8,
wpi,2022-23,2024-05-31,nic:26,index,96.1,
wpi,2022-23,2024-05-31,nic:26/communication_equipment,index,92.9,
wpi,2022-23,2024-05-31,nic:26/computers_and_peripheral_equipment,index,102.4,
wpi,2022-23,2024-05-31,nic:26/consumer_electronics,index,103.0,
wpi,2022-23,2024-05-31,nic:26/irradiation_electromedical_and_electrotherapeutic_equipment,index,108.4,
wpi,2022-23,2024-05-31,nic:26/magnetic_and_optical_media,index,81.6,
wpi,2022-23,2024-05-31,nic:26/measuring_testing_navigating_and_control_equipment,index,111.5,
wpi,2022-23,2024-05-31,nic:26/optical_instruments_and_photographic_equipment,index,109.6,
wpi,2022-23,2024-05-31,nic:26/other_electronic_components_and_boards,index,96.5,
wpi,2022-23,2024-05-31,nic:26/solar_cells_solar_panels_and_photovoltaic_inverters,index,102.2,
wpi,2022-23,2024-05-31,nic:26/watches_and_clocks,index,105.1,
wpi,2022-23,2024-05-31,nic:27,index,101.8,
wpi,2022-23,2024-05-31,nic:27/batteries_and_accumulators,index,98.0,
wpi,2022-23,2024-05-31,nic:27/domestic_appliances,index,97.8,
wpi,2022-23,2024-05-31,nic:27/electric_lighting_equipment,index,89.5,
wpi,2022-23,2024-05-31,nic:27/electric_motors_generators_transformers_and_electricity_distribution_and_control_apparatus,index,102.8,
wpi,2022-23,2024-05-31,nic:27/fibre_optic_cables,index,101.1,
wpi,2022-23,2024-05-31,nic:27/other_electrical_equipment,index,96.6,
wpi,2022-23,2024-05-31,nic:27/other_electronic_and_electric_wires_and_cables,index,108.6,
wpi,2022-23,2024-05-31,nic:27/wiring_devices,index,102.3,
wpi,2022-23,2024-05-31,nic:28,index,102.1,
wpi,2022-23,2024-05-31,nic:28/agricultural_and_forestry_machinery,index,102.8,
wpi,2022-23,2024-05-31,nic:28/bearings_gears_gearing_and_driving_elements,index,102.3,
wpi,2022-23,2024-05-31,nic:28/engines_and_turbines_except_aircraft_vehicle_and_cycle_engines,index,97.9,
wpi,2022-23,2024-05-31,nic:28/fluid_power_equipment,index,103.3,
wpi,2022-23,2024-05-31,nic:28/lifting_and_handling_equipment,index,103.2,
wpi,2022-23,2024-05-31,nic:28/machinery_for_food_beverage_and_tobacco_processing,index,101.1,
wpi,2022-23,2024-05-31,nic:28/machinery_for_metallurgy,index,107.0,
wpi,2022-23,2024-05-31,nic:28/machinery_for_mining_quarrying_and_construction,index,106.2,
wpi,2022-23,2024-05-31,nic:28/machinery_for_textile_apparel_and_leather_production,index,105.5,
wpi,2022-23,2024-05-31,nic:28/metal_forming_machinery_and_machine_tools,index,104.2,
wpi,2022-23,2024-05-31,nic:28/other_general_purpose_machinery,index,99.7,
wpi,2022-23,2024-05-31,nic:28/other_pumps_compressors_taps_and_valves,index,101.5,
wpi,2022-23,2024-05-31,nic:28/other_special_purpose_machinery,index,99.5,
wpi,2022-23,2024-05-31,nic:28/ovens_furnaces_and_permanent_household_heating_equipment,index,105.5,
wpi,2022-23,2024-05-31,nic:28/power_driven_hand_tools,index,105.3,
wpi,2022-23,2024-05-31,nic:29,index,106.4,
wpi,2022-23,2024-05-31,nic:29/bodies_coachwork_for_motor_vehicles_manufacture_of_trailers_and_semi_trailers,index,102.8,
wpi,2022-23,2024-05-31,nic:29/motor_vehicles,index,112.3,
wpi,2022-23,2024-05-31,nic:29/parts_and_accessories_for_motor_vehicles,index,99.2,
wpi,2022-23,2024-05-31,nic:30,index,101.4,
wpi,2022-23,2024-05-31,nic:30/air_and_spacecraft_and_related_machinery,index,111.2,
wpi,2022-23,2024-05-31,nic:30/bicycles_and_invalid_carriages,index,101.0,
wpi,2022-23,2024-05-31,nic:30/building_of_ships_and_floating_structures,index,100.3,
wpi,2022-23,2024-05-31,nic:30/motorcycles,index,101.1,
wpi,2022-23,2024-05-31,nic:30/other_transport_equipment,index,99.6,
wpi,2022-23,2024-05-31,nic:30/railway_locomotives_and_rolling_stock,index,101.2,
wpi,2022-23,2024-05-31,nic:31,index,102.0,
wpi,2022-23,2024-05-31,nic:31/other_furniture,index,98.9,
wpi,2022-23,2024-05-31,nic:31/wooden_furniture,index,103.7,
wpi,2022-23,2024-05-31,nic:32,index,112.9,
wpi,2022-23,2024-05-31,nic:32/games_and_toys,index,106.6,
wpi,2022-23,2024-05-31,nic:32/imitation_jewellery_and_related_articles,index,119.2,
wpi,2022-23,2024-05-31,nic:32/jewellery_and_related_articles,index,114.8,
wpi,2022-23,2024-05-31,nic:32/medical_and_dental_instruments_and_supplies,index,102.1,
wpi,2022-23,2024-05-31,nic:32/musical_instruments,index,115.0,
wpi,2022-23,2024-05-31,nic:32/other_manufacturing,index,106.9,
wpi,2022-23,2024-05-31,nic:32/sports_goods,index,107.6,
wpi,2022-23,2024-05-31,wpi:all,index,100.4,
wpi,2022-23,2024-05-31,wpi:food_index,index,109.0,
wpi,2022-23,2024-05-31,wpi:fuel_power,index,91.7,
wpi,2022-23,2024-05-31,wpi:fuel_power/coal_and_lignite,index,89.6,
wpi,2022-23,2024-05-31,wpi:fuel_power/coal_and_lignite/coking_coal,index,89.2,
wpi,2022-23,2024-05-31,wpi:fuel_power/coal_and_lignite/coking_coal/coking_coal,index,89.2,
wpi,2022-23,2024-05-31,wpi:fuel_power/coal_and_lignite/lignite,index,66.7,
wpi,2022-23,2024-05-31,wpi:fuel_power/coal_and_lignite/non_coking_coal,index,90.5,
wpi,2022-23,2024-05-31,wpi:fuel_power/coal_and_lignite/non_coking_coal/non_coking_coal_g15_to_g17_gcv_3100_kcal_kg,index,95.7,
wpi,2022-23,2024-05-31,wpi:fuel_power/coal_and_lignite/non_coking_coal/non_coking_coal_g1_to_g6_gcv_exceeding_5500_kcal_kg,index,97.0,
wpi,2022-23,2024-05-31,wpi:fuel_power/coal_and_lignite/non_coking_coal/non_coking_coal_g7_to_g14_gcv_3100_kcal_kg_to_5500_kcal_kg,index,89.3,
wpi,2022-23,2024-05-31,wpi:fuel_power/crude_petroleum_natural_gas,index,100.2,
wpi,2022-23,2024-05-31,wpi:fuel_power/electricity,index,92.5,
wpi,2022-23,2024-05-31,wpi:fuel_power/electricity/hydro_electricity,index,87.5,
wpi,2022-23,2024-05-31,wpi:fuel_power/electricity/nuclear,index,101.0,
wpi,2022-23,2024-05-31,wpi:fuel_power/electricity/solar,index,100.7,
wpi,2022-23,2024-05-31,wpi:fuel_power/electricity/thermal_electricity,index,91.7,
wpi,2022-23,2024-05-31,wpi:fuel_power/electricity/wind,index,106.8,
wpi,2022-23,2024-05-31,wpi:fuel_power/mineral_oils,index,90.7,
wpi,2022-23,2024-05-31,wpi:manufactured,index,98.9,
wpi,2022-23,2024-05-31,wpi:primary,index,110.1,
wpi,2022-23,2024-05-31,wpi:primary/food_articles,index,114.0,
wpi,2022-23,2024-05-31,wpi:primary/food_articles/condiments_spices,index,136.0,
wpi,2022-23,2024-05-31,wpi:primary/food_articles/eggs_meat_fish,index,109.3,
wpi,2022-23,2024-05-31,wpi:primary/food_articles/food_grains_cereals_pulses,index,114.9,
wpi,2022-23,2024-05-31,wpi:primary/food_articles/food_grains_cereals_pulses/cereals,index,112.9,
wpi,2022-23,2024-05-31,wpi:primary/food_articles/food_grains_cereals_pulses/pulses,index,125.4,
wpi,2022-23,2024-05-31,wpi:primary/food_articles/fruits_vegetables,index,117.8,
wpi,2022-23,2024-05-31,wpi:primary/food_articles/fruits_vegetables/fruits,index,113.9,
wpi,2022-23,2024-05-31,wpi:primary/food_articles/fruits_vegetables/vegetables,index,121.5,
wpi,2022-23,2024-05-31,wpi:primary/food_articles/milk,index,110.4,
wpi,2022-23,2024-05-31,wpi:primary/food_articles/other_food_articles,index,110.1,
wpi,2022-23,2024-05-31,wpi:primary/minerals,index,113.5,
wpi,2022-23,2024-05-31,wpi:primary/minerals/metallic_minerals,index,118.4,
wpi,2022-23,2024-05-31,wpi:primary/minerals/minor_minerals,index,109.9,
wpi,2022-23,2024-05-31,wpi:primary/minerals/other_minerals,index,103.4,
wpi,2022-23,2024-05-31,wpi:primary/non_food_articles,index,98.0,
wpi,2022-23,2024-05-31,wpi:primary/non_food_articles/fibres,index,76.9,
wpi,2022-23,2024-05-31,wpi:primary/non_food_articles/floriculture,index,104.2,
wpi,2022-23,2024-05-31,wpi:primary/non_food_articles/medicinal_plants,index,92.3,
wpi,2022-23,2024-05-31,wpi:primary/non_food_articles/oil_seeds,index,89.7,
wpi,2022-23,2024-05-31,wpi:primary/non_food_articles/other_non_food_articles,index,103.7,
wpi,2022-23,2024-06-30,nic:10,index,101.0,
wpi,2022-23,2024-06-30,nic:10/bakery_products,index,98.7,
wpi,2022-23,2024-06-30,nic:10/cocoa_chocolate_and_sugar_confectionery,index,107.9,
wpi,2022-23,2024-06-30,nic:10/dairy_products,index,103.3,
wpi,2022-23,2024-06-30,nic:10/grain_mill_products,index,113.1,
wpi,2022-23,2024-06-30,nic:10/macaroni_noodles_couscous_and_similar_farinaceous_products,index,101.6,
wpi,2022-23,2024-06-30,nic:10/other_food_products,index,101.9,
wpi,2022-23,2024-06-30,nic:10/prepared_animal_feeds,index,100.1,
wpi,2022-23,2024-06-30,nic:10/processing_and_preserving_of_fish_crustaceans_and_molluscs,index,94.0,
wpi,2022-23,2024-06-30,nic:10/processing_and_preserving_of_fruit_and_vegetables,index,107.1,
wpi,2022-23,2024-06-30,nic:10/processing_and_preserving_of_meat,index,115.9,
wpi,2022-23,2024-06-30,nic:10/processing_of_coffee_and_tea,index,123.7,
wpi,2022-23,2024-06-30,nic:10/starches_and_starch_products,index,99.3,
wpi,2022-23,2024-06-30,nic:10/sugar,index,108.4,
wpi,2022-23,2024-06-30,nic:10/vegetable_and_animal_oils_and_fats,index,80.2,
wpi,2022-23,2024-06-30,nic:11,index,103.8,
wpi,2022-23,2024-06-30,nic:11/beer,index,106.4,
wpi,2022-23,2024-06-30,nic:11/distilling_rectifying_and_blending_of_spirits,index,107.9,
wpi,2022-23,2024-06-30,nic:11/soft_drinks_production_of_mineral_waters_and_other_bottled_waters,index,102.2,
wpi,2022-23,2024-06-30,nic:11/wines,index,108.2,
wpi,2022-23,2024-06-30,nic:12,index,106.9,
wpi,2022-23,2024-06-30,nic:12/tobacco_products,index,106.9,
wpi,2022-23,2024-06-30,nic:13,index,92.5,
wpi,2022-23,2024-06-30,nic:13/carpets_and_rugs,index,105.6,
wpi,2022-23,2024-06-30,nic:13/cordage_rope_twine_and_netting,index,102.7,
wpi,2022-23,2024-06-30,nic:13/knitted_and_crocheted_fabrics,index,93.3,
wpi,2022-23,2024-06-30,nic:13/made_up_textile_articles_except_apparel,index,101.3,
wpi,2022-23,2024-06-30,nic:13/other_textiles,index,102.1,
wpi,2022-23,2024-06-30,nic:13/preparation_and_spinning_of_textile_fibres,index,89.0,
wpi,2022-23,2024-06-30,nic:13/weaving_of_textiles,index,95.6,
wpi,2022-23,2024-06-30,nic:14,index,104.7,
wpi,2022-23,2024-06-30,nic:14/knitted_and_crocheted_apparel,index,104.6,
wpi,2022-23,2024-06-30,nic:14/wearing_apparel_except_fur_apparel,index,104.7,
wpi,2022-23,2024-06-30,nic:15,index,101.4,
wpi,2022-23,2024-06-30,nic:15/footwear,index,100.6,
wpi,2022-23,2024-06-30,nic:15/luggage_handbags_and_the_like_saddlery_and_harness_of_any_material,index,104.7,
wpi,2022-23,2024-06-30,nic:15/tanning_and_dressing_of_leather_dressing_and_dyeing_of_fur,index,103.2,
wpi,2022-23,2024-06-30,nic:16,index,103.1,
wpi,2022-23,2024-06-30,nic:16/other_products_of_wood_manufacture_of_articles_of_cork_straw_and_plaiting_materials,index,108.1,
wpi,2022-23,2024-06-30,nic:16/sawmilling_and_planing_of_wood,index,106.7,
wpi,2022-23,2024-06-30,nic:16/veneer_sheets_and_wood_based_panels,index,103.1,
wpi,2022-23,2024-06-30,nic:16/wooden_containers,index,101.2,
wpi,2022-23,2024-06-30,nic:17,index,89.4,
wpi,2022-23,2024-06-30,nic:17/corrugated_paper_and_paperboard_and_of_containers_of_paper_and_paperboard,index,89.7,
wpi,2022-23,2024-06-30,nic:17/other_articles_of_paper_and_paperboard,index,87.4,
wpi,2022-23,2024-06-30,nic:17/pulp_paper_and_paperboard,index,90.1,
wpi,2022-23,2024-06-30,nic:18,index,103.9,
wpi,2022-23,2024-06-30,nic:18/printing,index,103.9,
wpi,2022-23,2024-06-30,nic:20,index,91.6,
wpi,2022-23,2024-06-30,nic:20/basic_chemicals,index,87.1,
wpi,2022-23,2024-06-30,nic:20/fertilizers_and_nitrogen_compounds,index,93.3,
wpi,2022-23,2024-06-30,nic:20/man_made_fibres,index,96.6,
wpi,2022-23,2024-06-30,nic:20/other_chemical_products,index,89.3,
wpi,2022-23,2024-06-30,nic:20/paints_varnishes_and_similar_coatings_printing_ink_and_mastics,index,89.4,
wpi,2022-23,2024-06-30,nic:20/pesticides_and_other_agrochemical_products,index,87.9,
wpi,2022-23,2024-06-30,nic:20/plastics_and_synthetic_rubber_in_primary_forms,index,92.9,
wpi,2022-23,2024-06-30,nic:20/soap_and_detergents_cleaning_and_polishing_preparations_perfumes_and_toilet_preparations,index,97.5,
wpi,2022-23,2024-06-30,nic:21,index,99.5,
wpi,2022-23,2024-06-30,nic:21/pharmaceuticals_medicinal_chemical_and_botanical_products,index,99.5,
wpi,2022-23,2024-06-30,nic:22,index,96.2,
wpi,2022-23,2024-06-30,nic:22/other_rubber_products,index,104.0,
wpi,2022-23,2024-06-30,nic:22/plastics_products,index,94.1,
wpi,2022-23,2024-06-30,nic:22/rubber_tyres_and_tubes_retreading_and_rebuilding_of_rubber_tyres,index,100.4,
wpi,2022-23,2024-06-30,nic:23,index,95.8,
wpi,2022-23,2024-06-30,nic:23/articles_of_concrete_cement_and_plaster,index,103.8,
wpi,2022-23,2024-06-30,nic:23/cement_lime_and_plaster,index,93.5,
wpi,2022-23,2024-06-30,nic:23/clay_building_materials,index,103.0,
wpi,2022-23,2024-06-30,nic:23/cutting_shaping_and_finishing_of_stone,index,109.3,
wpi,2022-23,2024-06-30,nic:23/glass_and_glass_products,index,94.8,
wpi,2022-23,2024-06-30,nic:23/other_porcelain_and_ceramic_products,index,101.5,
wpi,2022-23,2024-06-30,nic:23/refractory_products,index,96.6,
wpi,2022-23,2024-06-30,nic:24,index,95.5,
wpi,2022-23,2024-06-30,nic:24/basic_iron_and_steel,index,92.1,
wpi,2022-23,2024-06-30,nic:24/basic_precious_and_other_non_ferrous_metals,index,110.5,
wpi,2022-23,2024-06-30,nic:24/casting_of_iron_and_steel,index,95.5,
wpi,2022-23,2024-06-30,nic:25,index,100.5,
wpi,2022-23,2024-06-30,nic:25/cutlery_hand_tools_and_general_hardware,index,99.0,
wpi,2022-23,2024-06-30,nic:25/forging_pressing_stamping_and_roll_forming_of_metal_powder_metallurgy,index,96.2,
wpi,2022-23,2024-06-30,nic:25/other_fabricated_metal_products,index,102.5,
wpi,2022-23,2024-06-30,nic:25/steam_generators_except_central_heating_hot_water_boilers,index,108.1,
wpi,2022-23,2024-06-30,nic:25/structural_metal_products,index,100.6,
wpi,2022-23,2024-06-30,nic:25/tanks_reservoirs_and_containers_of_metal,index,98.9,
wpi,2022-23,2024-06-30,nic:25/treatment_and_coating_of_metals_machining,index,91.1,
wpi,2022-23,2024-06-30,nic:25/weapons_and_ammunition,index,101.0,
wpi,2022-23,2024-06-30,nic:26,index,96.2,
wpi,2022-23,2024-06-30,nic:26/communication_equipment,index,94.0,
wpi,2022-23,2024-06-30,nic:26/computers_and_peripheral_equipment,index,103.0,
wpi,2022-23,2024-06-30,nic:26/consumer_electronics,index,100.5,
wpi,2022-23,2024-06-30,nic:26/irradiation_electromedical_and_electrotherapeutic_equipment,index,108.3,
wpi,2022-23,2024-06-30,nic:26/magnetic_and_optical_media,index,78.9,
wpi,2022-23,2024-06-30,nic:26/measuring_testing_navigating_and_control_equipment,index,106.5,
wpi,2022-23,2024-06-30,nic:26/optical_instruments_and_photographic_equipment,index,109.7,
wpi,2022-23,2024-06-30,nic:26/other_electronic_components_and_boards,index,96.1,
wpi,2022-23,2024-06-30,nic:26/solar_cells_solar_panels_and_photovoltaic_inverters,index,98.4,
wpi,2022-23,2024-06-30,nic:26/watches_and_clocks,index,104.3,
wpi,2022-23,2024-06-30,nic:27,index,102.7,
wpi,2022-23,2024-06-30,nic:27/batteries_and_accumulators,index,99.9,
wpi,2022-23,2024-06-30,nic:27/domestic_appliances,index,98.3,
wpi,2022-23,2024-06-30,nic:27/electric_lighting_equipment,index,89.3,
wpi,2022-23,2024-06-30,nic:27/electric_motors_generators_transformers_and_electricity_distribution_and_control_apparatus,index,103.4,
wpi,2022-23,2024-06-30,nic:27/fibre_optic_cables,index,100.4,
wpi,2022-23,2024-06-30,nic:27/other_electrical_equipment,index,96.6,
wpi,2022-23,2024-06-30,nic:27/other_electronic_and_electric_wires_and_cables,index,110.2,
wpi,2022-23,2024-06-30,nic:27/wiring_devices,index,103.6,
wpi,2022-23,2024-06-30,nic:28,index,102.0,
wpi,2022-23,2024-06-30,nic:28/agricultural_and_forestry_machinery,index,102.7,
wpi,2022-23,2024-06-30,nic:28/bearings_gears_gearing_and_driving_elements,index,102.6,
wpi,2022-23,2024-06-30,nic:28/engines_and_turbines_except_aircraft_vehicle_and_cycle_engines,index,98.7,
wpi,2022-23,2024-06-30,nic:28/fluid_power_equipment,index,104.2,
wpi,2022-23,2024-06-30,nic:28/lifting_and_handling_equipment,index,102.2,
wpi,2022-23,2024-06-30,nic:28/machinery_for_food_beverage_and_tobacco_processing,index,103.2,
wpi,2022-23,2024-06-30,nic:28/machinery_for_metallurgy,index,106.0,
wpi,2022-23,2024-06-30,nic:28/machinery_for_mining_quarrying_and_construction,index,105.7,
wpi,2022-23,2024-06-30,nic:28/machinery_for_textile_apparel_and_leather_production,index,103.6,
wpi,2022-23,2024-06-30,nic:28/metal_forming_machinery_and_machine_tools,index,104.4,
wpi,2022-23,2024-06-30,nic:28/other_general_purpose_machinery,index,99.9,
wpi,2022-23,2024-06-30,nic:28/other_pumps_compressors_taps_and_valves,index,101.0,
wpi,2022-23,2024-06-30,nic:28/other_special_purpose_machinery,index,98.9,
wpi,2022-23,2024-06-30,nic:28/ovens_furnaces_and_permanent_household_heating_equipment,index,107.7,
wpi,2022-23,2024-06-30,nic:28/power_driven_hand_tools,index,104.9,
wpi,2022-23,2024-06-30,nic:29,index,106.2,
wpi,2022-23,2024-06-30,nic:29/bodies_coachwork_for_motor_vehicles_manufacture_of_trailers_and_semi_trailers,index,102.8,
wpi,2022-23,2024-06-30,nic:29/motor_vehicles,index,112.1,
wpi,2022-23,2024-06-30,nic:29/parts_and_accessories_for_motor_vehicles,index,98.9,
wpi,2022-23,2024-06-30,nic:30,index,100.7,
wpi,2022-23,2024-06-30,nic:30/air_and_spacecraft_and_related_machinery,index,111.6,
wpi,2022-23,2024-06-30,nic:30/bicycles_and_invalid_carriages,index,101.5,
wpi,2022-23,2024-06-30,nic:30/building_of_ships_and_floating_structures,index,100.3,
wpi,2022-23,2024-06-30,nic:30/motorcycles,index,100.2,
wpi,2022-23,2024-06-30,nic:30/other_transport_equipment,index,98.5,
wpi,2022-23,2024-06-30,nic:30/railway_locomotives_and_rolling_stock,index,101.2,
wpi,2022-23,2024-06-30,nic:31,index,101.6,
wpi,2022-23,2024-06-30,nic:31/other_furniture,index,98.3,
wpi,2022-23,2024-06-30,nic:31/wooden_furniture,index,103.5,
wpi,2022-23,2024-06-30,nic:32,index,112.8,
wpi,2022-23,2024-06-30,nic:32/games_and_toys,index,107.4,
wpi,2022-23,2024-06-30,nic:32/imitation_jewellery_and_related_articles,index,119.5,
wpi,2022-23,2024-06-30,nic:32/jewellery_and_related_articles,index,114.6,
wpi,2022-23,2024-06-30,nic:32/medical_and_dental_instruments_and_supplies,index,102.0,
wpi,2022-23,2024-06-30,nic:32/musical_instruments,index,112.4,
wpi,2022-23,2024-06-30,nic:32/other_manufacturing,index,106.7,
wpi,2022-23,2024-06-30,nic:32/sports_goods,index,107.7,
wpi,2022-23,2024-06-30,wpi:all,index,100.7,
wpi,2022-23,2024-06-30,wpi:food_index,index,110.9,
wpi,2022-23,2024-06-30,wpi:fuel_power,index,89.9,
wpi,2022-23,2024-06-30,wpi:fuel_power/coal_and_lignite,index,89.6,
wpi,2022-23,2024-06-30,wpi:fuel_power/coal_and_lignite/coking_coal,index,89.3,
wpi,2022-23,2024-06-30,wpi:fuel_power/coal_and_lignite/coking_coal/coking_coal,index,89.3,
wpi,2022-23,2024-06-30,wpi:fuel_power/coal_and_lignite/lignite,index,66.7,
wpi,2022-23,2024-06-30,wpi:fuel_power/coal_and_lignite/non_coking_coal,index,90.5,
wpi,2022-23,2024-06-30,wpi:fuel_power/coal_and_lignite/non_coking_coal/non_coking_coal_g15_to_g17_gcv_3100_kcal_kg,index,95.6,
wpi,2022-23,2024-06-30,wpi:fuel_power/coal_and_lignite/non_coking_coal/non_coking_coal_g1_to_g6_gcv_exceeding_5500_kcal_kg,index,95.2,
wpi,2022-23,2024-06-30,wpi:fuel_power/coal_and_lignite/non_coking_coal/non_coking_coal_g7_to_g14_gcv_3100_kcal_kg_to_5500_kcal_kg,index,89.7,
wpi,2022-23,2024-06-30,wpi:fuel_power/crude_petroleum_natural_gas,index,100.3,
wpi,2022-23,2024-06-30,wpi:fuel_power/electricity,index,90.7,
wpi,2022-23,2024-06-30,wpi:fuel_power/electricity/hydro_electricity,index,83.1,
wpi,2022-23,2024-06-30,wpi:fuel_power/electricity/nuclear,index,101.1,
wpi,2022-23,2024-06-30,wpi:fuel_power/electricity/solar,index,99.5,
wpi,2022-23,2024-06-30,wpi:fuel_power/electricity/thermal_electricity,index,90.0,
wpi,2022-23,2024-06-30,wpi:fuel_power/electricity/wind,index,106.8,
wpi,2022-23,2024-06-30,wpi:fuel_power/mineral_oils,index,88.5,
wpi,2022-23,2024-06-30,wpi:manufactured,index,99.1,
wpi,2022-23,2024-06-30,wpi:primary,index,111.8,
wpi,2022-23,2024-06-30,wpi:primary/food_articles,index,116.5,
wpi,2022-23,2024-06-30,wpi:primary/food_articles/condiments_spices,index,138.7,
wpi,2022-23,2024-06-30,wpi:primary/food_articles/eggs_meat_fish,index,105.6,
wpi,2022-23,2024-06-30,wpi:primary/food_articles/food_grains_cereals_pulses,index,116.6,
wpi,2022-23,2024-06-30,wpi:primary/food_articles/food_grains_cereals_pulses/cereals,index,114.3,
wpi,2022-23,2024-06-30,wpi:primary/food_articles/food_grains_cereals_pulses/pulses,index,128.8,
wpi,2022-23,2024-06-30,wpi:primary/food_articles/fruits_vegetables,index,129.2,
wpi,2022-23,2024-06-30,wpi:primary/food_articles/fruits_vegetables/fruits,index,110.6,
wpi,2022-23,2024-06-30,wpi:primary/food_articles/fruits_vegetables/vegetables,index,147.1,
wpi,2022-23,2024-06-30,wpi:primary/food_articles/milk,index,111.2,
wpi,2022-23,2024-06-30,wpi:primary/food_articles/other_food_articles,index,110.8,
wpi,2022-23,2024-06-30,wpi:primary/minerals,index,116.1,
wpi,2022-23,2024-06-30,wpi:primary/minerals/metallic_minerals,index,123.9,
wpi,2022-23,2024-06-30,wpi:primary/minerals/minor_minerals,index,109.9,
wpi,2022-23,2024-06-30,wpi:primary/minerals/other_minerals,index,100.9,
wpi,2022-23,2024-06-30,wpi:primary/non_food_articles,index,97.4,
wpi,2022-23,2024-06-30,wpi:primary/non_food_articles/fibres,index,77.7,
wpi,2022-23,2024-06-30,wpi:primary/non_food_articles/floriculture,index,93.6,
wpi,2022-23,2024-06-30,wpi:primary/non_food_articles/medicinal_plants,index,89.3,
wpi,2022-23,2024-06-30,wpi:primary/non_food_articles/oil_seeds,index,90.1,
wpi,2022-23,2024-06-30,wpi:primary/non_food_articles/other_non_food_articles,index,103.0,
wpi,2022-23,2024-07-31,nic:10,index,101.3,
wpi,2022-23,2024-07-31,nic:10/bakery_products,index,99.1,
wpi,2022-23,2024-07-31,nic:10/cocoa_chocolate_and_sugar_confectionery,index,110.9,
wpi,2022-23,2024-07-31,nic:10/dairy_products,index,103.4,
wpi,2022-23,2024-07-31,nic:10/grain_mill_products,index,113.8,
wpi,2022-23,2024-07-31,nic:10/macaroni_noodles_couscous_and_similar_farinaceous_products,index,103.4,
wpi,2022-23,2024-07-31,nic:10/other_food_products,index,103.0,
wpi,2022-23,2024-07-31,nic:10/prepared_animal_feeds,index,100.0,
wpi,2022-23,2024-07-31,nic:10/processing_and_preserving_of_fish_crustaceans_and_molluscs,index,94.4,
wpi,2022-23,2024-07-31,nic:10/processing_and_preserving_of_fruit_and_vegetables,index,108.7,
wpi,2022-23,2024-07-31,nic:10/processing_and_preserving_of_meat,index,113.5,
wpi,2022-23,2024-07-31,nic:10/processing_of_coffee_and_tea,index,121.7,
wpi,2022-23,2024-07-31,nic:10/starches_and_starch_products,index,101.2,
wpi,2022-23,2024-07-31,nic:10/sugar,index,107.6,
wpi,2022-23,2024-07-31,nic:10/vegetable_and_animal_oils_and_fats,index,80.6,
wpi,2022-23,2024-07-31,nic:11,index,104.1,
wpi,2022-23,2024-07-31,nic:11/beer,index,104.7,
wpi,2022-23,2024-07-31,nic:11/distilling_rectifying_and_blending_of_spirits,index,107.9,
wpi,2022-23,2024-07-31,nic:11/soft_drinks_production_of_mineral_waters_and_other_bottled_waters,index,102.8,
wpi,2022-23,2024-07-31,nic:11/wines,index,106.4,
wpi,2022-23,2024-07-31,nic:12,index,106.9,
wpi,2022-23,2024-07-31,nic:12/tobacco_products,index,106.9,
wpi,2022-23,2024-07-31,nic:13,index,92.4,
wpi,2022-23,2024-07-31,nic:13/carpets_and_rugs,index,105.1,
wpi,2022-23,2024-07-31,nic:13/cordage_rope_twine_and_netting,index,104.1,
wpi,2022-23,2024-07-31,nic:13/knitted_and_crocheted_fabrics,index,93.3,
wpi,2022-23,2024-07-31,nic:13/made_up_textile_articles_except_apparel,index,101.3,
wpi,2022-23,2024-07-31,nic:13/other_textiles,index,102.2,
wpi,2022-23,2024-07-31,nic:13/preparation_and_spinning_of_textile_fibres,index,88.8,
wpi,2022-23,2024-07-31,nic:13/weaving_of_textiles,index,95.9,
wpi,2022-23,2024-07-31,nic:14,index,104.9,
wpi,2022-23,2024-07-31,nic:14/knitted_and_crocheted_apparel,index,105.0,
wpi,2022-23,2024-07-31,nic:14/wearing_apparel_except_fur_apparel,index,104.9,
wpi,2022-23,2024-07-31,nic:15,index,102.3,
wpi,2022-23,2024-07-31,nic:15/footwear,index,101.5,
wpi,2022-23,2024-07-31,nic:15/luggage_handbags_and_the_like_saddlery_and_harness_of_any_material,index,105.0,
wpi,2022-23,2024-07-31,nic:15/tanning_and_dressing_of_leather_dressing_and_dyeing_of_fur,index,104.0,
wpi,2022-23,2024-07-31,nic:16,index,103.6,
wpi,2022-23,2024-07-31,nic:16/other_products_of_wood_manufacture_of_articles_of_cork_straw_and_plaiting_materials,index,108.6,
wpi,2022-23,2024-07-31,nic:16/sawmilling_and_planing_of_wood,index,108.3,
wpi,2022-23,2024-07-31,nic:16/veneer_sheets_and_wood_based_panels,index,103.5,
wpi,2022-23,2024-07-31,nic:16/wooden_containers,index,101.4,
wpi,2022-23,2024-07-31,nic:17,index,89.9,
wpi,2022-23,2024-07-31,nic:17/corrugated_paper_and_paperboard_and_of_containers_of_paper_and_paperboard,index,89.9,
wpi,2022-23,2024-07-31,nic:17/other_articles_of_paper_and_paperboard,index,87.6,
wpi,2022-23,2024-07-31,nic:17/pulp_paper_and_paperboard,index,91.0,
wpi,2022-23,2024-07-31,nic:18,index,104.2,
wpi,2022-23,2024-07-31,nic:18/printing,index,104.2,
wpi,2022-23,2024-07-31,nic:20,index,92.0,
wpi,2022-23,2024-07-31,nic:20/basic_chemicals,index,87.5,
wpi,2022-23,2024-07-31,nic:20/fertilizers_and_nitrogen_compounds,index,93.4,
wpi,2022-23,2024-07-31,nic:20/man_made_fibres,index,97.5,
wpi,2022-23,2024-07-31,nic:20/other_chemical_products,index,89.8,
wpi,2022-23,2024-07-31,nic:20/paints_varnishes_and_similar_coatings_printing_ink_and_mastics,index,89.9,
wpi,2022-23,2024-07-31,nic:20/pesticides_and_other_agrochemical_products,index,88.6,
wpi,2022-23,2024-07-31,nic:20/plastics_and_synthetic_rubber_in_primary_forms,index,94.2,
wpi,2022-23,2024-07-31,nic:20/soap_and_detergents_cleaning_and_polishing_preparations_perfumes_and_toilet_preparations,index,97.4,
wpi,2022-23,2024-07-31,nic:21,index,100.2,
wpi,2022-23,2024-07-31,nic:21/pharmaceuticals_medicinal_chemical_and_botanical_products,index,100.2,
wpi,2022-23,2024-07-31,nic:22,index,97.2,
wpi,2022-23,2024-07-31,nic:22/other_rubber_products,index,104.9,
wpi,2022-23,2024-07-31,nic:22/plastics_products,index,95.3,
wpi,2022-23,2024-07-31,nic:22/rubber_tyres_and_tubes_retreading_and_rebuilding_of_rubber_tyres,index,100.6,
wpi,2022-23,2024-07-31,nic:23,index,94.8,
wpi,2022-23,2024-07-31,nic:23/articles_of_concrete_cement_and_plaster,index,103.9,
wpi,2022-23,2024-07-31,nic:23/cement_lime_and_plaster,index,91.6,
wpi,2022-23,2024-07-31,nic:23/clay_building_materials,index,103.8,
wpi,2022-23,2024-07-31,nic:23/cutting_shaping_and_finishing_of_stone,index,107.9,
wpi,2022-23,2024-07-31,nic:23/glass_and_glass_products,index,96.9,
wpi,2022-23,2024-07-31,nic:23/other_porcelain_and_ceramic_products,index,103.2,
wpi,2022-23,2024-07-31,nic:23/refractory_products,index,95.7,
wpi,2022-23,2024-07-31,nic:24,index,93.0,
wpi,2022-23,2024-07-31,nic:24/basic_iron_and_steel,index,89.1,
wpi,2022-23,2024-07-31,nic:24/basic_precious_and_other_non_ferrous_metals,index,109.6,
wpi,2022-23,2024-07-31,nic:24/casting_of_iron_and_steel,index,93.5,
wpi,2022-23,2024-07-31,nic:25,index,100.0,
wpi,2022-23,2024-07-31,nic:25/cutlery_hand_tools_and_general_hardware,index,99.4,
wpi,2022-23,2024-07-31,nic:25/forging_pressing_stamping_and_roll_forming_of_metal_powder_metallurgy,index,96.3,
wpi,2022-23,2024-07-31,nic:25/other_fabricated_metal_products,index,102.5,
wpi,2022-23,2024-07-31,nic:25/steam_generators_except_central_heating_hot_water_boilers,index,106.0,
wpi,2022-23,2024-07-31,nic:25/structural_metal_products,index,100.4,
wpi,2022-23,2024-07-31,nic:25/tanks_reservoirs_and_containers_of_metal,index,98.3,
wpi,2022-23,2024-07-31,nic:25/treatment_and_coating_of_metals_machining,index,89.9,
wpi,2022-23,2024-07-31,nic:25/weapons_and_ammunition,index,90.2,
wpi,2022-23,2024-07-31,nic:26,index,98.4,
wpi,2022-23,2024-07-31,nic:26/communication_equipment,index,96.6,
wpi,2022-23,2024-07-31,nic:26/computers_and_peripheral_equipment,index,102.0,
wpi,2022-23,2024-07-31,nic:26/consumer_electronics,index,99.3,
wpi,2022-23,2024-07-31,nic:26/irradiation_electromedical_and_electrotherapeutic_equipment,index,108.6,
wpi,2022-23,2024-07-31,nic:26/magnetic_and_optical_media,index,78.5,
wpi,2022-23,2024-07-31,nic:26/measuring_testing_navigating_and_control_equipment,index,111.7,
wpi,2022-23,2024-07-31,nic:26/optical_instruments_and_photographic_equipment,index,110.0,
wpi,2022-23,2024-07-31,nic:26/other_electronic_components_and_boards,index,96.6,
wpi,2022-23,2024-07-31,nic:26/solar_cells_solar_panels_and_photovoltaic_inverters,index,100.8,
wpi,2022-23,2024-07-31,nic:26/watches_and_clocks,index,115.2,
wpi,2022-23,2024-07-31,nic:27,index,102.6,
wpi,2022-23,2024-07-31,nic:27/batteries_and_accumulators,index,99.6,
wpi,2022-23,2024-07-31,nic:27/domestic_appliances,index,98.3,
wpi,2022-23,2024-07-31,nic:27/electric_lighting_equipment,index,89.4,
wpi,2022-23,2024-07-31,nic:27/electric_motors_generators_transformers_and_electricity_distribution_and_control_apparatus,index,104.9,
wpi,2022-23,2024-07-31,nic:27/fibre_optic_cables,index,97.6,
wpi,2022-23,2024-07-31,nic:27/other_electrical_equipment,index,96.9,
wpi,2022-23,2024-07-31,nic:27/other_electronic_and_electric_wires_and_cables,index,108.5,
wpi,2022-23,2024-07-31,nic:27/wiring_devices,index,103.6,
wpi,2022-23,2024-07-31,nic:28,index,102.2,
wpi,2022-23,2024-07-31,nic:28/agricultural_and_forestry_machinery,index,103.0,
wpi,2022-23,2024-07-31,nic:28/bearings_gears_gearing_and_driving_elements,index,102.5,
wpi,2022-23,2024-07-31,nic:28/engines_and_turbines_except_aircraft_vehicle_and_cycle_engines,index,98.8,
wpi,2022-23,2024-07-31,nic:28/fluid_power_equipment,index,103.4,
wpi,2022-23,2024-07-31,nic:28/lifting_and_handling_equipment,index,101.4,
wpi,2022-23,2024-07-31,nic:28/machinery_for_food_beverage_and_tobacco_processing,index,102.6,
wpi,2022-23,2024-07-31,nic:28/machinery_for_metallurgy,index,103.4,
wpi,2022-23,2024-07-31,nic:28/machinery_for_mining_quarrying_and_construction,index,105.0,
wpi,2022-23,2024-07-31,nic:28/machinery_for_textile_apparel_and_leather_production,index,105.4,
wpi,2022-23,2024-07-31,nic:28/metal_forming_machinery_and_machine_tools,index,104.9,
wpi,2022-23,2024-07-31,nic:28/other_general_purpose_machinery,index,100.1,
wpi,2022-23,2024-07-31,nic:28/other_pumps_compressors_taps_and_valves,index,101.8,
wpi,2022-23,2024-07-31,nic:28/other_special_purpose_machinery,index,100.1,
wpi,2022-23,2024-07-31,nic:28/ovens_furnaces_and_permanent_household_heating_equipment,index,106.6,
wpi,2022-23,2024-07-31,nic:28/power_driven_hand_tools,index,104.9,
wpi,2022-23,2024-07-31,nic:29,index,106.2,
wpi,2022-23,2024-07-31,nic:29/bodies_coachwork_for_motor_vehicles_manufacture_of_trailers_and_semi_trailers,index,102.9,
wpi,2022-23,2024-07-31,nic:29/motor_vehicles,index,112.1,
wpi,2022-23,2024-07-31,nic:29/parts_and_accessories_for_motor_vehicles,index,99.0,
wpi,2022-23,2024-07-31,nic:30,index,101.0,
wpi,2022-23,2024-07-31,nic:30/air_and_spacecraft_and_related_machinery,index,111.7,
wpi,2022-23,2024-07-31,nic:30/bicycles_and_invalid_carriages,index,102.2,
wpi,2022-23,2024-07-31,nic:30/building_of_ships_and_floating_structures,index,101.7,
wpi,2022-23,2024-07-31,nic:30/motorcycles,index,100.6,
wpi,2022-23,2024-07-31,nic:30/other_transport_equipment,index,99.0,
wpi,2022-23,2024-07-31,nic:30/railway_locomotives_and_rolling_stock,index,100.9,
wpi,2022-23,2024-07-31,nic:31,index,101.7,
wpi,2022-23,2024-07-31,nic:31/other_furniture,index,98.0,
wpi,2022-23,2024-07-31,nic:31/wooden_furniture,index,103.8,
wpi,2022-23,2024-07-31,nic:32,index,110.3,
wpi,2022-23,2024-07-31,nic:32/games_and_toys,index,107.4,
wpi,2022-23,2024-07-31,nic:32/imitation_jewellery_and_related_articles,index,118.1,
wpi,2022-23,2024-07-31,nic:32/jewellery_and_related_articles,index,111.5,
wpi,2022-23,2024-07-31,nic:32/medical_and_dental_instruments_and_supplies,index,102.0,
wpi,2022-23,2024-07-31,nic:32/musical_instruments,index,111.5,
wpi,2022-23,2024-07-31,nic:32/other_manufacturing,index,107.1,
wpi,2022-23,2024-07-31,nic:32/sports_goods,index,107.9,
wpi,2022-23,2024-07-31,wpi:all,index,101.0,
wpi,2022-23,2024-07-31,wpi:food_index,index,112.1,
wpi,2022-23,2024-07-31,wpi:fuel_power,index,91.2,
wpi,2022-23,2024-07-31,wpi:fuel_power/coal_and_lignite,index,90.0,
wpi,2022-23,2024-07-31,wpi:fuel_power/coal_and_lignite/coking_coal,index,90.0,
wpi,2022-23,2024-07-31,wpi:fuel_power/coal_and_lignite/coking_coal/coking_coal,index,90.0,
wpi,2022-23,2024-07-31,wpi:fuel_power/coal_and_lignite/lignite,index,65.2,
wpi,2022-23,2024-07-31,wpi:fuel_power/coal_and_lignite/non_coking_coal,index,90.9,
wpi,2022-23,2024-07-31,wpi:fuel_power/coal_and_lignite/non_coking_coal/non_coking_coal_g15_to_g17_gcv_3100_kcal_kg,index,95.9,
wpi,2022-23,2024-07-31,wpi:fuel_power/coal_and_lignite/non_coking_coal/non_coking_coal_g1_to_g6_gcv_exceeding_5500_kcal_kg,index,96.7,
wpi,2022-23,2024-07-31,wpi:fuel_power/coal_and_lignite/non_coking_coal/non_coking_coal_g7_to_g14_gcv_3100_kcal_kg_to_5500_kcal_kg,index,89.9,
wpi,2022-23,2024-07-31,wpi:fuel_power/crude_petroleum_natural_gas,index,102.3,
wpi,2022-23,2024-07-31,wpi:fuel_power/electricity,index,92.9,
wpi,2022-23,2024-07-31,wpi:fuel_power/electricity/hydro_electricity,index,81.5,
wpi,2022-23,2024-07-31,wpi:fuel_power/electricity/nuclear,index,102.0,
wpi,2022-23,2024-07-31,wpi:fuel_power/electricity/solar,index,96.6,
wpi,2022-23,2024-07-31,wpi:fuel_power/electricity/thermal_electricity,index,92.9,
wpi,2022-23,2024-07-31,wpi:fuel_power/electricity/wind,index,107.2,
wpi,2022-23,2024-07-31,wpi:fuel_power/mineral_oils,index,89.4,
wpi,2022-23,2024-07-31,wpi:manufactured,index,98.8,
wpi,2022-23,2024-07-31,wpi:primary,index,113.1,
wpi,2022-23,2024-07-31,wpi:primary/food_articles,index,118.2,
wpi,2022-23,2024-07-31,wpi:primary/food_articles/condiments_spices,index,144.7,
wpi,2022-23,2024-07-31,wpi:primary/food_articles/eggs_meat_fish,index,101.4,
wpi,2022-23,2024-07-31,wpi:primary/food_articles/food_grains_cereals_pulses,index,117.7,
wpi,2022-23,2024-07-31,wpi:primary/food_articles/food_grains_cereals_pulses/cereals,index,115.7,
wpi,2022-23,2024-07-31,wpi:primary/food_articles/food_grains_cereals_pulses/pulses,index,128.2,
wpi,2022-23,2024-07-31,wpi:primary/food_articles/fruits_vegetables,index,138.6,
wpi,2022-23,2024-07-31,wpi:primary/food_articles/fruits_vegetables/fruits,index,108.3,
wpi,2022-23,2024-07-31,wpi:primary/food_articles/fruits_vegetables/vegetables,index,167.8,
wpi,2022-23,2024-07-31,wpi:primary/food_articles/milk,index,111.5,
wpi,2022-23,2024-07-31,wpi:primary/food_articles/other_food_articles,index,109.9,
wpi,2022-23,2024-07-31,wpi:primary/minerals,index,115.5,
wpi,2022-23,2024-07-31,wpi:primary/minerals/metallic_minerals,index,118.6,
wpi,2022-23,2024-07-31,wpi:primary/minerals/minor_minerals,index,115.5,
wpi,2022-23,2024-07-31,wpi:primary/minerals/other_minerals,index,104.2,
wpi,2022-23,2024-07-31,wpi:primary/non_food_articles,index,97.8,
wpi,2022-23,2024-07-31,wpi:primary/non_food_articles/fibres,index,78.8,
wpi,2022-23,2024-07-31,wpi:primary/non_food_articles/floriculture,index,96.6,
wpi,2022-23,2024-07-31,wpi:primary/non_food_articles/medicinal_plants,index,82.3,
wpi,2022-23,2024-07-31,wpi:primary/non_food_articles/oil_seeds,index,90.0,
wpi,2022-23,2024-07-31,wpi:primary/non_food_articles/other_non_food_articles,index,103.4,
wpi,2022-23,2024-08-31,nic:10,index,101.8,
wpi,2022-23,2024-08-31,nic:10/bakery_products,index,99.8,
wpi,2022-23,2024-08-31,nic:10/cocoa_chocolate_and_sugar_confectionery,index,110.3,
wpi,2022-23,2024-08-31,nic:10/dairy_products,index,103.5,
wpi,2022-23,2024-08-31,nic:10/grain_mill_products,index,114.4,
wpi,2022-23,2024-08-31,nic:10/macaroni_noodles_couscous_and_similar_farinaceous_products,index,104.3,
wpi,2022-23,2024-08-31,nic:10/other_food_products,index,104.1,
wpi,2022-23,2024-08-31,nic:10/prepared_animal_feeds,index,100.5,
wpi,2022-23,2024-08-31,nic:10/processing_and_preserving_of_fish_crustaceans_and_molluscs,index,95.4,
wpi,2022-23,2024-08-31,nic:10/processing_and_preserving_of_fruit_and_vegetables,index,108.1,
wpi,2022-23,2024-08-31,nic:10/processing_and_preserving_of_meat,index,112.9,
wpi,2022-23,2024-08-31,nic:10/processing_of_coffee_and_tea,index,122.4,
wpi,2022-23,2024-08-31,nic:10/starches_and_starch_products,index,104.1,
wpi,2022-23,2024-08-31,nic:10/sugar,index,109.1,
wpi,2022-23,2024-08-31,nic:10/vegetable_and_animal_oils_and_fats,index,80.7,
wpi,2022-23,2024-08-31,nic:11,index,103.7,
wpi,2022-23,2024-08-31,nic:11/beer,index,105.0,
wpi,2022-23,2024-08-31,nic:11/distilling_rectifying_and_blending_of_spirits,index,108.4,
wpi,2022-23,2024-08-31,nic:11/soft_drinks_production_of_mineral_waters_and_other_bottled_waters,index,102.1,
wpi,2022-23,2024-08-31,nic:11/wines,index,108.0,
wpi,2022-23,2024-08-31,nic:12,index,107.0,
wpi,2022-23,2024-08-31,nic:12/tobacco_products,index,107.0,
wpi,2022-23,2024-08-31,nic:13,index,92.3,
wpi,2022-23,2024-08-31,nic:13/carpets_and_rugs,index,105.0,
wpi,2022-23,2024-08-31,nic:13/cordage_rope_twine_and_netting,index,103.8,
wpi,2022-23,2024-08-31,nic:13/knitted_and_crocheted_fabrics,index,93.4,
wpi,2022-23,2024-08-31,nic:13/made_up_textile_articles_except_apparel,index,101.7,
wpi,2022-23,2024-08-31,nic:13/other_textiles,index,102.6,
wpi,2022-23,2024-08-31,nic:13/preparation_and_spinning_of_textile_fibres,index,88.5,
wpi,2022-23,2024-08-31,nic:13/weaving_of_textiles,index,95.6,
wpi,2022-23,2024-08-31,nic:14,index,105.2,
wpi,2022-23,2024-08-31,nic:14/knitted_and_crocheted_apparel,index,105.4,
wpi,2022-23,2024-08-31,nic:14/wearing_apparel_except_fur_apparel,index,105.1,
wpi,2022-23,2024-08-31,nic:15,index,103.3,
wpi,2022-23,2024-08-31,nic:15/footwear,index,102.3,
wpi,2022-23,2024-08-31,nic:15/luggage_handbags_and_the_like_saddlery_and_harness_of_any_material,index,106.1,
wpi,2022-23,2024-08-31,nic:15/tanning_and_dressing_of_leather_dressing_and_dyeing_of_fur,index,106.4,
wpi,2022-23,2024-08-31,nic:16,index,103.3,
wpi,2022-23,2024-08-31,nic:16/other_products_of_wood_manufacture_of_articles_of_cork_straw_and_plaiting_materials,index,108.6,
wpi,2022-23,2024-08-31,nic:16/sawmilling_and_planing_of_wood,index,102.2,
wpi,2022-23,2024-08-31,nic:16/veneer_sheets_and_wood_based_panels,index,103.4,
wpi,2022-23,2024-08-31,nic:16/wooden_containers,index,102.8,
wpi,2022-23,2024-08-31,nic:17,index,90.7,
wpi,2022-23,2024-08-31,nic:17/corrugated_paper_and_paperboard_and_of_containers_of_paper_and_paperboard,index,90.9,
wpi,2022-23,2024-08-31,nic:17/other_articles_of_paper_and_paperboard,index,86.9,
wpi,2022-23,2024-08-31,nic:17/pulp_paper_and_paperboard,index,92.6,
wpi,2022-23,2024-08-31,nic:18,index,104.0,
wpi,2022-23,2024-08-31,nic:18/printing,index,104.0,
wpi,2022-23,2024-08-31,nic:20,index,91.6,
wpi,2022-23,2024-08-31,nic:20/basic_chemicals,index,86.6,
wpi,2022-23,2024-08-31,nic:20/fertilizers_and_nitrogen_compounds,index,93.3,
wpi,2022-23,2024-08-31,nic:20/man_made_fibres,index,95.6,
wpi,2022-23,2024-08-31,nic:20/other_chemical_products,index,89.8,
wpi,2022-23,2024-08-31,nic:20/paints_varnishes_and_similar_coatings_printing_ink_and_mastics,index,90.8,
wpi,2022-23,2024-08-31,nic:20/pesticides_and_other_agrochemical_products,index,89.4,
wpi,2022-23,2024-08-31,nic:20/plastics_and_synthetic_rubber_in_primary_forms,index,92.4,
wpi,2022-23,2024-08-31,nic:20/soap_and_detergents_cleaning_and_polishing_preparations_perfumes_and_toilet_preparations,index,97.9,
wpi,2022-23,2024-08-31,nic:21,index,100.2,
wpi,2022-23,2024-08-31,nic:21/pharmaceuticals_medicinal_chemical_and_botanical_products,index,100.2,
wpi,2022-23,2024-08-31,nic:22,index,97.0,
wpi,2022-23,2024-08-31,nic:22/other_rubber_products,index,106.1,
wpi,2022-23,2024-08-31,nic:22/plastics_products,index,94.7,
wpi,2022-23,2024-08-31,nic:22/rubber_tyres_and_tubes_retreading_and_rebuilding_of_rubber_tyres,index,101.3,
wpi,2022-23,2024-08-31,nic:23,index,94.4,
wpi,2022-23,2024-08-31,nic:23/articles_of_concrete_cement_and_plaster,index,103.9,
wpi,2022-23,2024-08-31,nic:23/cement_lime_and_plaster,index,90.8,
wpi,2022-23,2024-08-31,nic:23/clay_building_materials,index,103.6,
wpi,2022-23,2024-08-31,nic:23/cutting_shaping_and_finishing_of_stone,index,108.6,
wpi,2022-23,2024-08-31,nic:23/glass_and_glass_products,index,97.0,
wpi,2022-23,2024-08-31,nic:23/other_porcelain_and_ceramic_products,index,102.4,
wpi,2022-23,2024-08-31,nic:23/refractory_products,index,96.0,
wpi,2022-23,2024-08-31,nic:24,index,91.0,
wpi,2022-23,2024-08-31,nic:24/basic_iron_and_steel,index,86.9,
wpi,2022-23,2024-08-31,nic:24/basic_precious_and_other_non_ferrous_metals,index,107.8,
wpi,2022-23,2024-08-31,nic:24/casting_of_iron_and_steel,index,93.8,
wpi,2022-23,2024-08-31,nic:25,index,99.7,
wpi,2022-23,2024-08-31,nic:25/cutlery_hand_tools_and_general_hardware,index,99.5,
wpi,2022-23,2024-08-31,nic:25/forging_pressing_stamping_and_roll_forming_of_metal_powder_metallurgy,index,96.2,
wpi,2022-23,2024-08-31,nic:25/other_fabricated_metal_products,index,102.3,
wpi,2022-23,2024-08-31,nic:25/steam_generators_except_central_heating_hot_water_boilers,index,105.1,
wpi,2022-23,2024-08-31,nic:25/structural_metal_products,index,100.0,
wpi,2022-23,2024-08-31,nic:25/tanks_reservoirs_and_containers_of_metal,index,97.9,
wpi,2022-23,2024-08-31,nic:25/treatment_and_coating_of_metals_machining,index,88.7,
wpi,2022-23,2024-08-31,nic:25/weapons_and_ammunition,index,92.4,
wpi,2022-23,2024-08-31,nic:26,index,97.6,
wpi,2022-23,2024-08-31,nic:26/communication_equipment,index,95.6,
wpi,2022-23,2024-08-31,nic:26/computers_and_peripheral_equipment,index,100.4,
wpi,2022-23,2024-08-31,nic:26/consumer_electronics,index,100.8,
wpi,2022-23,2024-08-31,nic:26/irradiation_electromedical_and_electrotherapeutic_equipment,index,107.7,
wpi,2022-23,2024-08-31,nic:26/magnetic_and_optical_media,index,84.0,
wpi,2022-23,2024-08-31,nic:26/measuring_testing_navigating_and_control_equipment,index,111.1,
wpi,2022-23,2024-08-31,nic:26/optical_instruments_and_photographic_equipment,index,109.5,
wpi,2022-23,2024-08-31,nic:26/other_electronic_components_and_boards,index,95.8,
wpi,2022-23,2024-08-31,nic:26/solar_cells_solar_panels_and_photovoltaic_inverters,index,98.1,
wpi,2022-23,2024-08-31,nic:26/watches_and_clocks,index,115.1,
wpi,2022-23,2024-08-31,nic:27,index,102.9,
wpi,2022-23,2024-08-31,nic:27/batteries_and_accumulators,index,99.9,
wpi,2022-23,2024-08-31,nic:27/domestic_appliances,index,98.5,
wpi,2022-23,2024-08-31,nic:27/electric_lighting_equipment,index,89.3,
wpi,2022-23,2024-08-31,nic:27/electric_motors_generators_transformers_and_electricity_distribution_and_control_apparatus,index,106.3,
wpi,2022-23,2024-08-31,nic:27/fibre_optic_cables,index,98.9,
wpi,2022-23,2024-08-31,nic:27/other_electrical_equipment,index,97.6,
wpi,2022-23,2024-08-31,nic:27/other_electronic_and_electric_wires_and_cables,index,107.6,
wpi,2022-23,2024-08-31,nic:27/wiring_devices,index,103.4,
wpi,2022-23,2024-08-31,nic:28,index,102.3,
wpi,2022-23,2024-08-31,nic:28/agricultural_and_forestry_machinery,index,103.2,
wpi,2022-23,2024-08-31,nic:28/bearings_gears_gearing_and_driving_elements,index,101.4,
wpi,2022-23,2024-08-31,nic:28/engines_and_turbines_except_aircraft_vehicle_and_cycle_engines,index,98.5,
wpi,2022-23,2024-08-31,nic:28/fluid_power_equipment,index,103.3,
wpi,2022-23,2024-08-31,nic:28/lifting_and_handling_equipment,index,101.8,
wpi,2022-23,2024-08-31,nic:28/machinery_for_food_beverage_and_tobacco_processing,index,102.1,
wpi,2022-23,2024-08-31,nic:28/machinery_for_metallurgy,index,106.1,
wpi,2022-23,2024-08-31,nic:28/machinery_for_mining_quarrying_and_construction,index,105.2,
wpi,2022-23,2024-08-31,nic:28/machinery_for_textile_apparel_and_leather_production,index,105.9,
wpi,2022-23,2024-08-31,nic:28/metal_forming_machinery_and_machine_tools,index,105.9,
wpi,2022-23,2024-08-31,nic:28/other_general_purpose_machinery,index,100.7,
wpi,2022-23,2024-08-31,nic:28/other_pumps_compressors_taps_and_valves,index,101.6,
wpi,2022-23,2024-08-31,nic:28/other_special_purpose_machinery,index,99.5,
wpi,2022-23,2024-08-31,nic:28/ovens_furnaces_and_permanent_household_heating_equipment,index,112.7,
wpi,2022-23,2024-08-31,nic:28/power_driven_hand_tools,index,105.4,
wpi,2022-23,2024-08-31,nic:29,index,105.9,
wpi,2022-23,2024-08-31,nic:29/bodies_coachwork_for_motor_vehicles_manufacture_of_trailers_and_semi_trailers,index,102.5,
wpi,2022-23,2024-08-31,nic:29/motor_vehicles,index,111.7,
wpi,2022-23,2024-08-31,nic:29/parts_and_accessories_for_motor_vehicles,index,98.9,
wpi,2022-23,2024-08-31,nic:30,index,101.0,
wpi,2022-23,2024-08-31,nic:30/air_and_spacecraft_and_related_machinery,index,111.9,
wpi,2022-23,2024-08-31,nic:30/bicycles_and_invalid_carriages,index,102.3,
wpi,2022-23,2024-08-31,nic:30/building_of_ships_and_floating_structures,index,101.7,
wpi,2022-23,2024-08-31,nic:30/motorcycles,index,100.6,
wpi,2022-23,2024-08-31,nic:30/other_transport_equipment,index,99.0,
wpi,2022-23,2024-08-31,nic:30/railway_locomotives_and_rolling_stock,index,100.8,
wpi,2022-23,2024-08-31,nic:31,index,101.4,
wpi,2022-23,2024-08-31,nic:31/other_furniture,index,98.3,
wpi,2022-23,2024-08-31,nic:31/wooden_furniture,index,103.1,
wpi,2022-23,2024-08-31,nic:32,index,107.4,
wpi,2022-23,2024-08-31,nic:32/games_and_toys,index,107.3,
wpi,2022-23,2024-08-31,nic:32/imitation_jewellery_and_related_articles,index,118.9,
wpi,2022-23,2024-08-31,nic:32/jewellery_and_related_articles,index,108.0,
wpi,2022-23,2024-08-31,nic:32/medical_and_dental_instruments_and_supplies,index,100.9,
wpi,2022-23,2024-08-31,nic:32/musical_instruments,index,112.0,
wpi,2022-23,2024-08-31,nic:32/other_manufacturing,index,107.5,
wpi,2022-23,2024-08-31,nic:32/sports_goods,index,108.1,
wpi,2022-23,2024-08-31,wpi:all,index,100.8,
wpi,2022-23,2024-08-31,wpi:food_index,index,112.9,
wpi,2022-23,2024-08-31,wpi:fuel_power,index,90.9,
wpi,2022-23,2024-08-31,wpi:fuel_power/coal_and_lignite,index,89.7,
wpi,2022-23,2024-08-31,wpi:fuel_power/coal_and_lignite/coking_coal,index,89.2,
wpi,2022-23,2024-08-31,wpi:fuel_power/coal_and_lignite/coking_coal/coking_coal,index,89.2,
wpi,2022-23,2024-08-31,wpi:fuel_power/coal_and_lignite/lignite,index,65.2,
wpi,2022-23,2024-08-31,wpi:fuel_power/coal_and_lignite/non_coking_coal,index,90.7,
wpi,2022-23,2024-08-31,wpi:fuel_power/coal_and_lignite/non_coking_coal/non_coking_coal_g15_to_g17_gcv_3100_kcal_kg,index,94.1,
wpi,2022-23,2024-08-31,wpi:fuel_power/coal_and_lignite/non_coking_coal/non_coking_coal_g1_to_g6_gcv_exceeding_5500_kcal_kg,index,96.7,
wpi,2022-23,2024-08-31,wpi:fuel_power/coal_and_lignite/non_coking_coal/non_coking_coal_g7_to_g14_gcv_3100_kcal_kg_to_5500_kcal_kg,index,89.7,
wpi,2022-23,2024-08-31,wpi:fuel_power/crude_petroleum_natural_gas,index,99.3,
wpi,2022-23,2024-08-31,wpi:fuel_power/electricity,index,92.8,
wpi,2022-23,2024-08-31,wpi:fuel_power/electricity/hydro_electricity,index,79.2,
wpi,2022-23,2024-08-31,wpi:fuel_power/electricity/nuclear,index,101.1,
wpi,2022-23,2024-08-31,wpi:fuel_power/electricity/solar,index,98.5,
wpi,2022-23,2024-08-31,wpi:fuel_power/electricity/thermal_electricity,index,93.0,
wpi,2022-23,2024-08-31,wpi:fuel_power/electricity/wind,index,106.8,
wpi,2022-23,2024-08-31,wpi:fuel_power/mineral_oils,index,89.2,
wpi,2022-23,2024-08-31,wpi:manufactured,index,98.4,
wpi,2022-23,2024-08-31,wpi:primary,index,113.8,
wpi,2022-23,2024-08-31,wpi:primary/food_articles,index,119.1,
wpi,2022-23,2024-08-31,wpi:primary/food_articles/condiments_spices,index,151.9,
wpi,2022-23,2024-08-31,wpi:primary/food_articles/eggs_meat_fish,index,104.5,
wpi,2022-23,2024-08-31,wpi:primary/food_articles/food_grains_cereals_pulses,index,119.0,
wpi,2022-23,2024-08-31,wpi:primary/food_articles/food_grains_cereals_pulses/cereals,index,117.0,
wpi,2022-23,2024-08-31,wpi:primary/food_articles/food_grains_cereals_pulses/pulses,index,129.5,
wpi,2022-23,2024-08-31,wpi:primary/food_articles/fruits_vegetables,index,137.2,
wpi,2022-23,2024-08-31,wpi:primary/food_articles/fruits_vegetables/fruits,index,116.7,
wpi,2022-23,2024-08-31,wpi:primary/food_articles/fruits_vegetables/vegetables,index,157.0,
wpi,2022-23,2024-08-31,wpi:primary/food_articles/milk,index,111.4,
wpi,2022-23,2024-08-31,wpi:primary/food_articles/other_food_articles,index,109.7,
wpi,2022-23,2024-08-31,wpi:primary/minerals,index,113.1,
wpi,2022-23,2024-08-31,wpi:primary/minerals/metallic_minerals,index,114.9,
wpi,2022-23,2024-08-31,wpi:primary/minerals/minor_minerals,index,115.6,
wpi,2022-23,2024-08-31,wpi:primary/minerals/other_minerals,index,101.3,
wpi,2022-23,2024-08-31,wpi:primary/non_food_articles,index,98.7,
wpi,2022-23,2024-08-31,wpi:primary/non_food_articles/fibres,index,77.5,
wpi,2022-23,2024-08-31,wpi:primary/non_food_articles/floriculture,index,99.7,
wpi,2022-23,2024-08-31,wpi:primary/non_food_articles/medicinal_plants,index,79.9,
wpi,2022-23,2024-08-31,wpi:primary/non_food_articles/oil_seeds,index,89.3,
wpi,2022-23,2024-08-31,wpi:primary/non_food_articles/other_non_food_articles,index,105.0,
wpi,2022-23,2024-09-30,nic:10,index,103.3,
wpi,2022-23,2024-09-30,nic:10/bakery_products,index,100.1,
wpi,2022-23,2024-09-30,nic:10/cocoa_chocolate_and_sugar_confectionery,index,111.8,
wpi,2022-23,2024-09-30,nic:10/dairy_products,index,103.7,
wpi,2022-23,2024-09-30,nic:10/grain_mill_products,index,115.1,
wpi,2022-23,2024-09-30,nic:10/macaroni_noodles_couscous_and_similar_farinaceous_products,index,106.8,
wpi,2022-23,2024-09-30,nic:10/other_food_products,index,104.0,
wpi,2022-23,2024-09-30,nic:10/prepared_animal_feeds,index,100.9,
wpi,2022-23,2024-09-30,nic:10/processing_and_preserving_of_fish_crustaceans_and_molluscs,index,96.5,
wpi,2022-23,2024-09-30,nic:10/processing_and_preserving_of_fruit_and_vegetables,index,109.7,
wpi,2022-23,2024-09-30,nic:10/processing_and_preserving_of_meat,index,112.3,
wpi,2022-23,2024-09-30,nic:10/processing_of_coffee_and_tea,index,122.5,
wpi,2022-23,2024-09-30,nic:10/starches_and_starch_products,index,104.6,
wpi,2022-23,2024-09-30,nic:10/sugar,index,107.7,
wpi,2022-23,2024-09-30,nic:10/vegetable_and_animal_oils_and_fats,index,86.8,
wpi,2022-23,2024-09-30,nic:11,index,103.9,
wpi,2022-23,2024-09-30,nic:11/beer,index,105.5,
wpi,2022-23,2024-09-30,nic:11/distilling_rectifying_and_blending_of_spirits,index,109.0,
wpi,2022-23,2024-09-30,nic:11/soft_drinks_production_of_mineral_waters_and_other_bottled_waters,index,102.1,
wpi,2022-23,2024-09-30,nic:11/wines,index,107.0,
wpi,2022-23,2024-09-30,nic:12,index,107.5,
wpi,2022-23,2024-09-30,nic:12/tobacco_products,index,107.5,
wpi,2022-23,2024-09-30,nic:13,index,92.7,
wpi,2022-23,2024-09-30,nic:13/carpets_and_rugs,index,106.5,
wpi,2022-23,2024-09-30,nic:13/cordage_rope_twine_and_netting,index,103.7,
wpi,2022-23,2024-09-30,nic:13/knitted_and_crocheted_fabrics,index,93.3,
wpi,2022-23,2024-09-30,nic:13/made_up_textile_articles_except_apparel,index,102.0,
wpi,2022-23,2024-09-30,nic:13/other_textiles,index,101.4,
wpi,2022-23,2024-09-30,nic:13/preparation_and_spinning_of_textile_fibres,index,89.0,
wpi,2022-23,2024-09-30,nic:13/weaving_of_textiles,index,95.9,
wpi,2022-23,2024-09-30,nic:14,index,105.6,
wpi,2022-23,2024-09-30,nic:14/knitted_and_crocheted_apparel,index,105.4,
wpi,2022-23,2024-09-30,nic:14/wearing_apparel_except_fur_apparel,index,105.8,
wpi,2022-23,2024-09-30,nic:15,index,103.6,
wpi,2022-23,2024-09-30,nic:15/footwear,index,103.0,
wpi,2022-23,2024-09-30,nic:15/luggage_handbags_and_the_like_saddlery_and_harness_of_any_material,index,105.0,
wpi,2022-23,2024-09-30,nic:15/tanning_and_dressing_of_leather_dressing_and_dyeing_of_fur,index,106.2,
wpi,2022-23,2024-09-30,nic:16,index,105.0,
wpi,2022-23,2024-09-30,nic:16/other_products_of_wood_manufacture_of_articles_of_cork_straw_and_plaiting_materials,index,108.7,
wpi,2022-23,2024-09-30,nic:16/sawmilling_and_planing_of_wood,index,106.6,
wpi,2022-23,2024-09-30,nic:16/veneer_sheets_and_wood_based_panels,index,105.1,
wpi,2022-23,2024-09-30,nic:16/wooden_containers,index,103.2,
wpi,2022-23,2024-09-30,nic:17,index,91.0,
wpi,2022-23,2024-09-30,nic:17/corrugated_paper_and_paperboard_and_of_containers_of_paper_and_paperboard,index,91.1,
wpi,2022-23,2024-09-30,nic:17/other_articles_of_paper_and_paperboard,index,85.2,
wpi,2022-23,2024-09-30,nic:17/pulp_paper_and_paperboard,index,94.0,
wpi,2022-23,2024-09-30,nic:18,index,104.7,
wpi,2022-23,2024-09-30,nic:18/printing,index,104.7,
wpi,2022-23,2024-09-30,nic:20,index,90.7,
wpi,2022-23,2024-09-30,nic:20/basic_chemicals,index,84.3,
wpi,2022-23,2024-09-30,nic:20/fertilizers_and_nitrogen_compounds,index,93.3,
wpi,2022-23,2024-09-30,nic:20/man_made_fibres,index,93.3,
wpi,2022-23,2024-09-30,nic:20/other_chemical_products,index,89.2,
wpi,2022-23,2024-09-30,nic:20/paints_varnishes_and_similar_coatings_printing_ink_and_mastics,index,91.1,
wpi,2022-23,2024-09-30,nic:20/pesticides_and_other_agrochemical_products,index,88.8,
wpi,2022-23,2024-09-30,nic:20/plastics_and_synthetic_rubber_in_primary_forms,index,91.1,
wpi,2022-23,2024-09-30,nic:20/soap_and_detergents_cleaning_and_polishing_preparations_perfumes_and_toilet_preparations,index,98.2,
wpi,2022-23,2024-09-30,nic:21,index,100.0,
wpi,2022-23,2024-09-30,nic:21/pharmaceuticals_medicinal_chemical_and_botanical_products,index,100.0,
wpi,2022-23,2024-09-30,nic:22,index,96.7,
wpi,2022-23,2024-09-30,nic:22/other_rubber_products,index,105.9,
wpi,2022-23,2024-09-30,nic:22/plastics_products,index,94.2,
wpi,2022-23,2024-09-30,nic:22/rubber_tyres_and_tubes_retreading_and_rebuilding_of_rubber_tyres,index,101.4,
wpi,2022-23,2024-09-30,nic:23,index,95.9,
wpi,2022-23,2024-09-30,nic:23/articles_of_concrete_cement_and_plaster,index,103.8,
wpi,2022-23,2024-09-30,nic:23/cement_lime_and_plaster,index,93.4,
wpi,2022-23,2024-09-30,nic:23/clay_building_materials,index,104.8,
wpi,2022-23,2024-09-30,nic:23/cutting_shaping_and_finishing_of_stone,index,110.5,
wpi,2022-23,2024-09-30,nic:23/glass_and_glass_products,index,96.7,
wpi,2022-23,2024-09-30,nic:23/other_porcelain_and_ceramic_products,index,102.8,
wpi,2022-23,2024-09-30,nic:23/refractory_products,index,95.8,
wpi,2022-23,2024-09-30,nic:24,index,90.2,
wpi,2022-23,2024-09-30,nic:24/basic_iron_and_steel,index,85.4,
wpi,2022-23,2024-09-30,nic:24/basic_precious_and_other_non_ferrous_metals,index,110.2,
wpi,2022-23,2024-09-30,nic:24/casting_of_iron_and_steel,index,92.9,
wpi,2022-23,2024-09-30,nic:25,index,99.2,
wpi,2022-23,2024-09-30,nic:25/cutlery_hand_tools_and_general_hardware,index,99.2,
wpi,2022-23,2024-09-30,nic:25/forging_pressing_stamping_and_roll_forming_of_metal_powder_metallurgy,index,97.7,
wpi,2022-23,2024-09-30,nic:25/other_fabricated_metal_products,index,101.9,
wpi,2022-23,2024-09-30,nic:25/steam_generators_except_central_heating_hot_water_boilers,index,107.0,
wpi,2022-23,2024-09-30,nic:25/structural_metal_products,index,99.5,
wpi,2022-23,2024-09-30,nic:25/tanks_reservoirs_and_containers_of_metal,index,97.0,
wpi,2022-23,2024-09-30,nic:25/treatment_and_coating_of_metals_machining,index,86.3,
wpi,2022-23,2024-09-30,nic:25/weapons_and_ammunition,index,87.7,
wpi,2022-23,2024-09-30,nic:26,index,98.2,
wpi,2022-23,2024-09-30,nic:26/communication_equipment,index,96.7,
wpi,2022-23,2024-09-30,nic:26/computers_and_peripheral_equipment,index,100.1,
wpi,2022-23,2024-09-30,nic:26/consumer_electronics,index,101.8,
wpi,2022-23,2024-09-30,nic:26/irradiation_electromedical_and_electrotherapeutic_equipment,index,109.0,
wpi,2022-23,2024-09-30,nic:26/magnetic_and_optical_media,index,83.9,
wpi,2022-23,2024-09-30,nic:26/measuring_testing_navigating_and_control_equipment,index,109.0,
wpi,2022-23,2024-09-30,nic:26/optical_instruments_and_photographic_equipment,index,109.7,
wpi,2022-23,2024-09-30,nic:26/other_electronic_components_and_boards,index,96.3,
wpi,2022-23,2024-09-30,nic:26/solar_cells_solar_panels_and_photovoltaic_inverters,index,91.7,
wpi,2022-23,2024-09-30,nic:26/watches_and_clocks,index,115.9,
wpi,2022-23,2024-09-30,nic:27,index,101.9,
wpi,2022-23,2024-09-30,nic:27/batteries_and_accumulators,index,99.5,
wpi,2022-23,2024-09-30,nic:27/domestic_appliances,index,97.1,
wpi,2022-23,2024-09-30,nic:27/electric_lighting_equipment,index,89.9,
wpi,2022-23,2024-09-30,nic:27/electric_motors_generators_transformers_and_electricity_distribution_and_control_apparatus,index,104.6,
wpi,2022-23,2024-09-30,nic:27/fibre_optic_cables,index,98.1,
wpi,2022-23,2024-09-30,nic:27/other_electrical_equipment,index,96.9,
wpi,2022-23,2024-09-30,nic:27/other_electronic_and_electric_wires_and_cables,index,106.6,
wpi,2022-23,2024-09-30,nic:27/wiring_devices,index,103.7,
wpi,2022-23,2024-09-30,nic:28,index,102.7,
wpi,2022-23,2024-09-30,nic:28/agricultural_and_forestry_machinery,index,103.4,
wpi,2022-23,2024-09-30,nic:28/bearings_gears_gearing_and_driving_elements,index,102.5,
wpi,2022-23,2024-09-30,nic:28/engines_and_turbines_except_aircraft_vehicle_and_cycle_engines,index,98.7,
wpi,2022-23,2024-09-30,nic:28/fluid_power_equipment,index,103.2,
wpi,2022-23,2024-09-30,nic:28/lifting_and_handling_equipment,index,102.0,
wpi,2022-23,2024-09-30,nic:28/machinery_for_food_beverage_and_tobacco_processing,index,102.1,
wpi,2022-23,2024-09-30,nic:28/machinery_for_metallurgy,index,105.8,
wpi,2022-23,2024-09-30,nic:28/machinery_for_mining_quarrying_and_construction,index,104.9,
wpi,2022-23,2024-09-30,nic:28/machinery_for_textile_apparel_and_leather_production,index,106.7,
wpi,2022-23,2024-09-30,nic:28/metal_forming_machinery_and_machine_tools,index,105.8,
wpi,2022-23,2024-09-30,nic:28/other_general_purpose_machinery,index,101.1,
wpi,2022-23,2024-09-30,nic:28/other_pumps_compressors_taps_and_valves,index,103.0,
wpi,2022-23,2024-09-30,nic:28/other_special_purpose_machinery,index,99.2,
wpi,2022-23,2024-09-30,nic:28/ovens_furnaces_and_permanent_household_heating_equipment,index,111.3,
wpi,2022-23,2024-09-30,nic:28/power_driven_hand_tools,index,102.8,
wpi,2022-23,2024-09-30,nic:29,index,105.2,
wpi,2022-23,2024-09-30,nic:29/bodies_coachwork_for_motor_vehicles_manufacture_of_trailers_and_semi_trailers,index,102.4,
wpi,2022-23,2024-09-30,nic:29/motor_vehicles,index,110.3,
wpi,2022-23,2024-09-30,nic:29/parts_and_accessories_for_motor_vehicles,index,98.9,
wpi,2022-23,2024-09-30,nic:30,index,101.1,
wpi,2022-23,2024-09-30,nic:30/air_and_spacecraft_and_related_machinery,index,106.9,
wpi,2022-23,2024-09-30,nic:30/bicycles_and_invalid_carriages,index,101.8,
wpi,2022-23,2024-09-30,nic:30/building_of_ships_and_floating_structures,index,100.6,
wpi,2022-23,2024-09-30,nic:30/motorcycles,index,100.6,
wpi,2022-23,2024-09-30,nic:30/other_transport_equipment,index,99.2,
wpi,2022-23,2024-09-30,nic:30/railway_locomotives_and_rolling_stock,index,102.7,
wpi,2022-23,2024-09-30,nic:31,index,102.2,
wpi,2022-23,2024-09-30,nic:31/other_furniture,index,97.9,
wpi,2022-23,2024-09-30,nic:31/wooden_furniture,index,104.6,
wpi,2022-23,2024-09-30,nic:32,index,109.9,
wpi,2022-23,2024-09-30,nic:32/games_and_toys,index,103.7,
wpi,2022-23,2024-09-30,nic:32/imitation_jewellery_and_related_articles,index,116.8,
wpi,2022-23,2024-09-30,nic:32/jewellery_and_related_articles,index,111.1,
wpi,2022-23,2024-09-30,nic:32/medical_and_dental_instruments_and_supplies,index,101.6,
wpi,2022-23,2024-09-30,nic:32/musical_instruments,index,112.9,
wpi,2022-23,2024-09-30,nic:32/other_manufacturing,index,107.5,
wpi,2022-23,2024-09-30,nic:32/sports_goods,index,108.4,
wpi,2022-23,2024-09-30,wpi:all,index,101.2,
wpi,2022-23,2024-09-30,wpi:food_index,index,114.7,
wpi,2022-23,2024-09-30,wpi:fuel_power,index,90.1,
wpi,2022-23,2024-09-30,wpi:fuel_power/coal_and_lignite,index,90.8,
wpi,2022-23,2024-09-30,wpi:fuel_power/coal_and_lignite/coking_coal,index,89.3,
wpi,2022-23,2024-09-30,wpi:fuel_power/coal_and_lignite/coking_coal/coking_coal,index,89.3,
wpi,2022-23,2024-09-30,wpi:fuel_power/coal_and_lignite/lignite,index,65.2,
wpi,2022-23,2024-09-30,wpi:fuel_power/coal_and_lignite/non_coking_coal,index,92.0,
wpi,2022-23,2024-09-30,wpi:fuel_power/coal_and_lignite/non_coking_coal/non_coking_coal_g15_to_g17_gcv_3100_kcal_kg,index,95.1,
wpi,2022-23,2024-09-30,wpi:fuel_power/coal_and_lignite/non_coking_coal/non_coking_coal_g1_to_g6_gcv_exceeding_5500_kcal_kg,index,97.2,
wpi,2022-23,2024-09-30,wpi:fuel_power/coal_and_lignite/non_coking_coal/non_coking_coal_g7_to_g14_gcv_3100_kcal_kg_to_5500_kcal_kg,index,91.1,
wpi,2022-23,2024-09-30,wpi:fuel_power/crude_petroleum_natural_gas,index,93.3,
wpi,2022-23,2024-09-30,wpi:fuel_power/electricity,index,93.4,
wpi,2022-23,2024-09-30,wpi:fuel_power/electricity/hydro_electricity,index,87.4,
wpi,2022-23,2024-09-30,wpi:fuel_power/electricity/nuclear,index,101.3,
wpi,2022-23,2024-09-30,wpi:fuel_power/electricity/solar,index,96.6,
wpi,2022-23,2024-09-30,wpi:fuel_power/electricity/thermal_electricity,index,93.0,
wpi,2022-23,2024-09-30,wpi:fuel_power/electricity/wind,index,107.2,
wpi,2022-23,2024-09-30,wpi:fuel_power/mineral_oils,index,87.9,
wpi,2022-23,2024-09-30,wpi:manufactured,index,98.6,
wpi,2022-23,2024-09-30,wpi:primary,index,115.4,
wpi,2022-23,2024-09-30,wpi:primary/food_articles,index,121.2,
wpi,2022-23,2024-09-30,wpi:primary/food_articles/condiments_spices,index,162.3,
wpi,2022-23,2024-09-30,wpi:primary/food_articles/eggs_meat_fish,index,104.2,
wpi,2022-23,2024-09-30,wpi:primary/food_articles/food_grains_cereals_pulses,index,119.9,
wpi,2022-23,2024-09-30,wpi:primary/food_articles/food_grains_cereals_pulses/cereals,index,117.9,
wpi,2022-23,2024-09-30,wpi:primary/food_articles/food_grains_cereals_pulses/pulses,index,130.7,
wpi,2022-23,2024-09-30,wpi:primary/food_articles/fruits_vegetables,index,143.9,
wpi,2022-23,2024-09-30,wpi:primary/food_articles/fruits_vegetables/fruits,index,124.7,
wpi,2022-23,2024-09-30,wpi:primary/food_articles/fruits_vegetables/vegetables,index,162.4,
wpi,2022-23,2024-09-30,wpi:primary/food_articles/milk,index,111.0,
wpi,2022-23,2024-09-30,wpi:primary/food_articles/other_food_articles,index,111.5,
wpi,2022-23,2024-09-30,wpi:primary/minerals,index,110.4,
wpi,2022-23,2024-09-30,wpi:primary/minerals/metallic_minerals,index,109.7,
wpi,2022-23,2024-09-30,wpi:primary/minerals/minor_minerals,index,114.9,
wpi,2022-23,2024-09-30,wpi:primary/minerals/other_minerals,index,103.3,
wpi,2022-23,2024-09-30,wpi:primary/non_food_articles,index,99.9,
wpi,2022-23,2024-09-30,wpi:primary/non_food_articles/fibres,index,79.5,
wpi,2022-23,2024-09-30,wpi:primary/non_food_articles/floriculture,index,96.9,
wpi,2022-23,2024-09-30,wpi:primary/non_food_articles/medicinal_plants,index,83.2,
wpi,2022-23,2024-09-30,wpi:primary/non_food_articles/oil_seeds,index,92.4,
wpi,2022-23,2024-09-30,wpi:primary/non_food_articles/other_non_food_articles,index,105.8,
wpi,2022-23,2024-10-31,nic:10,index,105.5,
wpi,2022-23,2024-10-31,nic:10/bakery_products,index,101.7,
wpi,2022-23,2024-10-31,nic:10/cocoa_chocolate_and_sugar_confectionery,index,110.2,
wpi,2022-23,2024-10-31,nic:10/dairy_products,index,103.9,
wpi,2022-23,2024-10-31,nic:10/grain_mill_products,index,115.7,
wpi,2022-23,2024-10-31,nic:10/macaroni_noodles_couscous_and_similar_farinaceous_products,index,106.9,
wpi,2022-23,2024-10-31,nic:10/other_food_products,index,104.7,
wpi,2022-23,2024-10-31,nic:10/prepared_animal_feeds,index,100.1,
wpi,2022-23,2024-10-31,nic:10/processing_and_preserving_of_fish_crustaceans_and_molluscs,index,99.1,
wpi,2022-23,2024-10-31,nic:10/processing_and_preserving_of_fruit_and_vegetables,index,110.9,
wpi,2022-23,2024-10-31,nic:10/processing_and_preserving_of_meat,index,112.6,
wpi,2022-23,2024-10-31,nic:10/processing_of_coffee_and_tea,index,118.6,
wpi,2022-23,2024-10-31,nic:10/starches_and_starch_products,index,102.1,
wpi,2022-23,2024-10-31,nic:10/sugar,index,108.3,
wpi,2022-23,2024-10-31,nic:10/vegetable_and_animal_oils_and_fats,index,95.7,
wpi,2022-23,2024-10-31,nic:11,index,104.1,
wpi,2022-23,2024-10-31,nic:11/beer,index,105.7,
wpi,2022-23,2024-10-31,nic:11/distilling_rectifying_and_blending_of_spirits,index,109.2,
wpi,2022-23,2024-10-31,nic:11/soft_drinks_production_of_mineral_waters_and_other_bottled_waters,index,102.3,
wpi,2022-23,2024-10-31,nic:11/wines,index,109.0,
wpi,2022-23,2024-10-31,nic:12,index,107.0,
wpi,2022-23,2024-10-31,nic:12/tobacco_products,index,107.0,
wpi,2022-23,2024-10-31,nic:13,index,92.6,
wpi,2022-23,2024-10-31,nic:13/carpets_and_rugs,index,104.6,
wpi,2022-23,2024-10-31,nic:13/cordage_rope_twine_and_netting,index,104.6,
wpi,2022-23,2024-10-31,nic:13/knitted_and_crocheted_fabrics,index,95.1,
wpi,2022-23,2024-10-31,nic:13/made_up_textile_articles_except_apparel,index,101.4,
wpi,2022-23,2024-10-31,nic:13/other_textiles,index,101.6,
wpi,2022-23,2024-10-31,nic:13/preparation_and_spinning_of_textile_fibres,index,88.8,
wpi,2022-23,2024-10-31,nic:13/weaving_of_textiles,index,97.0,
wpi,2022-23,2024-10-31,nic:14,index,106.3,
wpi,2022-23,2024-10-31,nic:14/knitted_and_crocheted_apparel,index,106.0,
wpi,2022-23,2024-10-31,nic:14/wearing_apparel_except_fur_apparel,index,106.6,
wpi,2022-23,2024-10-31,nic:15,index,101.8,
wpi,2022-23,2024-10-31,nic:15/footwear,index,101.1,
wpi,2022-23,2024-10-31,nic:15/luggage_handbags_and_the_like_saddlery_and_harness_of_any_material,index,103.3,
wpi,2022-23,2024-10-31,nic:15/tanning_and_dressing_of_leather_dressing_and_dyeing_of_fur,index,104.9,
wpi,2022-23,2024-10-31,nic:16,index,104.7,
wpi,2022-23,2024-10-31,nic:16/other_products_of_wood_manufacture_of_articles_of_cork_straw_and_plaiting_materials,index,109.2,
wpi,2022-23,2024-10-31,nic:16/sawmilling_and_planing_of_wood,index,104.0,
wpi,2022-23,2024-10-31,nic:16/veneer_sheets_and_wood_based_panels,index,104.7,
wpi,2022-23,2024-10-31,nic:16/wooden_containers,index,104.6,
wpi,2022-23,2024-10-31,nic:17,index,91.2,
wpi,2022-23,2024-10-31,nic:17/corrugated_paper_and_paperboard_and_of_containers_of_paper_and_paperboard,index,90.9,
wpi,2022-23,2024-10-31,nic:17/other_articles_of_paper_and_paperboard,index,83.9,
wpi,2022-23,2024-10-31,nic:17/pulp_paper_and_paperboard,index,95.1,
wpi,2022-23,2024-10-31,nic:18,index,105.1,
wpi,2022-23,2024-10-31,nic:18/printing,index,105.1,
wpi,2022-23,2024-10-31,nic:20,index,90.6,
wpi,2022-23,2024-10-31,nic:20/basic_chemicals,index,84.4,
wpi,2022-23,2024-10-31,nic:20/fertilizers_and_nitrogen_compounds,index,93.3,
wpi,2022-23,2024-10-31,nic:20/man_made_fibres,index,92.2,
wpi,2022-23,2024-10-31,nic:20/other_chemical_products,index,88.8,
wpi,2022-23,2024-10-31,nic:20/paints_varnishes_and_similar_coatings_printing_ink_and_mastics,index,91.4,
wpi,2022-23,2024-10-31,nic:20/pesticides_and_other_agrochemical_products,index,88.9,
wpi,2022-23,2024-10-31,nic:20/plastics_and_synthetic_rubber_in_primary_forms,index,90.6,
wpi,2022-23,2024-10-31,nic:20/soap_and_detergents_cleaning_and_polishing_preparations_perfumes_and_toilet_preparations,index,98.0,
wpi,2022-23,2024-10-31,nic:21,index,99.9,
wpi,2022-23,2024-10-31,nic:21/pharmaceuticals_medicinal_chemical_and_botanical_products,index,99.9,
wpi,2022-23,2024-10-31,nic:22,index,96.8,
wpi,2022-23,2024-10-31,nic:22/other_rubber_products,index,105.3,
wpi,2022-23,2024-10-31,nic:22/plastics_products,index,94.1,
wpi,2022-23,2024-10-31,nic:22/rubber_tyres_and_tubes_retreading_and_rebuilding_of_rubber_tyres,index,102.4,
wpi,2022-23,2024-10-31,nic:23,index,95.5,
wpi,2022-23,2024-10-31,nic:23/articles_of_concrete_cement_and_plaster,index,103.5,
wpi,2022-23,2024-10-31,nic:23/cement_lime_and_plaster,index,93.0,
wpi,2022-23,2024-10-31,nic:23/clay_building_materials,index,105.7,
wpi,2022-23,2024-10-31,nic:23/cutting_shaping_and_finishing_of_stone,index,110.2,
wpi,2022-23,2024-10-31,nic:23/glass_and_glass_products,index,95.7,
wpi,2022-23,2024-10-31,nic:23/other_porcelain_and_ceramic_products,index,102.5,
wpi,2022-23,2024-10-31,nic:23/refractory_products,index,95.0,
wpi,2022-23,2024-10-31,nic:24,index,92.1,
wpi,2022-23,2024-10-31,nic:24/basic_iron_and_steel,index,87.3,
wpi,2022-23,2024-10-31,nic:24/basic_precious_and_other_non_ferrous_metals,index,112.8,
wpi,2022-23,2024-10-31,nic:24/casting_of_iron_and_steel,index,92.5,
wpi,2022-23,2024-10-31,nic:25,index,98.8,
wpi,2022-23,2024-10-31,nic:25/cutlery_hand_tools_and_general_hardware,index,99.5,
wpi,2022-23,2024-10-31,nic:25/forging_pressing_stamping_and_roll_forming_of_metal_powder_metallurgy,index,96.1,
wpi,2022-23,2024-10-31,nic:25/other_fabricated_metal_products,index,101.1,
wpi,2022-23,2024-10-31,nic:25/steam_generators_except_central_heating_hot_water_boilers,index,106.9,
wpi,2022-23,2024-10-31,nic:25/structural_metal_products,index,99.8,
wpi,2022-23,2024-10-31,nic:25/tanks_reservoirs_and_containers_of_metal,index,95.0,
wpi,2022-23,2024-10-31,nic:25/treatment_and_coating_of_metals_machining,index,86.5,
wpi,2022-23,2024-10-31,nic:25/weapons_and_ammunition,index,79.8,
wpi,2022-23,2024-10-31,nic:26,index,98.1,
wpi,2022-23,2024-10-31,nic:26/communication_equipment,index,96.5,
wpi,2022-23,2024-10-31,nic:26/computers_and_peripheral_equipment,index,102.0,
wpi,2022-23,2024-10-31,nic:26/consumer_electronics,index,100.6,
wpi,2022-23,2024-10-31,nic:26/irradiation_electromedical_and_electrotherapeutic_equipment,index,108.8,
wpi,2022-23,2024-10-31,nic:26/magnetic_and_optical_media,index,83.9,
wpi,2022-23,2024-10-31,nic:26/measuring_testing_navigating_and_control_equipment,index,109.2,
wpi,2022-23,2024-10-31,nic:26/optical_instruments_and_photographic_equipment,index,110.1,
wpi,2022-23,2024-10-31,nic:26/other_electronic_components_and_boards,index,97.2,
wpi,2022-23,2024-10-31,nic:26/solar_cells_solar_panels_and_photovoltaic_inverters,index,91.5,
wpi,2022-23,2024-10-31,nic:26/watches_and_clocks,index,114.9,
wpi,2022-23,2024-10-31,nic:27,index,102.2,
wpi,2022-23,2024-10-31,nic:27/batteries_and_accumulators,index,99.1,
wpi,2022-23,2024-10-31,nic:27/domestic_appliances,index,97.9,
wpi,2022-23,2024-10-31,nic:27/electric_lighting_equipment,index,88.0,
wpi,2022-23,2024-10-31,nic:27/electric_motors_generators_transformers_and_electricity_distribution_and_control_apparatus,index,104.5,
wpi,2022-23,2024-10-31,nic:27/fibre_optic_cables,index,97.2,
wpi,2022-23,2024-10-31,nic:27/other_electrical_equipment,index,96.3,
wpi,2022-23,2024-10-31,nic:27/other_electronic_and_electric_wires_and_cables,index,108.3,
wpi,2022-23,2024-10-31,nic:27/wiring_devices,index,104.0,
wpi,2022-23,2024-10-31,nic:28,index,103.0,
wpi,2022-23,2024-10-31,nic:28/agricultural_and_forestry_machinery,index,103.1,
wpi,2022-23,2024-10-31,nic:28/bearings_gears_gearing_and_driving_elements,index,102.5,
wpi,2022-23,2024-10-31,nic:28/engines_and_turbines_except_aircraft_vehicle_and_cycle_engines,index,97.9,
wpi,2022-23,2024-10-31,nic:28/fluid_power_equipment,index,104.0,
wpi,2022-23,2024-10-31,nic:28/lifting_and_handling_equipment,index,102.1,
wpi,2022-23,2024-10-31,nic:28/machinery_for_food_beverage_and_tobacco_processing,index,102.6,
wpi,2022-23,2024-10-31,nic:28/machinery_for_metallurgy,index,107.0,
wpi,2022-23,2024-10-31,nic:28/machinery_for_mining_quarrying_and_construction,index,105.5,
wpi,2022-23,2024-10-31,nic:28/machinery_for_textile_apparel_and_leather_production,index,105.9,
wpi,2022-23,2024-10-31,nic:28/metal_forming_machinery_and_machine_tools,index,106.0,
wpi,2022-23,2024-10-31,nic:28/other_general_purpose_machinery,index,101.7,
wpi,2022-23,2024-10-31,nic:28/other_pumps_compressors_taps_and_valves,index,105.0,
wpi,2022-23,2024-10-31,nic:28/other_special_purpose_machinery,index,98.7,
wpi,2022-23,2024-10-31,nic:28/ovens_furnaces_and_permanent_household_heating_equipment,index,110.9,
wpi,2022-23,2024-10-31,nic:28/power_driven_hand_tools,index,102.3,
wpi,2022-23,2024-10-31,nic:29,index,105.4,
wpi,2022-23,2024-10-31,nic:29/bodies_coachwork_for_motor_vehicles_manufacture_of_trailers_and_semi_trailers,index,102.4,
wpi,2022-23,2024-10-31,nic:29/motor_vehicles,index,110.8,
wpi,2022-23,2024-10-31,nic:29/parts_and_accessories_for_motor_vehicles,index,98.9,
wpi,2022-23,2024-10-31,nic:30,index,101.4,
wpi,2022-23,2024-10-31,nic:30/air_and_spacecraft_and_related_machinery,index,107.0,
wpi,2022-23,2024-10-31,nic:30/bicycles_and_invalid_carriages,index,101.2,
wpi,2022-23,2024-10-31,nic:30/building_of_ships_and_floating_structures,index,100.8,
wpi,2022-23,2024-10-31,nic:30/motorcycles,index,100.9,
wpi,2022-23,2024-10-31,nic:30/other_transport_equipment,index,100.1,
wpi,2022-23,2024-10-31,nic:30/railway_locomotives_and_rolling_stock,index,102.6,
wpi,2022-23,2024-10-31,nic:31,index,101.7,
wpi,2022-23,2024-10-31,nic:31/other_furniture,index,99.0,
wpi,2022-23,2024-10-31,nic:31/wooden_furniture,index,103.2,
wpi,2022-23,2024-10-31,nic:32,index,111.2,
wpi,2022-23,2024-10-31,nic:32/games_and_toys,index,104.8,
wpi,2022-23,2024-10-31,nic:32/imitation_jewellery_and_related_articles,index,116.2,
wpi,2022-23,2024-10-31,nic:32/jewellery_and_related_articles,index,112.7,
wpi,2022-23,2024-10-31,nic:32/medical_and_dental_instruments_and_supplies,index,101.2,
wpi,2022-23,2024-10-31,nic:32/musical_instruments,index,111.5,
wpi,2022-23,2024-10-31,nic:32/other_manufacturing,index,107.7,
wpi,2022-23,2024-10-31,nic:32/sports_goods,index,108.4,
wpi,2022-23,2024-10-31,wpi:all,index,102.1,
wpi,2022-23,2024-10-31,wpi:food_index,index,116.7,
wpi,2022-23,2024-10-31,wpi:fuel_power,index,90.6,
wpi,2022-23,2024-10-31,wpi:fuel_power/coal_and_lignite,index,91.6,
wpi,2022-23,2024-10-31,wpi:fuel_power/coal_and_lignite/coking_coal,index,89.0,
wpi,2022-23,2024-10-31,wpi:fuel_power/coal_and_lignite/coking_coal/coking_coal,index,89.0,
wpi,2022-23,2024-10-31,wpi:fuel_power/coal_and_lignite/lignite,index,64.2,
wpi,2022-23,2024-10-31,wpi:fuel_power/coal_and_lignite/non_coking_coal,index,93.0,
wpi,2022-23,2024-10-31,wpi:fuel_power/coal_and_lignite/non_coking_coal/non_coking_coal_g15_to_g17_gcv_3100_kcal_kg,index,97.9,
wpi,2022-23,2024-10-31,wpi:fuel_power/coal_and_lignite/non_coking_coal/non_coking_coal_g1_to_g6_gcv_exceeding_5500_kcal_kg,index,97.7,
wpi,2022-23,2024-10-31,wpi:fuel_power/coal_and_lignite/non_coking_coal/non_coking_coal_g7_to_g14_gcv_3100_kcal_kg_to_5500_kcal_kg,index,92.1,
wpi,2022-23,2024-10-31,wpi:fuel_power/crude_petroleum_natural_gas,index,93.8,
wpi,2022-23,2024-10-31,wpi:fuel_power/electricity,index,96.2,
wpi,2022-23,2024-10-31,wpi:fuel_power/electricity/hydro_electricity,index,126.1,
wpi,2022-23,2024-10-31,wpi:fuel_power/electricity/nuclear,index,100.9,
wpi,2022-23,2024-10-31,wpi:fuel_power/electricity/solar,index,96.9,
wpi,2022-23,2024-10-31,wpi:fuel_power/electricity/thermal_electricity,index,92.9,
wpi,2022-23,2024-10-31,wpi:fuel_power/electricity/wind,index,108.8,
wpi,2022-23,2024-10-31,wpi:fuel_power/mineral_oils,index,87.1,
wpi,2022-23,2024-10-31,wpi:manufactured,index,99.2,
wpi,2022-23,2024-10-31,wpi:primary,index,117.1,
wpi,2022-23,2024-10-31,wpi:primary/food_articles,index,123.0,
wpi,2022-23,2024-10-31,wpi:primary/food_articles/condiments_spices,index,168.2,
wpi,2022-23,2024-10-31,wpi:primary/food_articles/eggs_meat_fish,index,102.9,
wpi,2022-23,2024-10-31,wpi:primary/food_articles/food_grains_cereals_pulses,index,119.9,
wpi,2022-23,2024-10-31,wpi:primary/food_articles/food_grains_cereals_pulses/cereals,index,118.2,
wpi,2022-23,2024-10-31,wpi:primary/food_articles/food_grains_cereals_pulses/pulses,index,129.1,
wpi,2022-23,2024-10-31,wpi:primary/food_articles/fruits_vegetables,index,150.3,
wpi,2022-23,2024-10-31,wpi:primary/food_articles/fruits_vegetables/fruits,index,124.7,
wpi,2022-23,2024-10-31,wpi:primary/food_articles/fruits_vegetables/vegetables,index,175.0,
wpi,2022-23,2024-10-31,wpi:primary/food_articles/milk,index,111.2,
wpi,2022-23,2024-10-31,wpi:primary/food_articles/other_food_articles,index,117.8,
wpi,2022-23,2024-10-31,wpi:primary/minerals,index,113.8,
wpi,2022-23,2024-10-31,wpi:primary/minerals/metallic_minerals,index,117.7,
wpi,2022-23,2024-10-31,wpi:primary/minerals/minor_minerals,index,114.1,
wpi,2022-23,2024-10-31,wpi:primary/minerals/other_minerals,index,98.8,
wpi,2022-23,2024-10-31,wpi:primary/non_food_articles,index,100.8,
wpi,2022-23,2024-10-31,wpi:primary/non_food_articles/fibres,index,77.4,
wpi,2022-23,2024-10-31,wpi:primary/non_food_articles/floriculture,index,98.6,
wpi,2022-23,2024-10-31,wpi:primary/non_food_articles/medicinal_plants,index,82.4,
wpi,2022-23,2024-10-31,wpi:primary/non_food_articles/oil_seeds,index,92.8,
wpi,2022-23,2024-10-31,wpi:primary/non_food_articles/other_non_food_articles,index,107.3,
wpi,2022-23,2024-11-30,nic:10,index,105.9,
wpi,2022-23,2024-11-30,nic:10/bakery_products,index,103.0,
wpi,2022-23,2024-11-30,nic:10/cocoa_chocolate_and_sugar_confectionery,index,110.3,
wpi,2022-23,2024-11-30,nic:10/dairy_products,index,103.7,
wpi,2022-23,2024-11-30,nic:10/grain_mill_products,index,115.9,
wpi,2022-23,2024-11-30,nic:10/macaroni_noodles_couscous_and_similar_farinaceous_products,index,108.2,
wpi,2022-23,2024-11-30,nic:10/other_food_products,index,104.3,
wpi,2022-23,2024-11-30,nic:10/prepared_animal_feeds,index,98.9,
wpi,2022-23,2024-11-30,nic:10/processing_and_preserving_of_fish_crustaceans_and_molluscs,index,99.4,
wpi,2022-23,2024-11-30,nic:10/processing_and_preserving_of_fruit_and_vegetables,index,111.0,
wpi,2022-23,2024-11-30,nic:10/processing_and_preserving_of_meat,index,112.4,
wpi,2022-23,2024-11-30,nic:10/processing_of_coffee_and_tea,index,111.5,
wpi,2022-23,2024-11-30,nic:10/starches_and_starch_products,index,99.9,
wpi,2022-23,2024-11-30,nic:10/sugar,index,106.8,
wpi,2022-23,2024-11-30,nic:10/vegetable_and_animal_oils_and_fats,index,99.5,
wpi,2022-23,2024-11-30,nic:11,index,104.2,
wpi,2022-23,2024-11-30,nic:11/beer,index,106.3,
wpi,2022-23,2024-11-30,nic:11/distilling_rectifying_and_blending_of_spirits,index,110.1,
wpi,2022-23,2024-11-30,nic:11/soft_drinks_production_of_mineral_waters_and_other_bottled_waters,index,102.2,
wpi,2022-23,2024-11-30,nic:11/wines,index,108.1,
wpi,2022-23,2024-11-30,nic:12,index,107.8,
wpi,2022-23,2024-11-30,nic:12/tobacco_products,index,107.8,
wpi,2022-23,2024-11-30,nic:13,index,92.2,
wpi,2022-23,2024-11-30,nic:13/carpets_and_rugs,index,102.9,
wpi,2022-23,2024-11-30,nic:13/cordage_rope_twine_and_netting,index,105.7,
wpi,2022-23,2024-11-30,nic:13/knitted_and_crocheted_fabrics,index,95.5,
wpi,2022-23,2024-11-30,nic:13/made_up_textile_articles_except_apparel,index,100.4,
wpi,2022-23,2024-11-30,nic:13/other_textiles,index,101.0,
wpi,2022-23,2024-11-30,nic:13/preparation_and_spinning_of_textile_fibres,index,88.6,
wpi,2022-23,2024-11-30,nic:13/weaving_of_textiles,index,96.8,
wpi,2022-23,2024-11-30,nic:14,index,106.4,
wpi,2022-23,2024-11-30,nic:14/knitted_and_crocheted_apparel,index,106.4,
wpi,2022-23,2024-11-30,nic:14/wearing_apparel_except_fur_apparel,index,106.4,
wpi,2022-23,2024-11-30,nic:15,index,101.6,
wpi,2022-23,2024-11-30,nic:15/footwear,index,99.9,
wpi,2022-23,2024-11-30,nic:15/luggage_handbags_and_the_like_saddlery_and_harness_of_any_material,index,108.4,
wpi,2022-23,2024-11-30,nic:15/tanning_and_dressing_of_leather_dressing_and_dyeing_of_fur,index,104.4,
wpi,2022-23,2024-11-30,nic:16,index,105.3,
wpi,2022-23,2024-11-30,nic:16/other_products_of_wood_manufacture_of_articles_of_cork_straw_and_plaiting_materials,index,109.2,
wpi,2022-23,2024-11-30,nic:16/sawmilling_and_planing_of_wood,index,107.9,
wpi,2022-23,2024-11-30,nic:16/veneer_sheets_and_wood_based_panels,index,105.2,
wpi,2022-23,2024-11-30,nic:16/wooden_containers,index,104.9,
wpi,2022-23,2024-11-30,nic:17,index,90.8,
wpi,2022-23,2024-11-30,nic:17/corrugated_paper_and_paperboard_and_of_containers_of_paper_and_paperboard,index,90.7,
wpi,2022-23,2024-11-30,nic:17/other_articles_of_paper_and_paperboard,index,83.7,
wpi,2022-23,2024-11-30,nic:17/pulp_paper_and_paperboard,index,94.5,
wpi,2022-23,2024-11-30,nic:18,index,104.5,
wpi,2022-23,2024-11-30,nic:18/printing,index,104.5,
wpi,2022-23,2024-11-30,nic:20,index,90.7,
wpi,2022-23,2024-11-30,nic:20/basic_chemicals,index,84.6,
wpi,2022-23,2024-11-30,nic:20/fertilizers_and_nitrogen_compounds,index,93.7,
wpi,2022-23,2024-11-30,nic:20/man_made_fibres,index,91.9,
wpi,2022-23,2024-11-30,nic:20/other_chemical_products,index,88.4,
wpi,2022-23,2024-11-30,nic:20/paints_varnishes_and_similar_coatings_printing_ink_and_mastics,index,91.4,
wpi,2022-23,2024-11-30,nic:20/pesticides_and_other_agrochemical_products,index,88.3,
wpi,2022-23,2024-11-30,nic:20/plastics_and_synthetic_rubber_in_primary_forms,index,90.6,
wpi,2022-23,2024-11-30,nic:20/soap_and_detergents_cleaning_and_polishing_preparations_perfumes_and_toilet_preparations,index,98.5,
wpi,2022-23,2024-11-30,nic:21,index,99.7,
wpi,2022-23,2024-11-30,nic:21/pharmaceuticals_medicinal_chemical_and_botanical_products,index,99.7,
wpi,2022-23,2024-11-30,nic:22,index,96.8,
wpi,2022-23,2024-11-30,nic:22/other_rubber_products,index,104.7,
wpi,2022-23,2024-11-30,nic:22/plastics_products,index,93.9,
wpi,2022-23,2024-11-30,nic:22/rubber_tyres_and_tubes_retreading_and_rebuilding_of_rubber_tyres,index,103.0,
wpi,2022-23,2024-11-30,nic:23,index,95.3,
wpi,2022-23,2024-11-30,nic:23/articles_of_concrete_cement_and_plaster,index,103.1,
wpi,2022-23,2024-11-30,nic:23/cement_lime_and_plaster,index,92.6,
wpi,2022-23,2024-11-30,nic:23/clay_building_materials,index,105.6,
wpi,2022-23,2024-11-30,nic:23/cutting_shaping_and_finishing_of_stone,index,116.0,
wpi,2022-23,2024-11-30,nic:23/glass_and_glass_products,index,94.3,
wpi,2022-23,2024-11-30,nic:23/other_porcelain_and_ceramic_products,index,102.7,
wpi,2022-23,2024-11-30,nic:23/refractory_products,index,96.0,
wpi,2022-23,2024-11-30,nic:24,index,91.6,
wpi,2022-23,2024-11-30,nic:24/basic_iron_and_steel,index,86.2,
wpi,2022-23,2024-11-30,nic:24/basic_precious_and_other_non_ferrous_metals,index,114.5,
wpi,2022-23,2024-11-30,nic:24/casting_of_iron_and_steel,index,92.7,
wpi,2022-23,2024-11-30,nic:25,index,98.4,
wpi,2022-23,2024-11-30,nic:25/cutlery_hand_tools_and_general_hardware,index,99.4,
wpi,2022-23,2024-11-30,nic:25/forging_pressing_stamping_and_roll_forming_of_metal_powder_metallurgy,index,97.9,
wpi,2022-23,2024-11-30,nic:25/other_fabricated_metal_products,index,101.5,
wpi,2022-23,2024-11-30,nic:25/steam_generators_except_central_heating_hot_water_boilers,index,100.1,
wpi,2022-23,2024-11-30,nic:25/structural_metal_products,index,99.8,
wpi,2022-23,2024-11-30,nic:25/tanks_reservoirs_and_containers_of_metal,index,95.2,
wpi,2022-23,2024-11-30,nic:25/treatment_and_coating_of_metals_machining,index,84.8,
wpi,2022-23,2024-11-30,nic:25/weapons_and_ammunition,index,83.4,
wpi,2022-23,2024-11-30,nic:26,index,96.8,
wpi,2022-23,2024-11-30,nic:26/communication_equipment,index,95.2,
wpi,2022-23,2024-11-30,nic:26/computers_and_peripheral_equipment,index,100.4,
wpi,2022-23,2024-11-30,nic:26/consumer_electronics,index,98.0,
wpi,2022-23,2024-11-30,nic:26/irradiation_electromedical_and_electrotherapeutic_equipment,index,108.6,
wpi,2022-23,2024-11-30,nic:26/magnetic_and_optical_media,index,83.9,
wpi,2022-23,2024-11-30,nic:26/measuring_testing_navigating_and_control_equipment,index,105.7,
wpi,2022-23,2024-11-30,nic:26/optical_instruments_and_photographic_equipment,index,110.0,
wpi,2022-23,2024-11-30,nic:26/other_electronic_components_and_boards,index,96.6,
wpi,2022-23,2024-11-30,nic:26/solar_cells_solar_panels_and_photovoltaic_inverters,index,93.9,
wpi,2022-23,2024-11-30,nic:26/watches_and_clocks,index,116.2,
wpi,2022-23,2024-11-30,nic:27,index,102.2,
wpi,2022-23,2024-11-30,nic:27/batteries_and_accumulators,index,98.9,
wpi,2022-23,2024-11-30,nic:27/domestic_appliances,index,96.3,
wpi,2022-23,2024-11-30,nic:27/electric_lighting_equipment,index,87.5,
wpi,2022-23,2024-11-30,nic:27/electric_motors_generators_transformers_and_electricity_distribution_and_control_apparatus,index,105.8,
wpi,2022-23,2024-11-30,nic:27/fibre_optic_cables,index,95.2,
wpi,2022-23,2024-11-30,nic:27/other_electrical_equipment,index,98.5,
wpi,2022-23,2024-11-30,nic:27/other_electronic_and_electric_wires_and_cables,index,107.3,
wpi,2022-23,2024-11-30,nic:27/wiring_devices,index,103.9,
wpi,2022-23,2024-11-30,nic:28,index,102.6,
wpi,2022-23,2024-11-30,nic:28/agricultural_and_forestry_machinery,index,102.9,
wpi,2022-23,2024-11-30,nic:28/bearings_gears_gearing_and_driving_elements,index,101.8,
wpi,2022-23,2024-11-30,nic:28/engines_and_turbines_except_aircraft_vehicle_and_cycle_engines,index,97.8,
wpi,2022-23,2024-11-30,nic:28/fluid_power_equipment,index,104.2,
wpi,2022-23,2024-11-30,nic:28/lifting_and_handling_equipment,index,103.5,
wpi,2022-23,2024-11-30,nic:28/machinery_for_food_beverage_and_tobacco_processing,index,101.6,
wpi,2022-23,2024-11-30,nic:28/machinery_for_metallurgy,index,108.1,
wpi,2022-23,2024-11-30,nic:28/machinery_for_mining_quarrying_and_construction,index,105.3,
wpi,2022-23,2024-11-30,nic:28/machinery_for_textile_apparel_and_leather_production,index,104.8,
wpi,2022-23,2024-11-30,nic:28/metal_forming_machinery_and_machine_tools,index,105.7,
wpi,2022-23,2024-11-30,nic:28/other_general_purpose_machinery,index,100.6,
wpi,2022-23,2024-11-30,nic:28/other_pumps_compressors_taps_and_valves,index,104.5,
wpi,2022-23,2024-11-30,nic:28/other_special_purpose_machinery,index,98.8,
wpi,2022-23,2024-11-30,nic:28/ovens_furnaces_and_permanent_household_heating_equipment,index,111.0,
wpi,2022-23,2024-11-30,nic:28/power_driven_hand_tools,index,103.2,
wpi,2022-23,2024-11-30,nic:29,index,105.0,
wpi,2022-23,2024-11-30,nic:29/bodies_coachwork_for_motor_vehicles_manufacture_of_trailers_and_semi_trailers,index,102.2,
wpi,2022-23,2024-11-30,nic:29/motor_vehicles,index,110.0,
wpi,2022-23,2024-11-30,nic:29/parts_and_accessories_for_motor_vehicles,index,98.9,
wpi,2022-23,2024-11-30,nic:30,index,101.8,
wpi,2022-23,2024-11-30,nic:30/air_and_spacecraft_and_related_machinery,index,107.3,
wpi,2022-23,2024-11-30,nic:30/bicycles_and_invalid_carriages,index,102.6,
wpi,2022-23,2024-11-30,nic:30/building_of_ships_and_floating_structures,index,100.8,
wpi,2022-23,2024-11-30,nic:30/motorcycles,index,101.4,
wpi,2022-23,2024-11-30,nic:30/other_transport_equipment,index,99.5,
wpi,2022-23,2024-11-30,nic:30/railway_locomotives_and_rolling_stock,index,103.3,
wpi,2022-23,2024-11-30,nic:31,index,103.0,
wpi,2022-23,2024-11-30,nic:31/other_furniture,index,99.5,
wpi,2022-23,2024-11-30,nic:31/wooden_furniture,index,105.0,
wpi,2022-23,2024-11-30,nic:32,index,114.6,
wpi,2022-23,2024-11-30,nic:32/games_and_toys,index,104.0,
wpi,2022-23,2024-11-30,nic:32/imitation_jewellery_and_related_articles,index,117.0,
wpi,2022-23,2024-11-30,nic:32/jewellery_and_related_articles,index,116.8,
wpi,2022-23,2024-11-30,nic:32/medical_and_dental_instruments_and_supplies,index,102.1,
wpi,2022-23,2024-11-30,nic:32/musical_instruments,index,113.0,
wpi,2022-23,2024-11-30,nic:32/other_manufacturing,index,108.2,
wpi,2022-23,2024-11-30,nic:32/sports_goods,index,108.5,
wpi,2022-23,2024-11-30,wpi:all,index,102.1,
wpi,2022-23,2024-11-30,wpi:food_index,index,116.5,
wpi,2022-23,2024-11-30,wpi:fuel_power,index,91.1,
wpi,2022-23,2024-11-30,wpi:fuel_power/coal_and_lignite,index,90.6,
wpi,2022-23,2024-11-30,wpi:fuel_power/coal_and_lignite/coking_coal,index,89.1,
wpi,2022-23,2024-11-30,wpi:fuel_power/coal_and_lignite/coking_coal/coking_coal,index,89.1,
wpi,2022-23,2024-11-30,wpi:fuel_power/coal_and_lignite/lignite,index,65.5,
wpi,2022-23,2024-11-30,wpi:fuel_power/coal_and_lignite/non_coking_coal,index,91.7,
wpi,2022-23,2024-11-30,wpi:fuel_power/coal_and_lignite/non_coking_coal/non_coking_coal_g15_to_g17_gcv_3100_kcal_kg,index,99.9,
wpi,2022-23,2024-11-30,wpi:fuel_power/coal_and_lignite/non_coking_coal/non_coking_coal_g1_to_g6_gcv_exceeding_5500_kcal_kg,index,97.1,
wpi,2022-23,2024-11-30,wpi:fuel_power/coal_and_lignite/non_coking_coal/non_coking_coal_g7_to_g14_gcv_3100_kcal_kg_to_5500_kcal_kg,index,90.7,
wpi,2022-23,2024-11-30,wpi:fuel_power/crude_petroleum_natural_gas,index,93.1,
wpi,2022-23,2024-11-30,wpi:fuel_power/electricity,index,97.2,
wpi,2022-23,2024-11-30,wpi:fuel_power/electricity/hydro_electricity,index,152.7,
wpi,2022-23,2024-11-30,wpi:fuel_power/electricity/nuclear,index,101.1,
wpi,2022-23,2024-11-30,wpi:fuel_power/electricity/solar,index,96.6,
wpi,2022-23,2024-11-30,wpi:fuel_power/electricity/thermal_electricity,index,91.8,
wpi,2022-23,2024-11-30,wpi:fuel_power/electricity/wind,index,108.8,
wpi,2022-23,2024-11-30,wpi:fuel_power/mineral_oils,index,87.6,
wpi,2022-23,2024-11-30,wpi:manufactured,index,99.2,
wpi,2022-23,2024-11-30,wpi:primary,index,117.1,
wpi,2022-23,2024-11-30,wpi:primary/food_articles,index,122.5,
wpi,2022-23,2024-11-30,wpi:primary/food_articles/condiments_spices,index,177.1,
wpi,2022-23,2024-11-30,wpi:primary/food_articles/eggs_meat_fish,index,105.0,
wpi,2022-23,2024-11-30,wpi:primary/food_articles/food_grains_cereals_pulses,index,121.5,
wpi,2022-23,2024-11-30,wpi:primary/food_articles/food_grains_cereals_pulses/cereals,index,120.4,
wpi,2022-23,2024-11-30,wpi:primary/food_articles/food_grains_cereals_pulses/pulses,index,127.2,
wpi,2022-23,2024-11-30,wpi:primary/food_articles/fruits_vegetables,index,143.0,
wpi,2022-23,2024-11-30,wpi:primary/food_articles/fruits_vegetables/fruits,index,117.6,
wpi,2022-23,2024-11-30,wpi:primary/food_articles/fruits_vegetables/vegetables,index,167.5,
wpi,2022-23,2024-11-30,wpi:primary/food_articles/milk,index,111.0,
wpi,2022-23,2024-11-30,wpi:primary/food_articles/other_food_articles,index,115.8,
wpi,2022-23,2024-11-30,wpi:primary/minerals,index,116.2,
wpi,2022-23,2024-11-30,wpi:primary/minerals/metallic_minerals,index,121.7,
wpi,2022-23,2024-11-30,wpi:primary/minerals/minor_minerals,index,113.6,
wpi,2022-23,2024-11-30,wpi:primary/minerals/other_minerals,index,101.4,
wpi,2022-23,2024-11-30,wpi:primary/non_food_articles,index,101.6,
wpi,2022-23,2024-11-30,wpi:primary/non_food_articles/fibres,index,77.5,
wpi,2022-23,2024-11-30,wpi:primary/non_food_articles/floriculture,index,104.1,
wpi,2022-23,2024-11-30,wpi:primary/non_food_articles/medicinal_plants,index,81.2,
wpi,2022-23,2024-11-30,wpi:primary/non_food_articles/oil_seeds,index,92.5,
wpi,2022-23,2024-11-30,wpi:primary/non_food_articles/other_non_food_articles,index,108.2,
wpi,2022-23,2024-12-31,nic:10,index,105.5,
wpi,2022-23,2024-12-31,nic:10/bakery_products,index,105.3,
wpi,2022-23,2024-12-31,nic:10/cocoa_chocolate_and_sugar_confectionery,index,111.2,
wpi,2022-23,2024-12-31,nic:10/dairy_products,index,104.0,
wpi,2022-23,2024-12-31,nic:10/grain_mill_products,index,115.0,
wpi,2022-23,2024-12-31,nic:10/macaroni_noodles_couscous_and_similar_farinaceous_products,index,108.8,
wpi,2022-23,2024-12-31,nic:10/other_food_products,index,103.7,
wpi,2022-23,2024-12-31,nic:10/prepared_animal_feeds,index,98.0,
wpi,2022-23,2024-12-31,nic:10/processing_and_preserving_of_fish_crustaceans_and_molluscs,index,102.9,
wpi,2022-23,2024-12-31,nic:10/processing_and_preserving_of_fruit_and_vegetables,index,109.9,
wpi,2022-23,2024-12-31,nic:10/processing_and_preserving_of_meat,index,113.3,
wpi,2022-23,2024-12-31,nic:10/processing_of_coffee_and_tea,index,105.0,
wpi,2022-23,2024-12-31,nic:10/starches_and_starch_products,index,97.7,
wpi,2022-23,2024-12-31,nic:10/sugar,index,104.7,
wpi,2022-23,2024-12-31,nic:10/vegetable_and_animal_oils_and_fats,index,99.9,
wpi,2022-23,2024-12-31,nic:11,index,104.2,
wpi,2022-23,2024-12-31,nic:11/beer,index,106.8,
wpi,2022-23,2024-12-31,nic:11/distilling_rectifying_and_blending_of_spirits,index,110.3,
wpi,2022-23,2024-12-31,nic:11/soft_drinks_production_of_mineral_waters_and_other_bottled_waters,index,102.0,
wpi,2022-23,2024-12-31,nic:11/wines,index,110.4,
wpi,2022-23,2024-12-31,nic:12,index,108.1,
wpi,2022-23,2024-12-31,nic:12/tobacco_products,index,108.1,
wpi,2022-23,2024-12-31,nic:13,index,92.4,
wpi,2022-23,2024-12-31,nic:13/carpets_and_rugs,index,104.8,
wpi,2022-23,2024-12-31,nic:13/cordage_rope_twine_and_netting,index,104.5,
wpi,2022-23,2024-12-31,nic:13/knitted_and_crocheted_fabrics,index,93.9,
wpi,2022-23,2024-12-31,nic:13/made_up_textile_articles_except_apparel,index,101.6,
wpi,2022-23,2024-12-31,nic:13/other_textiles,index,102.6,
wpi,2022-23,2024-12-31,nic:13/preparation_and_spinning_of_textile_fibres,index,88.5,
wpi,2022-23,2024-12-31,nic:13/weaving_of_textiles,index,96.7,
wpi,2022-23,2024-12-31,nic:14,index,106.2,
wpi,2022-23,2024-12-31,nic:14/knitted_and_crocheted_apparel,index,105.9,
wpi,2022-23,2024-12-31,nic:14/wearing_apparel_except_fur_apparel,index,106.4,
wpi,2022-23,2024-12-31,nic:15,index,101.6,
wpi,2022-23,2024-12-31,nic:15/footwear,index,100.0,
wpi,2022-23,2024-12-31,nic:15/luggage_handbags_and_the_like_saddlery_and_harness_of_any_material,index,105.7,
wpi,2022-23,2024-12-31,nic:15/tanning_and_dressing_of_leather_dressing_and_dyeing_of_fur,index,107.9,
wpi,2022-23,2024-12-31,nic:16,index,105.5,
wpi,2022-23,2024-12-31,nic:16/other_products_of_wood_manufacture_of_articles_of_cork_straw_and_plaiting_materials,index,109.2,
wpi,2022-23,2024-12-31,nic:16/sawmilling_and_planing_of_wood,index,102.6,
wpi,2022-23,2024-12-31,nic:16/veneer_sheets_and_wood_based_panels,index,105.8,
wpi,2022-23,2024-12-31,nic:16/wooden_containers,index,103.5,
wpi,2022-23,2024-12-31,nic:17,index,90.0,
wpi,2022-23,2024-12-31,nic:17/corrugated_paper_and_paperboard_and_of_containers_of_paper_and_paperboard,index,90.8,
wpi,2022-23,2024-12-31,nic:17/other_articles_of_paper_and_paperboard,index,83.7,
wpi,2022-23,2024-12-31,nic:17/pulp_paper_and_paperboard,index,92.7,
wpi,2022-23,2024-12-31,nic:18,index,103.7,
wpi,2022-23,2024-12-31,nic:18/printing,index,103.7,
wpi,2022-23,2024-12-31,nic:20,index,90.8,
wpi,2022-23,2024-12-31,nic:20/basic_chemicals,index,85.3,
wpi,2022-23,2024-12-31,nic:20/fertilizers_and_nitrogen_compounds,index,93.9,
wpi,2022-23,2024-12-31,nic:20/man_made_fibres,index,91.6,
wpi,2022-23,2024-12-31,nic:20/other_chemical_products,index,88.4,
wpi,2022-23,2024-12-31,nic:20/paints_varnishes_and_similar_coatings_printing_ink_and_mastics,index,91.5,
wpi,2022-23,2024-12-31,nic:20/pesticides_and_other_agrochemical_products,index,88.9,
wpi,2022-23,2024-12-31,nic:20/plastics_and_synthetic_rubber_in_primary_forms,index,89.3,
wpi,2022-23,2024-12-31,nic:20/soap_and_detergents_cleaning_and_polishing_preparations_perfumes_and_toilet_preparations,index,99.2,
wpi,2022-23,2024-12-31,nic:21,index,99.9,
wpi,2022-23,2024-12-31,nic:21/pharmaceuticals_medicinal_chemical_and_botanical_products,index,99.9,
wpi,2022-23,2024-12-31,nic:22,index,96.6,
wpi,2022-23,2024-12-31,nic:22/other_rubber_products,index,104.9,
wpi,2022-23,2024-12-31,nic:22/plastics_products,index,93.5,
wpi,2022-23,2024-12-31,nic:22/rubber_tyres_and_tubes_retreading_and_rebuilding_of_rubber_tyres,index,103.5,
wpi,2022-23,2024-12-31,nic:23,index,96.4,
wpi,2022-23,2024-12-31,nic:23/articles_of_concrete_cement_and_plaster,index,103.3,
wpi,2022-23,2024-12-31,nic:23/cement_lime_and_plaster,index,94.1,
wpi,2022-23,2024-12-31,nic:23/clay_building_materials,index,105.3,
wpi,2022-23,2024-12-31,nic:23/cutting_shaping_and_finishing_of_stone,index,117.7,
wpi,2022-23,2024-12-31,nic:23/glass_and_glass_products,index,95.3,
wpi,2022-23,2024-12-31,nic:23/other_porcelain_and_ceramic_products,index,102.2,
wpi,2022-23,2024-12-31,nic:23/refractory_products,index,96.3,
wpi,2022-23,2024-12-31,nic:24,index,90.5,
wpi,2022-23,2024-12-31,nic:24/basic_iron_and_steel,index,84.9,
wpi,2022-23,2024-12-31,nic:24/basic_precious_and_other_non_ferrous_metals,index,113.6,
wpi,2022-23,2024-12-31,nic:24/casting_of_iron_and_steel,index,93.2,
wpi,2022-23,2024-12-31,nic:25,index,98.6,
wpi,2022-23,2024-12-31,nic:25/cutlery_hand_tools_and_general_hardware,index,99.8,
wpi,2022-23,2024-12-31,nic:25/forging_pressing_stamping_and_roll_forming_of_metal_powder_metallurgy,index,96.4,
wpi,2022-23,2024-12-31,nic:25/other_fabricated_metal_products,index,101.3,
wpi,2022-23,2024-12-31,nic:25/steam_generators_except_central_heating_hot_water_boilers,index,106.2,
wpi,2022-23,2024-12-31,nic:25/structural_metal_products,index,99.6,
wpi,2022-23,2024-12-31,nic:25/tanks_reservoirs_and_containers_of_metal,index,95.0,
wpi,2022-23,2024-12-31,nic:25/treatment_and_coating_of_metals_machining,index,83.8,
wpi,2022-23,2024-12-31,nic:25/weapons_and_ammunition,index,82.3,
wpi,2022-23,2024-12-31,nic:26,index,97.0,
wpi,2022-23,2024-12-31,nic:26/communication_equipment,index,95.1,
wpi,2022-23,2024-12-31,nic:26/computers_and_peripheral_equipment,index,101.5,
wpi,2022-23,2024-12-31,nic:26/consumer_electronics,index,99.0,
wpi,2022-23,2024-12-31,nic:26/irradiation_electromedical_and_electrotherapeutic_equipment,index,105.8,
wpi,2022-23,2024-12-31,nic:26/magnetic_and_optical_media,index,83.9,
wpi,2022-23,2024-12-31,nic:26/measuring_testing_navigating_and_control_equipment,index,107.8,
wpi,2022-23,2024-12-31,nic:26/optical_instruments_and_photographic_equipment,index,110.1,
wpi,2022-23,2024-12-31,nic:26/other_electronic_components_and_boards,index,95.6,
wpi,2022-23,2024-12-31,nic:26/solar_cells_solar_panels_and_photovoltaic_inverters,index,96.4,
wpi,2022-23,2024-12-31,nic:26/watches_and_clocks,index,117.9,
wpi,2022-23,2024-12-31,nic:27,index,102.2,
wpi,2022-23,2024-12-31,nic:27/batteries_and_accumulators,index,95.9,
wpi,2022-23,2024-12-31,nic:27/domestic_appliances,index,96.7,
wpi,2022-23,2024-12-31,nic:27/electric_lighting_equipment,index,87.8,
wpi,2022-23,2024-12-31,nic:27/electric_motors_generators_transformers_and_electricity_distribution_and_control_apparatus,index,105.7,
wpi,2022-23,2024-12-31,nic:27/fibre_optic_cables,index,97.6,
wpi,2022-23,2024-12-31,nic:27/other_electrical_equipment,index,98.5,
wpi,2022-23,2024-12-31,nic:27/other_electronic_and_electric_wires_and_cables,index,108.5,
wpi,2022-23,2024-12-31,nic:27/wiring_devices,index,103.9,
wpi,2022-23,2024-12-31,nic:28,index,102.7,
wpi,2022-23,2024-12-31,nic:28/agricultural_and_forestry_machinery,index,103.0,
wpi,2022-23,2024-12-31,nic:28/bearings_gears_gearing_and_driving_elements,index,102.0,
wpi,2022-23,2024-12-31,nic:28/engines_and_turbines_except_aircraft_vehicle_and_cycle_engines,index,97.5,
wpi,2022-23,2024-12-31,nic:28/fluid_power_equipment,index,103.2,
wpi,2022-23,2024-12-31,nic:28/lifting_and_handling_equipment,index,103.4,
wpi,2022-23,2024-12-31,nic:28/machinery_for_food_beverage_and_tobacco_processing,index,101.8,
wpi,2022-23,2024-12-31,nic:28/machinery_for_metallurgy,index,114.2,
wpi,2022-23,2024-12-31,nic:28/machinery_for_mining_quarrying_and_construction,index,105.0,
wpi,2022-23,2024-12-31,nic:28/machinery_for_textile_apparel_and_leather_production,index,105.6,
wpi,2022-23,2024-12-31,nic:28/metal_forming_machinery_and_machine_tools,index,104.5,
wpi,2022-23,2024-12-31,nic:28/other_general_purpose_machinery,index,101.1,
wpi,2022-23,2024-12-31,nic:28/other_pumps_compressors_taps_and_valves,index,104.4,
wpi,2022-23,2024-12-31,nic:28/other_special_purpose_machinery,index,100.0,
wpi,2022-23,2024-12-31,nic:28/ovens_furnaces_and_permanent_household_heating_equipment,index,107.9,
wpi,2022-23,2024-12-31,nic:28/power_driven_hand_tools,index,102.9,
wpi,2022-23,2024-12-31,nic:29,index,104.6,
wpi,2022-23,2024-12-31,nic:29/bodies_coachwork_for_motor_vehicles_manufacture_of_trailers_and_semi_trailers,index,102.3,
wpi,2022-23,2024-12-31,nic:29/motor_vehicles,index,109.4,
wpi,2022-23,2024-12-31,nic:29/parts_and_accessories_for_motor_vehicles,index,98.6,
wpi,2022-23,2024-12-31,nic:30,index,102.2,
wpi,2022-23,2024-12-31,nic:30/air_and_spacecraft_and_related_machinery,index,107.8,
wpi,2022-23,2024-12-31,nic:30/bicycles_and_invalid_carriages,index,101.4,
wpi,2022-23,2024-12-31,nic:30/building_of_ships_and_floating_structures,index,100.8,
wpi,2022-23,2024-12-31,nic:30/motorcycles,index,101.7,
wpi,2022-23,2024-12-31,nic:30/other_transport_equipment,index,101.7,
wpi,2022-23,2024-12-31,nic:30/railway_locomotives_and_rolling_stock,index,103.4,
wpi,2022-23,2024-12-31,nic:31,index,102.4,
wpi,2022-23,2024-12-31,nic:31/other_furniture,index,99.2,
wpi,2022-23,2024-12-31,nic:31/wooden_furniture,index,104.2,
wpi,2022-23,2024-12-31,nic:32,index,111.0,
wpi,2022-23,2024-12-31,nic:32/games_and_toys,index,107.3,
wpi,2022-23,2024-12-31,nic:32/imitation_jewellery_and_related_articles,index,122.1,
wpi,2022-23,2024-12-31,nic:32/jewellery_and_related_articles,index,112.2,
wpi,2022-23,2024-12-31,nic:32/medical_and_dental_instruments_and_supplies,index,102.4,
wpi,2022-23,2024-12-31,nic:32/musical_instruments,index,111.4,
wpi,2022-23,2024-12-31,nic:32/other_manufacturing,index,107.7,
wpi,2022-23,2024-12-31,nic:32/sports_goods,index,108.4,
wpi,2022-23,2024-12-31,wpi:all,index,101.6,
wpi,2022-23,2024-12-31,wpi:food_index,index,114.6,
wpi,2022-23,2024-12-31,wpi:fuel_power,index,91.4,
wpi,2022-23,2024-12-31,wpi:fuel_power/coal_and_lignite,index,89.5,
wpi,2022-23,2024-12-31,wpi:fuel_power/coal_and_lignite/coking_coal,index,89.9,
wpi,2022-23,2024-12-31,wpi:fuel_power/coal_and_lignite/coking_coal/coking_coal,index,89.9,
wpi,2022-23,2024-12-31,wpi:fuel_power/coal_and_lignite/lignite,index,65.5,
wpi,2022-23,2024-12-31,wpi:fuel_power/coal_and_lignite/non_coking_coal,index,90.4,
wpi,2022-23,2024-12-31,wpi:fuel_power/coal_and_lignite/non_coking_coal/non_coking_coal_g15_to_g17_gcv_3100_kcal_kg,index,99.9,
wpi,2022-23,2024-12-31,wpi:fuel_power/coal_and_lignite/non_coking_coal/non_coking_coal_g1_to_g6_gcv_exceeding_5500_kcal_kg,index,96.6,
wpi,2022-23,2024-12-31,wpi:fuel_power/coal_and_lignite/non_coking_coal/non_coking_coal_g7_to_g14_gcv_3100_kcal_kg_to_5500_kcal_kg,index,89.3,
wpi,2022-23,2024-12-31,wpi:fuel_power/crude_petroleum_natural_gas,index,93.2,
wpi,2022-23,2024-12-31,wpi:fuel_power/electricity,index,98.3,
wpi,2022-23,2024-12-31,wpi:fuel_power/electricity/hydro_electricity,index,155.2,
wpi,2022-23,2024-12-31,wpi:fuel_power/electricity/nuclear,index,101.2,
wpi,2022-23,2024-12-31,wpi:fuel_power/electricity/solar,index,95.3,
wpi,2022-23,2024-12-31,wpi:fuel_power/electricity/thermal_electricity,index,92.9,
wpi,2022-23,2024-12-31,wpi:fuel_power/electricity/wind,index,108.4,
wpi,2022-23,2024-12-31,wpi:fuel_power/mineral_oils,index,87.7,
wpi,2022-23,2024-12-31,wpi:manufactured,index,98.9,
wpi,2022-23,2024-12-31,wpi:primary,index,115.2,
wpi,2022-23,2024-12-31,wpi:primary/food_articles,index,119.8,
wpi,2022-23,2024-12-31,wpi:primary/food_articles/condiments_spices,index,170.4,
wpi,2022-23,2024-12-31,wpi:primary/food_articles/eggs_meat_fish,index,105.9,
wpi,2022-23,2024-12-31,wpi:primary/food_articles/food_grains_cereals_pulses,index,121.6,
wpi,2022-23,2024-12-31,wpi:primary/food_articles/food_grains_cereals_pulses/cereals,index,121.2,
wpi,2022-23,2024-12-31,wpi:primary/food_articles/food_grains_cereals_pulses/pulses,index,123.8,
wpi,2022-23,2024-12-31,wpi:primary/food_articles/fruits_vegetables,index,131.1,
wpi,2022-23,2024-12-31,wpi:primary/food_articles/fruits_vegetables/fruits,index,114.1,
wpi,2022-23,2024-12-31,wpi:primary/food_articles/fruits_vegetables/vegetables,index,147.6,
wpi,2022-23,2024-12-31,wpi:primary/food_articles/milk,index,111.2,
wpi,2022-23,2024-12-31,wpi:primary/food_articles/other_food_articles,index,115.8,
wpi,2022-23,2024-12-31,wpi:primary/minerals,index,113.3,
wpi,2022-23,2024-12-31,wpi:primary/minerals/metallic_minerals,index,121.7,
wpi,2022-23,2024-12-31,wpi:primary/minerals/minor_minerals,index,104.1,
wpi,2022-23,2024-12-31,wpi:primary/minerals/other_minerals,index,101.8,
wpi,2022-23,2024-12-31,wpi:primary/non_food_articles,index,102.3,
wpi,2022-23,2024-12-31,wpi:primary/non_food_articles/fibres,index,77.7,
wpi,2022-23,2024-12-31,wpi:primary/non_food_articles/floriculture,index,124.5,
wpi,2022-23,2024-12-31,wpi:primary/non_food_articles/medicinal_plants,index,81.2,
wpi,2022-23,2024-12-31,wpi:primary/non_food_articles/oil_seeds,index,92.1,
wpi,2022-23,2024-12-31,wpi:primary/non_food_articles/other_non_food_articles,index,108.4,
wpi,2022-23,2025-01-31,nic:10,index,105.3,
wpi,2022-23,2025-01-31,nic:10/bakery_products,index,106.0,
wpi,2022-23,2025-01-31,nic:10/cocoa_chocolate_and_sugar_confectionery,index,111.1,
wpi,2022-23,2025-01-31,nic:10/dairy_products,index,104.3,
wpi,2022-23,2025-01-31,nic:10/grain_mill_products,index,113.8,
wpi,2022-23,2025-01-31,nic:10/macaroni_noodles_couscous_and_similar_farinaceous_products,index,110.3,
wpi,2022-23,2025-01-31,nic:10/other_food_products,index,102.7,
wpi,2022-23,2025-01-31,nic:10/prepared_animal_feeds,index,97.7,
wpi,2022-23,2025-01-31,nic:10/processing_and_preserving_of_fish_crustaceans_and_molluscs,index,102.4,
wpi,2022-23,2025-01-31,nic:10/processing_and_preserving_of_fruit_and_vegetables,index,107.7,
wpi,2022-23,2025-01-31,nic:10/processing_and_preserving_of_meat,index,116.5,
wpi,2022-23,2025-01-31,nic:10/processing_of_coffee_and_tea,index,96.1,
wpi,2022-23,2025-01-31,nic:10/starches_and_starch_products,index,96.7,
wpi,2022-23,2025-01-31,nic:10/sugar,index,107.6,
wpi,2022-23,2025-01-31,nic:10/vegetable_and_animal_oils_and_fats,index,100.1,
wpi,2022-23,2025-01-31,nic:11,index,104.0,
wpi,2022-23,2025-01-31,nic:11/beer,index,107.8,
wpi,2022-23,2025-01-31,nic:11/distilling_rectifying_and_blending_of_spirits,index,110.2,
wpi,2022-23,2025-01-31,nic:11/soft_drinks_production_of_mineral_waters_and_other_bottled_waters,index,101.7,
wpi,2022-23,2025-01-31,nic:11/wines,index,110.6,
wpi,2022-23,2025-01-31,nic:12,index,108.4,
wpi,2022-23,2025-01-31,nic:12/tobacco_products,index,108.4,
wpi,2022-23,2025-01-31,nic:13,index,92.4,
wpi,2022-23,2025-01-31,nic:13/carpets_and_rugs,index,106.7,
wpi,2022-23,2025-01-31,nic:13/cordage_rope_twine_and_netting,index,102.8,
wpi,2022-23,2025-01-31,nic:13/knitted_and_crocheted_fabrics,index,92.1,
wpi,2022-23,2025-01-31,nic:13/made_up_textile_articles_except_apparel,index,100.9,
wpi,2022-23,2025-01-31,nic:13/other_textiles,index,101.3,
wpi,2022-23,2025-01-31,nic:13/preparation_and_spinning_of_textile_fibres,index,88.7,
wpi,2022-23,2025-01-31,nic:13/weaving_of_textiles,index,96.3,
wpi,2022-23,2025-01-31,nic:14,index,105.9,
wpi,2022-23,2025-01-31,nic:14/knitted_and_crocheted_apparel,index,105.4,
wpi,2022-23,2025-01-31,nic:14/wearing_apparel_except_fur_apparel,index,106.4,
wpi,2022-23,2025-01-31,nic:15,index,102.2,
wpi,2022-23,2025-01-31,nic:15/footwear,index,100.2,
wpi,2022-23,2025-01-31,nic:15/luggage_handbags_and_the_like_saddlery_and_harness_of_any_material,index,107.0,
wpi,2022-23,2025-01-31,nic:15/tanning_and_dressing_of_leather_dressing_and_dyeing_of_fur,index,110.0,
wpi,2022-23,2025-01-31,nic:16,index,106.6,
wpi,2022-23,2025-01-31,nic:16/other_products_of_wood_manufacture_of_articles_of_cork_straw_and_plaiting_materials,index,111.3,
wpi,2022-23,2025-01-31,nic:16/sawmilling_and_planing_of_wood,index,108.8,
wpi,2022-23,2025-01-31,nic:16/veneer_sheets_and_wood_based_panels,index,106.7,
wpi,2022-23,2025-01-31,nic:16/wooden_containers,index,103.8,
wpi,2022-23,2025-01-31,nic:17,index,90.9,
wpi,2022-23,2025-01-31,nic:17/corrugated_paper_and_paperboard_and_of_containers_of_paper_and_paperboard,index,91.3,
wpi,2022-23,2025-01-31,nic:17/other_articles_of_paper_and_paperboard,index,84.3,
wpi,2022-23,2025-01-31,nic:17/pulp_paper_and_paperboard,index,94.1,
wpi,2022-23,2025-01-31,nic:18,index,103.6,
wpi,2022-23,2025-01-31,nic:18/printing,index,103.6,
wpi,2022-23,2025-01-31,nic:20,index,91.3,
wpi,2022-23,2025-01-31,nic:20/basic_chemicals,index,87.1,
wpi,2022-23,2025-01-31,nic:20/fertilizers_and_nitrogen_compounds,index,94.2,
wpi,2022-23,2025-01-31,nic:20/man_made_fibres,index,92.6,
wpi,2022-23,2025-01-31,nic:20/other_chemical_products,index,87.9,
wpi,2022-23,2025-01-31,nic:20/paints_varnishes_and_similar_coatings_printing_ink_and_mastics,index,90.9,
wpi,2022-23,2025-01-31,nic:20/pesticides_and_other_agrochemical_products,index,88.0,
wpi,2022-23,2025-01-31,nic:20/plastics_and_synthetic_rubber_in_primary_forms,index,89.8,
wpi,2022-23,2025-01-31,nic:20/soap_and_detergents_cleaning_and_polishing_preparations_perfumes_and_toilet_preparations,index,99.1,
wpi,2022-23,2025-01-31,nic:21,index,99.5,
wpi,2022-23,2025-01-31,nic:21/pharmaceuticals_medicinal_chemical_and_botanical_products,index,99.5,
wpi,2022-23,2025-01-31,nic:22,index,96.7,
wpi,2022-23,2025-01-31,nic:22/other_rubber_products,index,105.1,
wpi,2022-23,2025-01-31,nic:22/plastics_products,index,93.4,
wpi,2022-23,2025-01-31,nic:22/rubber_tyres_and_tubes_retreading_and_rebuilding_of_rubber_tyres,index,104.2,
wpi,2022-23,2025-01-31,nic:23,index,96.6,
wpi,2022-23,2025-01-31,nic:23/articles_of_concrete_cement_and_plaster,index,105.0,
wpi,2022-23,2025-01-31,nic:23/cement_lime_and_plaster,index,94.0,
wpi,2022-23,2025-01-31,nic:23/clay_building_materials,index,107.6,
wpi,2022-23,2025-01-31,nic:23/cutting_shaping_and_finishing_of_stone,index,118.1,
wpi,2022-23,2025-01-31,nic:23/glass_and_glass_products,index,95.2,
wpi,2022-23,2025-01-31,nic:23/other_porcelain_and_ceramic_products,index,102.3,
wpi,2022-23,2025-01-31,nic:23/refractory_products,index,96.5,
wpi,2022-23,2025-01-31,nic:24,index,90.5,
wpi,2022-23,2025-01-31,nic:24/basic_iron_and_steel,index,84.6,
wpi,2022-23,2025-01-31,nic:24/basic_precious_and_other_non_ferrous_metals,index,115.1,
wpi,2022-23,2025-01-31,nic:24/casting_of_iron_and_steel,index,93.1,
wpi,2022-23,2025-01-31,nic:25,index,98.4,
wpi,2022-23,2025-01-31,nic:25/cutlery_hand_tools_and_general_hardware,index,99.5,
wpi,2022-23,2025-01-31,nic:25/forging_pressing_stamping_and_roll_forming_of_metal_powder_metallurgy,index,98.0,
wpi,2022-23,2025-01-31,nic:25/other_fabricated_metal_products,index,101.0,
wpi,2022-23,2025-01-31,nic:25/steam_generators_except_central_heating_hot_water_boilers,index,108.3,
wpi,2022-23,2025-01-31,nic:25/structural_metal_products,index,99.5,
wpi,2022-23,2025-01-31,nic:25/tanks_reservoirs_and_containers_of_metal,index,92.5,
wpi,2022-23,2025-01-31,nic:25/treatment_and_coating_of_metals_machining,index,83.5,
wpi,2022-23,2025-01-31,nic:25/weapons_and_ammunition,index,86.6,
wpi,2022-23,2025-01-31,nic:26,index,99.9,
wpi,2022-23,2025-01-31,nic:26/communication_equipment,index,100.4,
wpi,2022-23,2025-01-31,nic:26/computers_and_peripheral_equipment,index,97.2,
wpi,2022-23,2025-01-31,nic:26/consumer_electronics,index,97.4,
wpi,2022-23,2025-01-31,nic:26/irradiation_electromedical_and_electrotherapeutic_equipment,index,96.2,
wpi,2022-23,2025-01-31,nic:26/magnetic_and_optical_media,index,83.9,
wpi,2022-23,2025-01-31,nic:26/measuring_testing_navigating_and_control_equipment,index,108.4,
wpi,2022-23,2025-01-31,nic:26/optical_instruments_and_photographic_equipment,index,109.8,
wpi,2022-23,2025-01-31,nic:26/other_electronic_components_and_boards,index,95.7,
wpi,2022-23,2025-01-31,nic:26/solar_cells_solar_panels_and_photovoltaic_inverters,index,97.4,
wpi,2022-23,2025-01-31,nic:26/watches_and_clocks,index,106.8,
wpi,2022-23,2025-01-31,nic:27,index,101.7,
wpi,2022-23,2025-01-31,nic:27/batteries_and_accumulators,index,96.2,
wpi,2022-23,2025-01-31,nic:27/domestic_appliances,index,96.5,
wpi,2022-23,2025-01-31,nic:27/electric_lighting_equipment,index,87.4,
wpi,2022-23,2025-01-31,nic:27/electric_motors_generators_transformers_and_electricity_distribution_and_control_apparatus,index,105.0,
wpi,2022-23,2025-01-31,nic:27/fibre_optic_cables,index,96.0,
wpi,2022-23,2025-01-31,nic:27/other_electrical_equipment,index,99.5,
wpi,2022-23,2025-01-31,nic:27/other_electronic_and_electric_wires_and_cables,index,107.5,
wpi,2022-23,2025-01-31,nic:27/wiring_devices,index,103.9,
wpi,2022-23,2025-01-31,nic:28,index,103.1,
wpi,2022-23,2025-01-31,nic:28/agricultural_and_forestry_machinery,index,103.2,
wpi,2022-23,2025-01-31,nic:28/bearings_gears_gearing_and_driving_elements,index,102.7,
wpi,2022-23,2025-01-31,nic:28/engines_and_turbines_except_aircraft_vehicle_and_cycle_engines,index,96.9,
wpi,2022-23,2025-01-31,nic:28/fluid_power_equipment,index,102.0,
wpi,2022-23,2025-01-31,nic:28/lifting_and_handling_equipment,index,104.0,
wpi,2022-23,2025-01-31,nic:28/machinery_for_food_beverage_and_tobacco_processing,index,100.5,
wpi,2022-23,2025-01-31,nic:28/machinery_for_metallurgy,index,113.0,
wpi,2022-23,2025-01-31,nic:28/machinery_for_mining_quarrying_and_construction,index,106.1,
wpi,2022-23,2025-01-31,nic:28/machinery_for_textile_apparel_and_leather_production,index,107.3,
wpi,2022-23,2025-01-31,nic:28/metal_forming_machinery_and_machine_tools,index,103.9,
wpi,2022-23,2025-01-31,nic:28/other_general_purpose_machinery,index,102.6,
wpi,2022-23,2025-01-31,nic:28/other_pumps_compressors_taps_and_valves,index,103.9,
wpi,2022-23,2025-01-31,nic:28/other_special_purpose_machinery,index,100.4,
wpi,2022-23,2025-01-31,nic:28/ovens_furnaces_and_permanent_household_heating_equipment,index,109.8,
wpi,2022-23,2025-01-31,nic:28/power_driven_hand_tools,index,103.7,
wpi,2022-23,2025-01-31,nic:29,index,105.5,
wpi,2022-23,2025-01-31,nic:29/bodies_coachwork_for_motor_vehicles_manufacture_of_trailers_and_semi_trailers,index,102.1,
wpi,2022-23,2025-01-31,nic:29/motor_vehicles,index,110.9,
wpi,2022-23,2025-01-31,nic:29/parts_and_accessories_for_motor_vehicles,index,98.9,
wpi,2022-23,2025-01-31,nic:30,index,102.7,
wpi,2022-23,2025-01-31,nic:30/air_and_spacecraft_and_related_machinery,index,110.1,
wpi,2022-23,2025-01-31,nic:30/bicycles_and_invalid_carriages,index,102.5,
wpi,2022-23,2025-01-31,nic:30/building_of_ships_and_floating_structures,index,100.9,
wpi,2022-23,2025-01-31,nic:30/motorcycles,index,102.8,
wpi,2022-23,2025-01-31,nic:30/other_transport_equipment,index,100.3,
wpi,2022-23,2025-01-31,nic:30/railway_locomotives_and_rolling_stock,index,102.1,
wpi,2022-23,2025-01-31,nic:31,index,102.6,
wpi,2022-23,2025-01-31,nic:31/other_furniture,index,98.6,
wpi,2022-23,2025-01-31,nic:31/wooden_furniture,index,104.8,
wpi,2022-23,2025-01-31,nic:32,index,115.0,
wpi,2022-23,2025-01-31,nic:32/games_and_toys,index,107.2,
wpi,2022-23,2025-01-31,nic:32/imitation_jewellery_and_related_articles,index,122.3,
wpi,2022-23,2025-01-31,nic:32/jewellery_and_related_articles,index,117.0,
wpi,2022-23,2025-01-31,nic:32/medical_and_dental_instruments_and_supplies,index,104.0,
wpi,2022-23,2025-01-31,nic:32/musical_instruments,index,110.7,
wpi,2022-23,2025-01-31,nic:32/other_manufacturing,index,108.4,
wpi,2022-23,2025-01-31,nic:32/sports_goods,index,108.4,
wpi,2022-23,2025-01-31,wpi:all,index,101.1,
wpi,2022-23,2025-01-31,wpi:food_index,index,111.8,
wpi,2022-23,2025-01-31,wpi:fuel_power,index,91.5,
wpi,2022-23,2025-01-31,wpi:fuel_power/coal_and_lignite,index,89.7,
wpi,2022-23,2025-01-31,wpi:fuel_power/coal_and_lignite/coking_coal,index,88.3,
wpi,2022-23,2025-01-31,wpi:fuel_power/coal_and_lignite/coking_coal/coking_coal,index,88.3,
wpi,2022-23,2025-01-31,wpi:fuel_power/coal_and_lignite/lignite,index,65.5,
wpi,2022-23,2025-01-31,wpi:fuel_power/coal_and_lignite/non_coking_coal,index,90.8,
wpi,2022-23,2025-01-31,wpi:fuel_power/coal_and_lignite/non_coking_coal/non_coking_coal_g15_to_g17_gcv_3100_kcal_kg,index,94.5,
wpi,2022-23,2025-01-31,wpi:fuel_power/coal_and_lignite/non_coking_coal/non_coking_coal_g1_to_g6_gcv_exceeding_5500_kcal_kg,index,97.8,
wpi,2022-23,2025-01-31,wpi:fuel_power/coal_and_lignite/non_coking_coal/non_coking_coal_g7_to_g14_gcv_3100_kcal_kg_to_5500_kcal_kg,index,89.6,
wpi,2022-23,2025-01-31,wpi:fuel_power/crude_petroleum_natural_gas,index,98.5,
wpi,2022-23,2025-01-31,wpi:fuel_power/electricity,index,96.7,
wpi,2022-23,2025-01-31,wpi:fuel_power/electricity/hydro_electricity,index,159.1,
wpi,2022-23,2025-01-31,wpi:fuel_power/electricity/nuclear,index,101.2,
wpi,2022-23,2025-01-31,wpi:fuel_power/electricity/solar,index,96.0,
wpi,2022-23,2025-01-31,wpi:fuel_power/electricity/thermal_electricity,index,90.6,
wpi,2022-23,2025-01-31,wpi:fuel_power/electricity/wind,index,108.4,
wpi,2022-23,2025-01-31,wpi:fuel_power/mineral_oils,index,88.3,
wpi,2022-23,2025-01-31,wpi:manufactured,index,99.2,
wpi,2022-23,2025-01-31,wpi:primary,index,112.2,
wpi,2022-23,2025-01-31,wpi:primary/food_articles,index,115.4,
wpi,2022-23,2025-01-31,wpi:primary/food_articles/condiments_spices,index,149.3,
wpi,2022-23,2025-01-31,wpi:primary/food_articles/eggs_meat_fish,index,106.2,
wpi,2022-23,2025-01-31,wpi:primary/food_articles/food_grains_cereals_pulses,index,122.0,
wpi,2022-23,2025-01-31,wpi:primary/food_articles/food_grains_cereals_pulses/cereals,index,122.2,
wpi,2022-23,2025-01-31,wpi:primary/food_articles/food_grains_cereals_pulses/pulses,index,120.8,
wpi,2022-23,2025-01-31,wpi:primary/food_articles/fruits_vegetables,index,113.2,
wpi,2022-23,2025-01-31,wpi:primary/food_articles/fruits_vegetables/fruits,index,114.2,
wpi,2022-23,2025-01-31,wpi:primary/food_articles/fruits_vegetables/vegetables,index,112.3,
wpi,2022-23,2025-01-31,wpi:primary/food_articles/milk,index,111.8,
wpi,2022-23,2025-01-31,wpi:primary/food_articles/other_food_articles,index,116.4,
wpi,2022-23,2025-01-31,wpi:primary/minerals,index,111.6,
wpi,2022-23,2025-01-31,wpi:primary/minerals/metallic_minerals,index,118.4,
wpi,2022-23,2025-01-31,wpi:primary/minerals/minor_minerals,index,103.4,
wpi,2022-23,2025-01-31,wpi:primary/minerals/other_minerals,index,104.3,
wpi,2022-23,2025-01-31,wpi:primary/non_food_articles,index,102.9,
wpi,2022-23,2025-01-31,wpi:primary/non_food_articles/fibres,index,78.6,
wpi,2022-23,2025-01-31,wpi:primary/non_food_articles/floriculture,index,121.5,
wpi,2022-23,2025-01-31,wpi:primary/non_food_articles/medicinal_plants,index,79.5,
wpi,2022-23,2025-01-31,wpi:primary/non_food_articles/oil_seeds,index,91.4,
wpi,2022-23,2025-01-31,wpi:primary/non_food_articles/other_non_food_articles,index,109.5,
wpi,2022-23,2025-02-28,nic:10,index,105.8,
wpi,2022-23,2025-02-28,nic:10/bakery_products,index,105.3,
wpi,2022-23,2025-02-28,nic:10/cocoa_chocolate_and_sugar_confectionery,index,111.4,
wpi,2022-23,2025-02-28,nic:10/dairy_products,index,105.0,
wpi,2022-23,2025-02-28,nic:10/grain_mill_products,index,112.5,
wpi,2022-23,2025-02-28,nic:10/macaroni_noodles_couscous_and_similar_farinaceous_products,index,107.7,
wpi,2022-23,2025-02-28,nic:10/other_food_products,index,102.6,
wpi,2022-23,2025-02-28,nic:10/prepared_animal_feeds,index,97.2,
wpi,2022-23,2025-02-28,nic:10/processing_and_preserving_of_fish_crustaceans_and_molluscs,index,102.5,
wpi,2022-23,2025-02-28,nic:10/processing_and_preserving_of_fruit_and_vegetables,index,106.8,
wpi,2022-23,2025-02-28,nic:10/processing_and_preserving_of_meat,index,118.8,
wpi,2022-23,2025-02-28,nic:10/processing_of_coffee_and_tea,index,101.7,
wpi,2022-23,2025-02-28,nic:10/starches_and_starch_products,index,95.4,
wpi,2022-23,2025-02-28,nic:10/sugar,index,112.4,
wpi,2022-23,2025-02-28,nic:10/vegetable_and_animal_oils_and_fats,index,100.3,
wpi,2022-23,2025-02-28,nic:11,index,103.3,
wpi,2022-23,2025-02-28,nic:11/beer,index,105.3,
wpi,2022-23,2025-02-28,nic:11/distilling_rectifying_and_blending_of_spirits,index,109.6,
wpi,2022-23,2025-02-28,nic:11/soft_drinks_production_of_mineral_waters_and_other_bottled_waters,index,101.2,
wpi,2022-23,2025-02-28,nic:11/wines,index,108.9,
wpi,2022-23,2025-02-28,nic:12,index,109.0,
wpi,2022-23,2025-02-28,nic:12/tobacco_products,index,109.0,
wpi,2022-23,2025-02-28,nic:13,index,92.6,
wpi,2022-23,2025-02-28,nic:13/carpets_and_rugs,index,108.4,
wpi,2022-23,2025-02-28,nic:13/cordage_rope_twine_and_netting,index,101.5,
wpi,2022-23,2025-02-28,nic:13/knitted_and_crocheted_fabrics,index,91.6,
wpi,2022-23,2025-02-28,nic:13/made_up_textile_articles_except_apparel,index,101.6,
wpi,2022-23,2025-02-28,nic:13/other_textiles,index,99.0,
wpi,2022-23,2025-02-28,nic:13/preparation_and_spinning_of_textile_fibres,index,89.0,
wpi,2022-23,2025-02-28,nic:13/weaving_of_textiles,index,96.1,
wpi,2022-23,2025-02-28,nic:14,index,106.2,
wpi,2022-23,2025-02-28,nic:14/knitted_and_crocheted_apparel,index,105.8,
wpi,2022-23,2025-02-28,nic:14/wearing_apparel_except_fur_apparel,index,106.5,
wpi,2022-23,2025-02-28,nic:15,index,102.2,
wpi,2022-23,2025-02-28,nic:15/footwear,index,100.7,
wpi,2022-23,2025-02-28,nic:15/luggage_handbags_and_the_like_saddlery_and_harness_of_any_material,index,106.4,
wpi,2022-23,2025-02-28,nic:15/tanning_and_dressing_of_leather_dressing_and_dyeing_of_fur,index,106.9,
wpi,2022-23,2025-02-28,nic:16,index,106.8,
wpi,2022-23,2025-02-28,nic:16/other_products_of_wood_manufacture_of_articles_of_cork_straw_and_plaiting_materials,index,111.8,
wpi,2022-23,2025-02-28,nic:16/sawmilling_and_planing_of_wood,index,109.1,
wpi,2022-23,2025-02-28,nic:16/veneer_sheets_and_wood_based_panels,index,106.8,
wpi,2022-23,2025-02-28,nic:16/wooden_containers,index,105.7,
wpi,2022-23,2025-02-28,nic:17,index,91.2,
wpi,2022-23,2025-02-28,nic:17/corrugated_paper_and_paperboard_and_of_containers_of_paper_and_paperboard,index,91.5,
wpi,2022-23,2025-02-28,nic:17/other_articles_of_paper_and_paperboard,index,84.5,
wpi,2022-23,2025-02-28,nic:17/pulp_paper_and_paperboard,index,94.4,
wpi,2022-23,2025-02-28,nic:18,index,103.5,
wpi,2022-23,2025-02-28,nic:18/printing,index,103.5,
wpi,2022-23,2025-02-28,nic:20,index,91.6,
wpi,2022-23,2025-02-28,nic:20/basic_chemicals,index,87.5,
wpi,2022-23,2025-02-28,nic:20/fertilizers_and_nitrogen_compounds,index,94.6,
wpi,2022-23,2025-02-28,nic:20/man_made_fibres,index,93.0,
wpi,2022-23,2025-02-28,nic:20/other_chemical_products,index,88.2,
wpi,2022-23,2025-02-28,nic:20/paints_varnishes_and_similar_coatings_printing_ink_and_mastics,index,90.5,
wpi,2022-23,2025-02-28,nic:20/pesticides_and_other_agrochemical_products,index,88.2,
wpi,2022-23,2025-02-28,nic:20/plastics_and_synthetic_rubber_in_primary_forms,index,90.5,
wpi,2022-23,2025-02-28,nic:20/soap_and_detergents_cleaning_and_polishing_preparations_perfumes_and_toilet_preparations,index,99.1,
wpi,2022-23,2025-02-28,nic:21,index,99.3,
wpi,2022-23,2025-02-28,nic:21/pharmaceuticals_medicinal_chemical_and_botanical_products,index,99.3,
wpi,2022-23,2025-02-28,nic:22,index,97.0,
wpi,2022-23,2025-02-28,nic:22/other_rubber_products,index,105.2,
wpi,2022-23,2025-02-28,nic:22/plastics_products,index,93.8,
wpi,2022-23,2025-02-28,nic:22/rubber_tyres_and_tubes_retreading_and_rebuilding_of_rubber_tyres,index,104.2,
wpi,2022-23,2025-02-28,nic:23,index,97.0,
wpi,2022-23,2025-02-28,nic:23/articles_of_concrete_cement_and_plaster,index,105.4,
wpi,2022-23,2025-02-28,nic:23/cement_lime_and_plaster,index,94.2,
wpi,2022-23,2025-02-28,nic:23/clay_building_materials,index,107.4,
wpi,2022-23,2025-02-28,nic:23/cutting_shaping_and_finishing_of_stone,index,117.8,
wpi,2022-23,2025-02-28,nic:23/glass_and_glass_products,index,96.5,
wpi,2022-23,2025-02-28,nic:23/other_porcelain_and_ceramic_products,index,103.4,
wpi,2022-23,2025-02-28,nic:23/refractory_products,index,96.9,
wpi,2022-23,2025-02-28,nic:24,index,91.3,
wpi,2022-23,2025-02-28,nic:24/basic_iron_and_steel,index,85.3,
wpi,2022-23,2025-02-28,nic:24/basic_precious_and_other_non_ferrous_metals,index,116.9,
wpi,2022-23,2025-02-28,nic:24/casting_of_iron_and_steel,index,92.6,
wpi,2022-23,2025-02-28,nic:25,index,99.2,
wpi,2022-23,2025-02-28,nic:25/cutlery_hand_tools_and_general_hardware,index,99.8,
wpi,2022-23,2025-02-28,nic:25/forging_pressing_stamping_and_roll_forming_of_metal_powder_metallurgy,index,98.0,
wpi,2022-23,2025-02-28,nic:25/other_fabricated_metal_products,index,102.1,
wpi,2022-23,2025-02-28,nic:25/steam_generators_except_central_heating_hot_water_boilers,index,108.6,
wpi,2022-23,2025-02-28,nic:25/structural_metal_products,index,101.5,
wpi,2022-23,2025-02-28,nic:25/tanks_reservoirs_and_containers_of_metal,index,91.8,
wpi,2022-23,2025-02-28,nic:25/treatment_and_coating_of_metals_machining,index,83.8,
wpi,2022-23,2025-02-28,nic:25/weapons_and_ammunition,index,82.8,
wpi,2022-23,2025-02-28,nic:26,index,100.6,
wpi,2022-23,2025-02-28,nic:26/communication_equipment,index,101.4,
wpi,2022-23,2025-02-28,nic:26/computers_and_peripheral_equipment,index,100.2,
wpi,2022-23,2025-02-28,nic:26/consumer_electronics,index,96.3,
wpi,2022-23,2025-02-28,nic:26/irradiation_electromedical_and_electrotherapeutic_equipment,index,94.3,
wpi,2022-23,2025-02-28,nic:26/magnetic_and_optical_media,index,84.5,
wpi,2022-23,2025-02-28,nic:26/measuring_testing_navigating_and_control_equipment,index,107.7,
wpi,2022-23,2025-02-28,nic:26/optical_instruments_and_photographic_equipment,index,110.7,
wpi,2022-23,2025-02-28,nic:26/other_electronic_components_and_boards,index,95.4,
wpi,2022-23,2025-02-28,nic:26/solar_cells_solar_panels_and_photovoltaic_inverters,index,97.0,
wpi,2022-23,2025-02-28,nic:26/watches_and_clocks,index,107.2,
wpi,2022-23,2025-02-28,nic:27,index,102.4,
wpi,2022-23,2025-02-28,nic:27/batteries_and_accumulators,index,94.2,
wpi,2022-23,2025-02-28,nic:27/domestic_appliances,index,96.5,
wpi,2022-23,2025-02-28,nic:27/electric_lighting_equipment,index,87.7,
wpi,2022-23,2025-02-28,nic:27/electric_motors_generators_transformers_and_electricity_distribution_and_control_apparatus,index,105.6,
wpi,2022-23,2025-02-28,nic:27/fibre_optic_cables,index,98.2,
wpi,2022-23,2025-02-28,nic:27/other_electrical_equipment,index,99.8,
wpi,2022-23,2025-02-28,nic:27/other_electronic_and_electric_wires_and_cables,index,110.5,
wpi,2022-23,2025-02-28,nic:27/wiring_devices,index,103.3,
wpi,2022-23,2025-02-28,nic:28,index,103.0,
wpi,2022-23,2025-02-28,nic:28/agricultural_and_forestry_machinery,index,103.4,
wpi,2022-23,2025-02-28,nic:28/bearings_gears_gearing_and_driving_elements,index,102.1,
wpi,2022-23,2025-02-28,nic:28/engines_and_turbines_except_aircraft_vehicle_and_cycle_engines,index,99.9,
wpi,2022-23,2025-02-28,nic:28/fluid_power_equipment,index,97.9,
wpi,2022-23,2025-02-28,nic:28/lifting_and_handling_equipment,index,102.0,
wpi,2022-23,2025-02-28,nic:28/machinery_for_food_beverage_and_tobacco_processing,index,99.4,
wpi,2022-23,2025-02-28,nic:28/machinery_for_metallurgy,index,110.3,
wpi,2022-23,2025-02-28,nic:28/machinery_for_mining_quarrying_and_construction,index,106.3,
wpi,2022-23,2025-02-28,nic:28/machinery_for_textile_apparel_and_leather_production,index,105.1,
wpi,2022-23,2025-02-28,nic:28/metal_forming_machinery_and_machine_tools,index,104.4,
wpi,2022-23,2025-02-28,nic:28/other_general_purpose_machinery,index,101.6,
wpi,2022-23,2025-02-28,nic:28/other_pumps_compressors_taps_and_valves,index,105.5,
wpi,2022-23,2025-02-28,nic:28/other_special_purpose_machinery,index,98.5,
wpi,2022-23,2025-02-28,nic:28/ovens_furnaces_and_permanent_household_heating_equipment,index,109.5,
wpi,2022-23,2025-02-28,nic:28/power_driven_hand_tools,index,103.3,
wpi,2022-23,2025-02-28,nic:29,index,104.5,
wpi,2022-23,2025-02-28,nic:29/bodies_coachwork_for_motor_vehicles_manufacture_of_trailers_and_semi_trailers,index,102.1,
wpi,2022-23,2025-02-28,nic:29/motor_vehicles,index,109.2,
wpi,2022-23,2025-02-28,nic:29/parts_and_accessories_for_motor_vehicles,index,98.7,
wpi,2022-23,2025-02-28,nic:30,index,103.4,
wpi,2022-23,2025-02-28,nic:30/air_and_spacecraft_and_related_machinery,index,111.7,
wpi,2022-23,2025-02-28,nic:30/bicycles_and_invalid_carriages,index,102.0,
wpi,2022-23,2025-02-28,nic:30/building_of_ships_and_floating_structures,index,100.9,
wpi,2022-23,2025-02-28,nic:30/motorcycles,index,103.6,
wpi,2022-23,2025-02-28,nic:30/other_transport_equipment,index,101.0,
wpi,2022-23,2025-02-28,nic:30/railway_locomotives_and_rolling_stock,index,102.2,
wpi,2022-23,2025-02-28,nic:31,index,102.7,
wpi,2022-23,2025-02-28,nic:31/other_furniture,index,98.9,
wpi,2022-23,2025-02-28,nic:31/wooden_furniture,index,104.8,
wpi,2022-23,2025-02-28,nic:32,index,118.9,
wpi,2022-23,2025-02-28,nic:32/games_and_toys,index,106.6,
wpi,2022-23,2025-02-28,nic:32/imitation_jewellery_and_related_articles,index,121.0,
wpi,2022-23,2025-02-28,nic:32/jewellery_and_related_articles,index,121.9,
wpi,2022-23,2025-02-28,nic:32/medical_and_dental_instruments_and_supplies,index,103.9,
wpi,2022-23,2025-02-28,nic:32/musical_instruments,index,111.4,
wpi,2022-23,2025-02-28,nic:32/other_manufacturing,index,108.6,
wpi,2022-23,2025-02-28,nic:32/sports_goods,index,108.4,
wpi,2022-23,2025-02-28,wpi:all,index,100.9,
wpi,2022-23,2025-02-28,wpi:food_index,index,109.9,
wpi,2022-23,2025-02-28,wpi:fuel_power,index,92.1,
wpi,2022-23,2025-02-28,wpi:fuel_power/coal_and_lignite,index,88.6,
wpi,2022-23,2025-02-28,wpi:fuel_power/coal_and_lignite/coking_coal,index,90.9,
wpi,2022-23,2025-02-28,wpi:fuel_power/coal_and_lignite/coking_coal/coking_coal,index,90.9,
wpi,2022-23,2025-02-28,wpi:fuel_power/coal_and_lignite/lignite,index,64.5,
wpi,2022-23,2025-02-28,wpi:fuel_power/coal_and_lignite/non_coking_coal,index,89.3,
wpi,2022-23,2025-02-28,wpi:fuel_power/coal_and_lignite/non_coking_coal/non_coking_coal_g15_to_g17_gcv_3100_kcal_kg,index,88.3,
wpi,2022-23,2025-02-28,wpi:fuel_power/coal_and_lignite/non_coking_coal/non_coking_coal_g1_to_g6_gcv_exceeding_5500_kcal_kg,index,97.1,
wpi,2022-23,2025-02-28,wpi:fuel_power/coal_and_lignite/non_coking_coal/non_coking_coal_g7_to_g14_gcv_3100_kcal_kg_to_5500_kcal_kg,index,88.2,
wpi,2022-23,2025-02-28,wpi:fuel_power/crude_petroleum_natural_gas,index,97.6,
wpi,2022-23,2025-02-28,wpi:fuel_power/electricity,index,96.2,
wpi,2022-23,2025-02-28,wpi:fuel_power/electricity/hydro_electricity,index,151.2,
wpi,2022-23,2025-02-28,wpi:fuel_power/electricity/nuclear,index,101.2,
wpi,2022-23,2025-02-28,wpi:fuel_power/electricity/solar,index,97.2,
wpi,2022-23,2025-02-28,wpi:fuel_power/electricity/thermal_electricity,index,90.7,
wpi,2022-23,2025-02-28,wpi:fuel_power/electricity/wind,index,108.0,
wpi,2022-23,2025-02-28,wpi:fuel_power/mineral_oils,index,89.7,
wpi,2022-23,2025-02-28,wpi:manufactured,index,99.6,
wpi,2022-23,2025-02-28,wpi:primary,index,109.8,
wpi,2022-23,2025-02-28,wpi:primary/food_articles,index,112.2,
wpi,2022-23,2025-02-28,wpi:primary/food_articles/condiments_spices,index,118.0,
wpi,2022-23,2025-02-28,wpi:primary/food_articles/eggs_meat_fish,index,103.7,
wpi,2022-23,2025-02-28,wpi:primary/food_articles/food_grains_cereals_pulses,index,121.6,
wpi,2022-23,2025-02-28,wpi:primary/food_articles/food_grains_cereals_pulses/cereals,index,122.5,
wpi,2022-23,2025-02-28,wpi:primary/food_articles/food_grains_cereals_pulses/pulses,index,116.7,
wpi,2022-23,2025-02-28,wpi:primary/food_articles/fruits_vegetables,index,107.8,
wpi,2022-23,2025-02-28,wpi:primary/food_articles/fruits_vegetables/fruits,index,119.0,
wpi,2022-23,2025-02-28,wpi:primary/food_articles/fruits_vegetables/vegetables,index,96.9,
wpi,2022-23,2025-02-28,wpi:primary/food_articles/milk,index,111.6,
wpi,2022-23,2025-02-28,wpi:primary/food_articles/other_food_articles,index,118.5,
wpi,2022-23,2025-02-28,wpi:primary/minerals,index,110.5,
wpi,2022-23,2025-02-28,wpi:primary/minerals/metallic_minerals,index,116.7,
wpi,2022-23,2025-02-28,wpi:primary/minerals/minor_minerals,index,102.2,
wpi,2022-23,2025-02-28,wpi:primary/minerals/other_minerals,index,105.6,
wpi,2022-23,2025-02-28,wpi:primary/non_food_articles,index,102.5,
wpi,2022-23,2025-02-28,wpi:primary/non_food_articles/fibres,index,78.4,
wpi,2022-23,2025-02-28,wpi:primary/non_food_articles/floriculture,index,119.4,
wpi,2022-23,2025-02-28,wpi:primary/non_food_articles/medicinal_plants,index,76.1,
wpi,2022-23,2025-02-28,wpi:primary/non_food_articles/oil_seeds,index,90.2,
wpi,2022-23,2025-02-28,wpi:primary/non_food_articles/other_non_food_articles,index,109.4,
wpi,2022-23,2025-03-31,nic:10,index,106.4,
wpi,2022-23,2025-03-31,nic:10/bakery_products,index,106.4,
wpi,2022-23,2025-03-31,nic:10/cocoa_chocolate_and_sugar_confectionery,index,113.1,
wpi,2022-23,2025-03-31,nic:10/dairy_products,index,105.3,
wpi,2022-23,2025-03-31,nic:10/grain_mill_products,index,111.6,
wpi,2022-23,2025-03-31,nic:10/macaroni_noodles_couscous_and_similar_farinaceous_products,index,107.2,
wpi,2022-23,2025-03-31,nic:10/other_food_products,index,102.2,
wpi,2022-23,2025-03-31,nic:10/prepared_animal_feeds,index,96.2,
wpi,2022-23,2025-03-31,nic:10/processing_and_preserving_of_fish_crustaceans_and_molluscs,index,99.8,
wpi,2022-23,2025-03-31,nic:10/processing_and_preserving_of_fruit_and_vegetables,index,106.3,
wpi,2022-23,2025-03-31,nic:10/processing_and_preserving_of_meat,index,119.2,
wpi,2022-23,2025-03-31,nic:10/processing_of_coffee_and_tea,index,114.2,
wpi,2022-23,2025-03-31,nic:10/starches_and_starch_products,index,94.0,
wpi,2022-23,2025-03-31,nic:10/sugar,index,114.2,
wpi,2022-23,2025-03-31,nic:10/vegetable_and_animal_oils_and_fats,index,101.1,
wpi,2022-23,2025-03-31,nic:11,index,103.4,
wpi,2022-23,2025-03-31,nic:11/beer,index,106.7,
wpi,2022-23,2025-03-31,nic:11/distilling_rectifying_and_blending_of_spirits,index,109.0,
wpi,2022-23,2025-03-31,nic:11/soft_drinks_production_of_mineral_waters_and_other_bottled_waters,index,101.3,
wpi,2022-23,2025-03-31,nic:11/wines,index,108.2,
wpi,2022-23,2025-03-31,nic:12,index,109.6,
wpi,2022-23,2025-03-31,nic:12/tobacco_products,index,109.6,
wpi,2022-23,2025-03-31,nic:13,index,91.9,
wpi,2022-23,2025-03-31,nic:13/carpets_and_rugs,index,105.1,
wpi,2022-23,2025-03-31,nic:13/cordage_rope_twine_and_netting,index,104.2,
wpi,2022-23,2025-03-31,nic:13/knitted_and_crocheted_fabrics,index,91.6,
wpi,2022-23,2025-03-31,nic:13/made_up_textile_articles_except_apparel,index,101.0,
wpi,2022-23,2025-03-31,nic:13/other_textiles,index,99.3,
wpi,2022-23,2025-03-31,nic:13/preparation_and_spinning_of_textile_fibres,index,88.6,
wpi,2022-23,2025-03-31,nic:13/weaving_of_textiles,index,94.2,
wpi,2022-23,2025-03-31,nic:14,index,106.8,
wpi,2022-23,2025-03-31,nic:14/knitted_and_crocheted_apparel,index,106.6,
wpi,2022-23,2025-03-31,nic:14/wearing_apparel_except_fur_apparel,index,107.0,
wpi,2022-23,2025-03-31,nic:15,index,102.2,
wpi,2022-23,2025-03-31,nic:15/footwear,index,100.6,
wpi,2022-23,2025-03-31,nic:15/luggage_handbags_and_the_like_saddlery_and_harness_of_any_material,index,105.7,
wpi,2022-23,2025-03-31,nic:15/tanning_and_dressing_of_leather_dressing_and_dyeing_of_fur,index,108.5,
wpi,2022-23,2025-03-31,nic:16,index,106.7,
wpi,2022-23,2025-03-31,nic:16/other_products_of_wood_manufacture_of_articles_of_cork_straw_and_plaiting_materials,index,111.8,
wpi,2022-23,2025-03-31,nic:16/sawmilling_and_planing_of_wood,index,110.5,
wpi,2022-23,2025-03-31,nic:16/veneer_sheets_and_wood_based_panels,index,106.7,
wpi,2022-23,2025-03-31,nic:16/wooden_containers,index,103.8,
wpi,2022-23,2025-03-31,nic:17,index,91.3,
wpi,2022-23,2025-03-31,nic:17/corrugated_paper_and_paperboard_and_of_containers_of_paper_and_paperboard,index,91.5,
wpi,2022-23,2025-03-31,nic:17/other_articles_of_paper_and_paperboard,index,84.4,
wpi,2022-23,2025-03-31,nic:17/pulp_paper_and_paperboard,index,94.7,
wpi,2022-23,2025-03-31,nic:18,index,103.6,
wpi,2022-23,2025-03-31,nic:18/printing,index,103.6,
wpi,2022-23,2025-03-31,nic:20,index,91.3,
wpi,2022-23,2025-03-31,nic:20/basic_chemicals,index,87.1,
wpi,2022-23,2025-03-31,nic:20/fertilizers_and_nitrogen_compounds,index,94.9,
wpi,2022-23,2025-03-31,nic:20/man_made_fibres,index,92.2,
wpi,2022-23,2025-03-31,nic:20/other_chemical_products,index,86.3,
wpi,2022-23,2025-03-31,nic:20/paints_varnishes_and_similar_coatings_printing_ink_and_mastics,index,90.6,
wpi,2022-23,2025-03-31,nic:20/pesticides_and_other_agrochemical_products,index,86.6,
wpi,2022-23,2025-03-31,nic:20/plastics_and_synthetic_rubber_in_primary_forms,index,90.0,
wpi,2022-23,2025-03-31,nic:20/soap_and_detergents_cleaning_and_polishing_preparations_perfumes_and_toilet_preparations,index,99.9,
wpi,2022-23,2025-03-31,nic:21,index,99.7,
wpi,2022-23,2025-03-31,nic:21/pharmaceuticals_medicinal_chemical_and_botanical_products,index,99.7,
wpi,2022-23,2025-03-31,nic:22,index,96.7,
wpi,2022-23,2025-03-31,nic:22/other_rubber_products,index,106.4,
wpi,2022-23,2025-03-31,nic:22/plastics_products,index,93.4,
wpi,2022-23,2025-03-31,nic:22/rubber_tyres_and_tubes_retreading_and_rebuilding_of_rubber_tyres,index,103.7,
wpi,2022-23,2025-03-31,nic:23,index,96.9,
wpi,2022-23,2025-03-31,nic:23/articles_of_concrete_cement_and_plaster,index,105.6,
wpi,2022-23,2025-03-31,nic:23/cement_lime_and_plaster,index,94.3,
wpi,2022-23,2025-03-31,nic:23/clay_building_materials,index,107.0,
wpi,2022-23,2025-03-31,nic:23/cutting_shaping_and_finishing_of_stone,index,118.0,
wpi,2022-23,2025-03-31,nic:23/glass_and_glass_products,index,95.8,
wpi,2022-23,2025-03-31,nic:23/other_porcelain_and_ceramic_products,index,102.7,
wpi,2022-23,2025-03-31,nic:23/refractory_products,index,96.4,
wpi,2022-23,2025-03-31,nic:24,index,92.2,
wpi,2022-23,2025-03-31,nic:24/basic_iron_and_steel,index,86.2,
wpi,2022-23,2025-03-31,nic:24/basic_precious_and_other_non_ferrous_metals,index,118.1,
wpi,2022-23,2025-03-31,nic:24/casting_of_iron_and_steel,index,93.4,
wpi,2022-23,2025-03-31,nic:25,index,99.3,
wpi,2022-23,2025-03-31,nic:25/cutlery_hand_tools_and_general_hardware,index,100.0,
wpi,2022-23,2025-03-31,nic:25/forging_pressing_stamping_and_roll_forming_of_metal_powder_metallurgy,index,97.8,
wpi,2022-23,2025-03-31,nic:25/other_fabricated_metal_products,index,102.0,
wpi,2022-23,2025-03-31,nic:25/steam_generators_except_central_heating_hot_water_boilers,index,109.2,
wpi,2022-23,2025-03-31,nic:25/structural_metal_products,index,100.6,
wpi,2022-23,2025-03-31,nic:25/tanks_reservoirs_and_containers_of_metal,index,93.6,
wpi,2022-23,2025-03-31,nic:25/treatment_and_coating_of_metals_machining,index,84.2,
wpi,2022-23,2025-03-31,nic:25/weapons_and_ammunition,index,82.7,
wpi,2022-23,2025-03-31,nic:26,index,102.6,
wpi,2022-23,2025-03-31,nic:26/communication_equipment,index,104.3,
wpi,2022-23,2025-03-31,nic:26/computers_and_peripheral_equipment,index,98.9,
wpi,2022-23,2025-03-31,nic:26/consumer_electronics,index,98.3,
wpi,2022-23,2025-03-31,nic:26/irradiation_electromedical_and_electrotherapeutic_equipment,index,93.7,
wpi,2022-23,2025-03-31,nic:26/magnetic_and_optical_media,index,94.5,
wpi,2022-23,2025-03-31,nic:26/measuring_testing_navigating_and_control_equipment,index,107.1,
wpi,2022-23,2025-03-31,nic:26/optical_instruments_and_photographic_equipment,index,110.4,
wpi,2022-23,2025-03-31,nic:26/other_electronic_components_and_boards,index,96.7,
wpi,2022-23,2025-03-31,nic:26/solar_cells_solar_panels_and_photovoltaic_inverters,index,95.0,
wpi,2022-23,2025-03-31,nic:26/watches_and_clocks,index,104.8,
wpi,2022-23,2025-03-31,nic:27,index,102.8,
wpi,2022-23,2025-03-31,nic:27/batteries_and_accumulators,index,95.1,
wpi,2022-23,2025-03-31,nic:27/domestic_appliances,index,96.9,
wpi,2022-23,2025-03-31,nic:27/electric_lighting_equipment,index,88.2,
wpi,2022-23,2025-03-31,nic:27/electric_motors_generators_transformers_and_electricity_distribution_and_control_apparatus,index,105.2,
wpi,2022-23,2025-03-31,nic:27/fibre_optic_cables,index,97.5,
wpi,2022-23,2025-03-31,nic:27/other_electrical_equipment,index,99.1,
wpi,2022-23,2025-03-31,nic:27/other_electronic_and_electric_wires_and_cables,index,112.0,
wpi,2022-23,2025-03-31,nic:27/wiring_devices,index,103.1,
wpi,2022-23,2025-03-31,nic:28,index,103.2,
wpi,2022-23,2025-03-31,nic:28/agricultural_and_forestry_machinery,index,103.5,
wpi,2022-23,2025-03-31,nic:28/bearings_gears_gearing_and_driving_elements,index,102.2,
wpi,2022-23,2025-03-31,nic:28/engines_and_turbines_except_aircraft_vehicle_and_cycle_engines,index,98.5,
wpi,2022-23,2025-03-31,nic:28/fluid_power_equipment,index,98.7,
wpi,2022-23,2025-03-31,nic:28/lifting_and_handling_equipment,index,101.8,
wpi,2022-23,2025-03-31,nic:28/machinery_for_food_beverage_and_tobacco_processing,index,100.4,
wpi,2022-23,2025-03-31,nic:28/machinery_for_metallurgy,index,110.5,
wpi,2022-23,2025-03-31,nic:28/machinery_for_mining_quarrying_and_construction,index,106.1,
wpi,2022-23,2025-03-31,nic:28/machinery_for_textile_apparel_and_leather_production,index,108.8,
wpi,2022-23,2025-03-31,nic:28/metal_forming_machinery_and_machine_tools,index,106.6,
wpi,2022-23,2025-03-31,nic:28/other_general_purpose_machinery,index,100.9,
wpi,2022-23,2025-03-31,nic:28/other_pumps_compressors_taps_and_valves,index,105.2,
wpi,2022-23,2025-03-31,nic:28/other_special_purpose_machinery,index,100.3,
wpi,2022-23,2025-03-31,nic:28/ovens_furnaces_and_permanent_household_heating_equipment,index,108.5,
wpi,2022-23,2025-03-31,nic:28/power_driven_hand_tools,index,103.5,
wpi,2022-23,2025-03-31,nic:29,index,104.9,
wpi,2022-23,2025-03-31,nic:29/bodies_coachwork_for_motor_vehicles_manufacture_of_trailers_and_semi_trailers,index,102.2,
wpi,2022-23,2025-03-31,nic:29/motor_vehicles,index,110.1,
wpi,2022-23,2025-03-31,nic:29/parts_and_accessories_for_motor_vehicles,index,98.6,
wpi,2022-23,2025-03-31,nic:30,index,103.4,
wpi,2022-23,2025-03-31,nic:30/air_and_spacecraft_and_related_machinery,index,111.7,
wpi,2022-23,2025-03-31,nic:30/bicycles_and_invalid_carriages,index,101.1,
wpi,2022-23,2025-03-31,nic:30/building_of_ships_and_floating_structures,index,103.6,
wpi,2022-23,2025-03-31,nic:30/motorcycles,index,103.0,
wpi,2022-23,2025-03-31,nic:30/other_transport_equipment,index,102.2,
wpi,2022-23,2025-03-31,nic:30/railway_locomotives_and_rolling_stock,index,103.5,
wpi,2022-23,2025-03-31,nic:31,index,102.6,
wpi,2022-23,2025-03-31,nic:31/other_furniture,index,99.2,
wpi,2022-23,2025-03-31,nic:31/wooden_furniture,index,104.6,
wpi,2022-23,2025-03-31,nic:32,index,119.5,
wpi,2022-23,2025-03-31,nic:32/games_and_toys,index,107.5,
wpi,2022-23,2025-03-31,nic:32/imitation_jewellery_and_related_articles,index,121.7,
wpi,2022-23,2025-03-31,nic:32/jewellery_and_related_articles,index,122.7,
wpi,2022-23,2025-03-31,nic:32/medical_and_dental_instruments_and_supplies,index,103.2,
wpi,2022-23,2025-03-31,nic:32/musical_instruments,index,111.3,
wpi,2022-23,2025-03-31,nic:32/other_manufacturing,index,107.9,
wpi,2022-23,2025-03-31,nic:32/sports_goods,index,109.0,
wpi,2022-23,2025-03-31,wpi:all,index,100.6,
wpi,2022-23,2025-03-31,wpi:food_index,index,109.4,
wpi,2022-23,2025-03-31,wpi:fuel_power,index,90.6,
wpi,2022-23,2025-03-31,wpi:fuel_power/coal_and_lignite,index,88.5,
wpi,2022-23,2025-03-31,wpi:fuel_power/coal_and_lignite/coking_coal,index,89.1,
wpi,2022-23,2025-03-31,wpi:fuel_power/coal_and_lignite/coking_coal/coking_coal,index,89.1,
wpi,2022-23,2025-03-31,wpi:fuel_power/coal_and_lignite/lignite,index,64.5,
wpi,2022-23,2025-03-31,wpi:fuel_power/coal_and_lignite/non_coking_coal,index,89.3,
wpi,2022-23,2025-03-31,wpi:fuel_power/coal_and_lignite/non_coking_coal/non_coking_coal_g15_to_g17_gcv_3100_kcal_kg,index,88.3,
wpi,2022-23,2025-03-31,wpi:fuel_power/coal_and_lignite/non_coking_coal/non_coking_coal_g1_to_g6_gcv_exceeding_5500_kcal_kg,index,95.2,
wpi,2022-23,2025-03-31,wpi:fuel_power/coal_and_lignite/non_coking_coal/non_coking_coal_g7_to_g14_gcv_3100_kcal_kg_to_5500_kcal_kg,index,88.5,
wpi,2022-23,2025-03-31,wpi:fuel_power/crude_petroleum_natural_gas,index,94.9,
wpi,2022-23,2025-03-31,wpi:fuel_power/electricity,index,93.1,
wpi,2022-23,2025-03-31,wpi:fuel_power/electricity/hydro_electricity,index,111.3,
wpi,2022-23,2025-03-31,wpi:fuel_power/electricity/nuclear,index,101.0,
wpi,2022-23,2025-03-31,wpi:fuel_power/electricity/solar,index,91.2,
wpi,2022-23,2025-03-31,wpi:fuel_power/electricity/thermal_electricity,index,90.8,
wpi,2022-23,2025-03-31,wpi:fuel_power/electricity/wind,index,107.6,
wpi,2022-23,2025-03-31,wpi:fuel_power/mineral_oils,index,89.1,
wpi,2022-23,2025-03-31,wpi:manufactured,index,99.9,
wpi,2022-23,2025-03-31,wpi:primary,index,108.6,
wpi,2022-23,2025-03-31,wpi:primary/food_articles,index,111.1,
wpi,2022-23,2025-03-31,wpi:primary/food_articles/condiments_spices,index,108.6,
wpi,2022-23,2025-03-31,wpi:primary/food_articles/eggs_meat_fish,index,102.3,
wpi,2022-23,2025-03-31,wpi:primary/food_articles/food_grains_cereals_pulses,index,119.3,
wpi,2022-23,2025-03-31,wpi:primary/food_articles/food_grains_cereals_pulses/cereals,index,120.1,
wpi,2022-23,2025-03-31,wpi:primary/food_articles/food_grains_cereals_pulses/pulses,index,115.1,
wpi,2022-23,2025-03-31,wpi:primary/food_articles/fruits_vegetables,index,108.0,
wpi,2022-23,2025-03-31,wpi:primary/food_articles/fruits_vegetables/fruits,index,123.4,
wpi,2022-23,2025-03-31,wpi:primary/food_articles/fruits_vegetables/vegetables,index,93.1,
wpi,2022-23,2025-03-31,wpi:primary/food_articles/milk,index,112.0,
wpi,2022-23,2025-03-31,wpi:primary/food_articles/other_food_articles,index,118.3,
wpi,2022-23,2025-03-31,wpi:primary/minerals,index,110.7,
wpi,2022-23,2025-03-31,wpi:primary/minerals/metallic_minerals,index,116.1,
wpi,2022-23,2025-03-31,wpi:primary/minerals/minor_minerals,index,101.9,
wpi,2022-23,2025-03-31,wpi:primary/minerals/other_minerals,index,109.9,
wpi,2022-23,2025-03-31,wpi:primary/non_food_articles,index,100.7,
wpi,2022-23,2025-03-31,wpi:primary/non_food_articles/fibres,index,77.8,
wpi,2022-23,2025-03-31,wpi:primary/non_food_articles/floriculture,index,95.6,
wpi,2022-23,2025-03-31,wpi:primary/non_food_articles/medicinal_plants,index,78.7,
wpi,2022-23,2025-03-31,wpi:primary/non_food_articles/oil_seeds,index,90.4,
wpi,2022-23,2025-03-31,wpi:primary/non_food_articles/other_non_food_articles,index,107.9,
wpi,2022-23,2025-04-30,nic:10,index,106.0,
wpi,2022-23,2025-04-30,nic:10/bakery_products,index,107.0,
wpi,2022-23,2025-04-30,nic:10/cocoa_chocolate_and_sugar_confectionery,index,114.5,
wpi,2022-23,2025-04-30,nic:10/dairy_products,index,106.8,
wpi,2022-23,2025-04-30,nic:10/grain_mill_products,index,108.3,
wpi,2022-23,2025-04-30,nic:10/macaroni_noodles_couscous_and_similar_farinaceous_products,index,107.3,
wpi,2022-23,2025-04-30,nic:10/other_food_products,index,102.7,
wpi,2022-23,2025-04-30,nic:10/prepared_animal_feeds,index,96.3,
wpi,2022-23,2025-04-30,nic:10/processing_and_preserving_of_fish_crustaceans_and_molluscs,index,101.5,
wpi,2022-23,2025-04-30,nic:10/processing_and_preserving_of_fruit_and_vegetables,index,106.2,
wpi,2022-23,2025-04-30,nic:10/processing_and_preserving_of_meat,index,118.9,
wpi,2022-23,2025-04-30,nic:10/processing_of_coffee_and_tea,index,118.1,
wpi,2022-23,2025-04-30,nic:10/starches_and_starch_products,index,92.1,
wpi,2022-23,2025-04-30,nic:10/sugar,index,113.9,
wpi,2022-23,2025-04-30,nic:10/vegetable_and_animal_oils_and_fats,index,100.5,
wpi,2022-23,2025-04-30,nic:11,index,104.0,
wpi,2022-23,2025-04-30,nic:11/beer,index,107.2,
wpi,2022-23,2025-04-30,nic:11/distilling_rectifying_and_blending_of_spirits,index,109.3,
wpi,2022-23,2025-04-30,nic:11/soft_drinks_production_of_mineral_waters_and_other_bottled_waters,index,102.0,
wpi,2022-23,2025-04-30,nic:11/wines,index,110.3,
wpi,2022-23,2025-04-30,nic:12,index,109.3,
wpi,2022-23,2025-04-30,nic:12/tobacco_products,index,109.3,
wpi,2022-23,2025-04-30,nic:13,index,92.4,
wpi,2022-23,2025-04-30,nic:13/carpets_and_rugs,index,107.7,
wpi,2022-23,2025-04-30,nic:13/cordage_rope_twine_and_netting,index,103.2,
wpi,2022-23,2025-04-30,nic:13/knitted_and_crocheted_fabrics,index,93.5,
wpi,2022-23,2025-04-30,nic:13/made_up_textile_articles_except_apparel,index,101.4,
wpi,2022-23,2025-04-30,nic:13/other_textiles,index,102.2,
wpi,2022-23,2025-04-30,nic:13/preparation_and_spinning_of_textile_fibres,index,88.8,
wpi,2022-23,2025-04-30,nic:13/weaving_of_textiles,index,94.6,
wpi,2022-23,2025-04-30,nic:14,index,107.7,
wpi,2022-23,2025-04-30,nic:14/knitted_and_crocheted_apparel,index,106.3,
wpi,2022-23,2025-04-30,nic:14/wearing_apparel_except_fur_apparel,index,108.8,
wpi,2022-23,2025-04-30,nic:15,index,103.3,
wpi,2022-23,2025-04-30,nic:15/footwear,index,101.4,
wpi,2022-23,2025-04-30,nic:15/luggage_handbags_and_the_like_saddlery_and_harness_of_any_material,index,108.5,
wpi,2022-23,2025-04-30,nic:15/tanning_and_dressing_of_leather_dressing_and_dyeing_of_fur,index,109.9,
wpi,2022-23,2025-04-30,nic:16,index,106.6,
wpi,2022-23,2025-04-30,nic:16/other_products_of_wood_manufacture_of_articles_of_cork_straw_and_plaiting_materials,index,111.8,
wpi,2022-23,2025-04-30,nic:16/sawmilling_and_planing_of_wood,index,105.3,
wpi,2022-23,2025-04-30,nic:16/veneer_sheets_and_wood_based_panels,index,106.7,
wpi,2022-23,2025-04-30,nic:16/wooden_containers,index,106.2,
wpi,2022-23,2025-04-30,nic:17,index,91.7,
wpi,2022-23,2025-04-30,nic:17/corrugated_paper_and_paperboard_and_of_containers_of_paper_and_paperboard,index,92.0,
wpi,2022-23,2025-04-30,nic:17/other_articles_of_paper_and_paperboard,index,84.6,
wpi,2022-23,2025-04-30,nic:17/pulp_paper_and_paperboard,index,95.1,
wpi,2022-23,2025-04-30,nic:18,index,103.8,
wpi,2022-23,2025-04-30,nic:18/printing,index,103.8,
wpi,2022-23,2025-04-30,nic:20,index,90.8,
wpi,2022-23,2025-04-30,nic:20/basic_chemicals,index,86.4,
wpi,2022-23,2025-04-30,nic:20/fertilizers_and_nitrogen_compounds,index,93.6,
wpi,2022-23,2025-04-30,nic:20/man_made_fibres,index,91.1,
wpi,2022-23,2025-04-30,nic:20/other_chemical_products,index,88.9,
wpi,2022-23,2025-04-30,nic:20/paints_varnishes_and_similar_coatings_printing_ink_and_mastics,index,90.0,
wpi,2022-23,2025-04-30,nic:20/pesticides_and_other_agrochemical_products,index,85.8,
wpi,2022-23,2025-04-30,nic:20/plastics_and_synthetic_rubber_in_primary_forms,index,89.4,
wpi,2022-23,2025-04-30,nic:20/soap_and_detergents_cleaning_and_polishing_preparations_perfumes_and_toilet_preparations,index,100.3,
wpi,2022-23,2025-04-30,nic:21,index,99.7,
wpi,2022-23,2025-04-30,nic:21/pharmaceuticals_medicinal_chemical_and_botanical_products,index,99.7,
wpi,2022-23,2025-04-30,nic:22,index,96.3,
wpi,2022-23,2025-04-30,nic:22/other_rubber_products,index,107.3,
wpi,2022-23,2025-04-30,nic:22/plastics_products,index,92.6,
wpi,2022-23,2025-04-30,nic:22/rubber_tyres_and_tubes_retreading_and_rebuilding_of_rubber_tyres,index,104.0,
wpi,2022-23,2025-04-30,nic:23,index,97.3,
wpi,2022-23,2025-04-30,nic:23/articles_of_concrete_cement_and_plaster,index,105.6,
wpi,2022-23,2025-04-30,nic:23/cement_lime_and_plaster,index,95.5,
wpi,2022-23,2025-04-30,nic:23/clay_building_materials,index,108.9,
wpi,2022-23,2025-04-30,nic:23/cutting_shaping_and_finishing_of_stone,index,118.4,
wpi,2022-23,2025-04-30,nic:23/glass_and_glass_products,index,95.8,
wpi,2022-23,2025-04-30,nic:23/other_porcelain_and_ceramic_products,index,104.4,
wpi,2022-23,2025-04-30,nic:23/refractory_products,index,94.1,
wpi,2022-23,2025-04-30,nic:24,index,93.5,
wpi,2022-23,2025-04-30,nic:24/basic_iron_and_steel,index,88.1,
wpi,2022-23,2025-04-30,nic:24/basic_precious_and_other_non_ferrous_metals,index,116.9,
wpi,2022-23,2025-04-30,nic:24/casting_of_iron_and_steel,index,93.6,
wpi,2022-23,2025-04-30,nic:25,index,99.4,
wpi,2022-23,2025-04-30,nic:25/cutlery_hand_tools_and_general_hardware,index,100.0,
wpi,2022-23,2025-04-30,nic:25/forging_pressing_stamping_and_roll_forming_of_metal_powder_metallurgy,index,98.0,
wpi,2022-23,2025-04-30,nic:25/other_fabricated_metal_products,index,102.5,
wpi,2022-23,2025-04-30,nic:25/steam_generators_except_central_heating_hot_water_boilers,index,104.4,
wpi,2022-23,2025-04-30,nic:25/structural_metal_products,index,100.4,
wpi,2022-23,2025-04-30,nic:25/tanks_reservoirs_and_containers_of_metal,index,93.9,
wpi,2022-23,2025-04-30,nic:25/treatment_and_coating_of_metals_machining,index,87.2,
wpi,2022-23,2025-04-30,nic:25/weapons_and_ammunition,index,86.5,
wpi,2022-23,2025-04-30,nic:26,index,102.9,
wpi,2022-23,2025-04-30,nic:26/communication_equipment,index,104.7,
wpi,2022-23,2025-04-30,nic:26/computers_and_peripheral_equipment,index,97.6,
wpi,2022-23,2025-04-30,nic:26/consumer_electronics,index,98.8,
wpi,2022-23,2025-04-30,nic:26/irradiation_electromedical_and_electrotherapeutic_equipment,index,95.5,
wpi,2022-23,2025-04-30,nic:26/magnetic_and_optical_media,index,86.7,
wpi,2022-23,2025-04-30,nic:26/measuring_testing_navigating_and_control_equipment,index,106.8,
wpi,2022-23,2025-04-30,nic:26/optical_instruments_and_photographic_equipment,index,113.3,
wpi,2022-23,2025-04-30,nic:26/other_electronic_components_and_boards,index,96.3,
wpi,2022-23,2025-04-30,nic:26/solar_cells_solar_panels_and_photovoltaic_inverters,index,98.0,
wpi,2022-23,2025-04-30,nic:26/watches_and_clocks,index,106.8,
wpi,2022-23,2025-04-30,nic:27,index,103.2,
wpi,2022-23,2025-04-30,nic:27/batteries_and_accumulators,index,96.2,
wpi,2022-23,2025-04-30,nic:27/domestic_appliances,index,98.9,
wpi,2022-23,2025-04-30,nic:27/electric_lighting_equipment,index,86.7,
wpi,2022-23,2025-04-30,nic:27/electric_motors_generators_transformers_and_electricity_distribution_and_control_apparatus,index,106.3,
wpi,2022-23,2025-04-30,nic:27/fibre_optic_cables,index,97.8,
wpi,2022-23,2025-04-30,nic:27/other_electrical_equipment,index,98.1,
wpi,2022-23,2025-04-30,nic:27/other_electronic_and_electric_wires_and_cables,index,111.2,
wpi,2022-23,2025-04-30,nic:27/wiring_devices,index,103.1,
wpi,2022-23,2025-04-30,nic:28,index,103.2,
wpi,2022-23,2025-04-30,nic:28/agricultural_and_forestry_machinery,index,103.1,
wpi,2022-23,2025-04-30,nic:28/bearings_gears_gearing_and_driving_elements,index,102.6,
wpi,2022-23,2025-04-30,nic:28/engines_and_turbines_except_aircraft_vehicle_and_cycle_engines,index,99.2,
wpi,2022-23,2025-04-30,nic:28/fluid_power_equipment,index,99.1,
wpi,2022-23,2025-04-30,nic:28/lifting_and_handling_equipment,index,101.3,
wpi,2022-23,2025-04-30,nic:28/machinery_for_food_beverage_and_tobacco_processing,index,102.0,
wpi,2022-23,2025-04-30,nic:28/machinery_for_metallurgy,index,105.5,
wpi,2022-23,2025-04-30,nic:28/machinery_for_mining_quarrying_and_construction,index,105.9,
wpi,2022-23,2025-04-30,nic:28/machinery_for_textile_apparel_and_leather_production,index,104.3,
wpi,2022-23,2025-04-30,nic:28/metal_forming_machinery_and_machine_tools,index,105.2,
wpi,2022-23,2025-04-30,nic:28/other_general_purpose_machinery,index,101.8,
wpi,2022-23,2025-04-30,nic:28/other_pumps_compressors_taps_and_valves,index,106.4,
wpi,2022-23,2025-04-30,nic:28/other_special_purpose_machinery,index,101.9,
wpi,2022-23,2025-04-30,nic:28/ovens_furnaces_and_permanent_household_heating_equipment,index,107.9,
wpi,2022-23,2025-04-30,nic:28/power_driven_hand_tools,index,102.3,
wpi,2022-23,2025-04-30,nic:29,index,105.8,
wpi,2022-23,2025-04-30,nic:29/bodies_coachwork_for_motor_vehicles_manufacture_of_trailers_and_semi_trailers,index,102.5,
wpi,2022-23,2025-04-30,nic:29/motor_vehicles,index,111.6,
wpi,2022-23,2025-04-30,nic:29/parts_and_accessories_for_motor_vehicles,index,98.6,
wpi,2022-23,2025-04-30,nic:30,index,102.7,
wpi,2022-23,2025-04-30,nic:30/air_and_spacecraft_and_related_machinery,index,110.5,
wpi,2022-23,2025-04-30,nic:30/bicycles_and_invalid_carriages,index,102.1,
wpi,2022-23,2025-04-30,nic:30/building_of_ships_and_floating_structures,index,100.8,
wpi,2022-23,2025-04-30,nic:30/motorcycles,index,102.4,
wpi,2022-23,2025-04-30,nic:30/other_transport_equipment,index,101.5,
wpi,2022-23,2025-04-30,nic:30/railway_locomotives_and_rolling_stock,index,102.9,
wpi,2022-23,2025-04-30,nic:31,index,101.7,
wpi,2022-23,2025-04-30,nic:31/other_furniture,index,97.4,
wpi,2022-23,2025-04-30,nic:31/wooden_furniture,index,104.1,
wpi,2022-23,2025-04-30,nic:32,index,124.4,
wpi,2022-23,2025-04-30,nic:32/games_and_toys,index,105.0,
wpi,2022-23,2025-04-30,nic:32/imitation_jewellery_and_related_articles,index,125.1,
wpi,2022-23,2025-04-30,nic:32/jewellery_and_related_articles,index,128.4,
wpi,2022-23,2025-04-30,nic:32/medical_and_dental_instruments_and_supplies,index,105.3,
wpi,2022-23,2025-04-30,nic:32/musical_instruments,index,114.6,
wpi,2022-23,2025-04-30,nic:32/other_manufacturing,index,109.2,
wpi,2022-23,2025-04-30,nic:32/sports_goods,index,110.8,
wpi,2022-23,2025-04-30,wpi:all,index,100.5,
wpi,2022-23,2025-04-30,wpi:food_index,index,109.4,
wpi,2022-23,2025-04-30,wpi:fuel_power,index,88.8,
wpi,2022-23,2025-04-30,wpi:fuel_power/coal_and_lignite,index,89.1,
wpi,2022-23,2025-04-30,wpi:fuel_power/coal_and_lignite/coking_coal,index,90.0,
wpi,2022-23,2025-04-30,wpi:fuel_power/coal_and_lignite/coking_coal/coking_coal,index,90.0,
wpi,2022-23,2025-04-30,wpi:fuel_power/coal_and_lignite/lignite,index,65.1,
wpi,2022-23,2025-04-30,wpi:fuel_power/coal_and_lignite/non_coking_coal,index,89.9,
wpi,2022-23,2025-04-30,wpi:fuel_power/coal_and_lignite/non_coking_coal/non_coking_coal_g15_to_g17_gcv_3100_kcal_kg,index,89.0,
wpi,2022-23,2025-04-30,wpi:fuel_power/coal_and_lignite/non_coking_coal/non_coking_coal_g1_to_g6_gcv_exceeding_5500_kcal_kg,index,96.0,
wpi,2022-23,2025-04-30,wpi:fuel_power/coal_and_lignite/non_coking_coal/non_coking_coal_g7_to_g14_gcv_3100_kcal_kg_to_5500_kcal_kg,index,89.0,
wpi,2022-23,2025-04-30,wpi:fuel_power/crude_petroleum_natural_gas,index,88.8,
wpi,2022-23,2025-04-30,wpi:fuel_power/electricity,index,93.2,
wpi,2022-23,2025-04-30,wpi:fuel_power/electricity/hydro_electricity,index,99.3,
wpi,2022-23,2025-04-30,wpi:fuel_power/electricity/nuclear,index,101.0,
wpi,2022-23,2025-04-30,wpi:fuel_power/electricity/solar,index,94.7,
wpi,2022-23,2025-04-30,wpi:fuel_power/electricity/thermal_electricity,index,91.9,
wpi,2022-23,2025-04-30,wpi:fuel_power/electricity/wind,index,107.6,
wpi,2022-23,2025-04-30,wpi:fuel_power/mineral_oils,index,86.4,
wpi,2022-23,2025-04-30,wpi:manufactured,index,100.3,
wpi,2022-23,2025-04-30,wpi:primary,index,108.5,
wpi,2022-23,2025-04-30,wpi:primary/food_articles,index,111.3,
wpi,2022-23,2025-04-30,wpi:primary/food_articles/condiments_spices,index,109.2,
wpi,2022-23,2025-04-30,wpi:primary/food_articles/eggs_meat_fish,index,104.2,
wpi,2022-23,2025-04-30,wpi:primary/food_articles/food_grains_cereals_pulses,index,116.5,
wpi,2022-23,2025-04-30,wpi:primary/food_articles/food_grains_cereals_pulses/cereals,index,116.9,
wpi,2022-23,2025-04-30,wpi:primary/food_articles/food_grains_cereals_pulses/pulses,index,114.3,
wpi,2022-23,2025-04-30,wpi:primary/food_articles/fruits_vegetables,index,109.8,
wpi,2022-23,2025-04-30,wpi:primary/food_articles/fruits_vegetables/fruits,index,126.4,
wpi,2022-23,2025-04-30,wpi:primary/food_articles/fruits_vegetables/vegetables,index,93.7,
wpi,2022-23,2025-04-30,wpi:primary/food_articles/milk,index,112.1,
wpi,2022-23,2025-04-30,wpi:primary/food_articles/other_food_articles,index,120.0,
wpi,2022-23,2025-04-30,wpi:primary/minerals,index,110.0,
wpi,2022-23,2025-04-30,wpi:primary/minerals/metallic_minerals,index,116.1,
wpi,2022-23,2025-04-30,wpi:primary/minerals/minor_minerals,index,100.8,
wpi,2022-23,2025-04-30,wpi:primary/minerals/other_minerals,index,107.1,
wpi,2022-23,2025-04-30,wpi:primary/non_food_articles,index,100.0,
wpi,2022-23,2025-04-30,wpi:primary/non_food_articles/fibres,index,78.6,
wpi,2022-23,2025-04-30,wpi:primary/non_food_articles/floriculture,index,84.7,
wpi,2022-23,2025-04-30,wpi:primary/non_food_articles/medicinal_plants,index,83.0,
wpi,2022-23,2025-04-30,wpi:primary/non_food_articles/oil_seeds,index,92.8,
wpi,2022-23,2025-04-30,wpi:primary/non_food_articles/other_non_food_articles,index,106.5,
wpi,2022-23,2025-05-31,nic:10,index,105.8,
wpi,2022-23,2025-05-31,nic:10/bakery_products,index,106.4,
wpi,2022-23,2025-05-31,nic:10/cocoa_chocolate_and_sugar_confectionery,index,114.8,
wpi,2022-23,2025-05-31,nic:10/dairy_products,index,108.0,
wpi,2022-23,2025-05-31,nic:10/grain_mill_products,index,107.9,
wpi,2022-23,2025-05-31,nic:10/macaroni_noodles_couscous_and_similar_farinaceous_products,index,107.3,
wpi,2022-23,2025-05-31,nic:10/other_food_products,index,102.5,
wpi,2022-23,2025-05-31,nic:10/prepared_animal_feeds,index,95.9,
wpi,2022-23,2025-05-31,nic:10/processing_and_preserving_of_fish_crustaceans_and_molluscs,index,101.3,
wpi,2022-23,2025-05-31,nic:10/processing_and_preserving_of_fruit_and_vegetables,index,105.6,
wpi,2022-23,2025-05-31,nic:10/processing_and_preserving_of_meat,index,119.8,
wpi,2022-23,2025-05-31,nic:10/processing_of_coffee_and_tea,index,121.0,
wpi,2022-23,2025-05-31,nic:10/starches_and_starch_products,index,90.9,
wpi,2022-23,2025-05-31,nic:10/sugar,index,113.6,
wpi,2022-23,2025-05-31,nic:10/vegetable_and_animal_oils_and_fats,index,99.2,
wpi,2022-23,2025-05-31,nic:11,index,103.6,
wpi,2022-23,2025-05-31,nic:11/beer,index,108.2,
wpi,2022-23,2025-05-31,nic:11/distilling_rectifying_and_blending_of_spirits,index,109.5,
wpi,2022-23,2025-05-31,nic:11/soft_drinks_production_of_mineral_waters_and_other_bottled_waters,index,101.3,
wpi,2022-23,2025-05-31,nic:11/wines,index,109.5,
wpi,2022-23,2025-05-31,nic:12,index,108.9,
wpi,2022-23,2025-05-31,nic:12/tobacco_products,index,108.9,
wpi,2022-23,2025-05-31,nic:13,index,92.0,
wpi,2022-23,2025-05-31,nic:13/carpets_and_rugs,index,105.0,
wpi,2022-23,2025-05-31,nic:13/cordage_rope_twine_and_netting,index,103.2,
wpi,2022-23,2025-05-31,nic:13/knitted_and_crocheted_fabrics,index,90.7,
wpi,2022-23,2025-05-31,nic:13/made_up_textile_articles_except_apparel,index,101.1,
wpi,2022-23,2025-05-31,nic:13/other_textiles,index,100.6,
wpi,2022-23,2025-05-31,nic:13/preparation_and_spinning_of_textile_fibres,index,88.6,
wpi,2022-23,2025-05-31,nic:13/weaving_of_textiles,index,94.3,
wpi,2022-23,2025-05-31,nic:14,index,107.6,
wpi,2022-23,2025-05-31,nic:14/knitted_and_crocheted_apparel,index,106.8,
wpi,2022-23,2025-05-31,nic:14/wearing_apparel_except_fur_apparel,index,108.2,
wpi,2022-23,2025-05-31,nic:15,index,104.0,
wpi,2022-23,2025-05-31,nic:15/footwear,index,102.6,
wpi,2022-23,2025-05-31,nic:15/luggage_handbags_and_the_like_saddlery_and_harness_of_any_material,index,105.9,
wpi,2022-23,2025-05-31,nic:15/tanning_and_dressing_of_leather_dressing_and_dyeing_of_fur,index,111.7,
wpi,2022-23,2025-05-31,nic:16,index,107.9,
wpi,2022-23,2025-05-31,nic:16/other_products_of_wood_manufacture_of_articles_of_cork_straw_and_plaiting_materials,index,112.4,
wpi,2022-23,2025-05-31,nic:16/sawmilling_and_planing_of_wood,index,105.3,
wpi,2022-23,2025-05-31,nic:16/veneer_sheets_and_wood_based_panels,index,108.2,
wpi,2022-23,2025-05-31,nic:16/wooden_containers,index,106.2,
wpi,2022-23,2025-05-31,nic:17,index,91.4,
wpi,2022-23,2025-05-31,nic:17/corrugated_paper_and_paperboard_and_of_containers_of_paper_and_paperboard,index,92.5,
wpi,2022-23,2025-05-31,nic:17/other_articles_of_paper_and_paperboard,index,84.4,
wpi,2022-23,2025-05-31,nic:17/pulp_paper_and_paperboard,index,94.3,
wpi,2022-23,2025-05-31,nic:18,index,104.0,
wpi,2022-23,2025-05-31,nic:18/printing,index,104.0,
wpi,2022-23,2025-05-31,nic:20,index,90.3,
wpi,2022-23,2025-05-31,nic:20/basic_chemicals,index,85.5,
wpi,2022-23,2025-05-31,nic:20/fertilizers_and_nitrogen_compounds,index,93.9,
wpi,2022-23,2025-05-31,nic:20/man_made_fibres,index,90.1,
wpi,2022-23,2025-05-31,nic:20/other_chemical_products,index,87.4,
wpi,2022-23,2025-05-31,nic:20/paints_varnishes_and_similar_coatings_printing_ink_and_mastics,index,89.5,
wpi,2022-23,2025-05-31,nic:20/pesticides_and_other_agrochemical_products,index,86.5,
wpi,2022-23,2025-05-31,nic:20/plastics_and_synthetic_rubber_in_primary_forms,index,87.8,
wpi,2022-23,2025-05-31,nic:20/soap_and_detergents_cleaning_and_polishing_preparations_perfumes_and_toilet_preparations,index,100.9,
wpi,2022-23,2025-05-31,nic:21,index,99.0,
wpi,2022-23,2025-05-31,nic:21/pharmaceuticals_medicinal_chemical_and_botanical_products,index,99.0,
wpi,2022-23,2025-05-31,nic:22,index,95.9,
wpi,2022-23,2025-05-31,nic:22/other_rubber_products,index,106.0,
wpi,2022-23,2025-05-31,nic:22/plastics_products,index,92.1,
wpi,2022-23,2025-05-31,nic:22/rubber_tyres_and_tubes_retreading_and_rebuilding_of_rubber_tyres,index,104.2,
wpi,2022-23,2025-05-31,nic:23,index,97.9,
wpi,2022-23,2025-05-31,nic:23/articles_of_concrete_cement_and_plaster,index,105.6,
wpi,2022-23,2025-05-31,nic:23/cement_lime_and_plaster,index,96.3,
wpi,2022-23,2025-05-31,nic:23/clay_building_materials,index,108.2,
wpi,2022-23,2025-05-31,nic:23/cutting_shaping_and_finishing_of_stone,index,116.8,
wpi,2022-23,2025-05-31,nic:23/glass_and_glass_products,index,95.5,
wpi,2022-23,2025-05-31,nic:23/other_porcelain_and_ceramic_products,index,104.9,
wpi,2022-23,2025-05-31,nic:23/refractory_products,index,95.3,
wpi,2022-23,2025-05-31,nic:24,index,92.7,
wpi,2022-23,2025-05-31,nic:24/basic_iron_and_steel,index,87.2,
wpi,2022-23,2025-05-31,nic:24/basic_precious_and_other_non_ferrous_metals,index,116.5,
wpi,2022-23,2025-05-31,nic:24/casting_of_iron_and_steel,index,93.9,
wpi,2022-23,2025-05-31,nic:25,index,99.6,
wpi,2022-23,2025-05-31,nic:25/cutlery_hand_tools_and_general_hardware,index,99.9,
wpi,2022-23,2025-05-31,nic:25/forging_pressing_stamping_and_roll_forming_of_metal_powder_metallurgy,index,97.8,
wpi,2022-23,2025-05-31,nic:25/other_fabricated_metal_products,index,101.9,
wpi,2022-23,2025-05-31,nic:25/steam_generators_except_central_heating_hot_water_boilers,index,106.8,
wpi,2022-23,2025-05-31,nic:25/structural_metal_products,index,100.3,
wpi,2022-23,2025-05-31,nic:25/tanks_reservoirs_and_containers_of_metal,index,94.9,
wpi,2022-23,2025-05-31,nic:25/treatment_and_coating_of_metals_machining,index,88.6,
wpi,2022-23,2025-05-31,nic:25/weapons_and_ammunition,index,91.0,
wpi,2022-23,2025-05-31,nic:26,index,103.6,
wpi,2022-23,2025-05-31,nic:26/communication_equipment,index,105.7,
wpi,2022-23,2025-05-31,nic:26/computers_and_peripheral_equipment,index,99.6,
wpi,2022-23,2025-05-31,nic:26/consumer_electronics,index,97.0,
wpi,2022-23,2025-05-31,nic:26/irradiation_electromedical_and_electrotherapeutic_equipment,index,96.0,
wpi,2022-23,2025-05-31,nic:26/magnetic_and_optical_media,index,79.3,
wpi,2022-23,2025-05-31,nic:26/measuring_testing_navigating_and_control_equipment,index,109.1,
wpi,2022-23,2025-05-31,nic:26/optical_instruments_and_photographic_equipment,index,112.9,
wpi,2022-23,2025-05-31,nic:26/other_electronic_components_and_boards,index,96.1,
wpi,2022-23,2025-05-31,nic:26/solar_cells_solar_panels_and_photovoltaic_inverters,index,97.7,
wpi,2022-23,2025-05-31,nic:26/watches_and_clocks,index,106.5,
wpi,2022-23,2025-05-31,nic:27,index,102.5,
wpi,2022-23,2025-05-31,nic:27/batteries_and_accumulators,index,96.4,
wpi,2022-23,2025-05-31,nic:27/domestic_appliances,index,98.3,
wpi,2022-23,2025-05-31,nic:27/electric_lighting_equipment,index,86.6,
wpi,2022-23,2025-05-31,nic:27/electric_motors_generators_transformers_and_electricity_distribution_and_control_apparatus,index,104.7,
wpi,2022-23,2025-05-31,nic:27/fibre_optic_cables,index,97.9,
wpi,2022-23,2025-05-31,nic:27/other_electrical_equipment,index,98.6,
wpi,2022-23,2025-05-31,nic:27/other_electronic_and_electric_wires_and_cables,index,110.3,
wpi,2022-23,2025-05-31,nic:27/wiring_devices,index,103.1,
wpi,2022-23,2025-05-31,nic:28,index,103.0,
wpi,2022-23,2025-05-31,nic:28/agricultural_and_forestry_machinery,index,103.4,
wpi,2022-23,2025-05-31,nic:28/bearings_gears_gearing_and_driving_elements,index,101.4,
wpi,2022-23,2025-05-31,nic:28/engines_and_turbines_except_aircraft_vehicle_and_cycle_engines,index,98.7,
wpi,2022-23,2025-05-31,nic:28/fluid_power_equipment,index,99.7,
wpi,2022-23,2025-05-31,nic:28/lifting_and_handling_equipment,index,101.2,
wpi,2022-23,2025-05-31,nic:28/machinery_for_food_beverage_and_tobacco_processing,index,102.8,
wpi,2022-23,2025-05-31,nic:28/machinery_for_metallurgy,index,102.6,
wpi,2022-23,2025-05-31,nic:28/machinery_for_mining_quarrying_and_construction,index,106.2,
wpi,2022-23,2025-05-31,nic:28/machinery_for_textile_apparel_and_leather_production,index,103.8,
wpi,2022-23,2025-05-31,nic:28/metal_forming_machinery_and_machine_tools,index,105.4,
wpi,2022-23,2025-05-31,nic:28/other_general_purpose_machinery,index,102.2,
wpi,2022-23,2025-05-31,nic:28/other_pumps_compressors_taps_and_valves,index,106.4,
wpi,2022-23,2025-05-31,nic:28/other_special_purpose_machinery,index,99.4,
wpi,2022-23,2025-05-31,nic:28/ovens_furnaces_and_permanent_household_heating_equipment,index,109.1,
wpi,2022-23,2025-05-31,nic:28/power_driven_hand_tools,index,102.8,
wpi,2022-23,2025-05-31,nic:29,index,106.2,
wpi,2022-23,2025-05-31,nic:29/bodies_coachwork_for_motor_vehicles_manufacture_of_trailers_and_semi_trailers,index,102.7,
wpi,2022-23,2025-05-31,nic:29/motor_vehicles,index,112.6,
wpi,2022-23,2025-05-31,nic:29/parts_and_accessories_for_motor_vehicles,index,98.4,
wpi,2022-23,2025-05-31,nic:30,index,102.2,
wpi,2022-23,2025-05-31,nic:30/air_and_spacecraft_and_related_machinery,index,110.5,
wpi,2022-23,2025-05-31,nic:30/bicycles_and_invalid_carriages,index,100.5,
wpi,2022-23,2025-05-31,nic:30/building_of_ships_and_floating_structures,index,100.8,
wpi,2022-23,2025-05-31,nic:30/motorcycles,index,101.8,
wpi,2022-23,2025-05-31,nic:30/other_transport_equipment,index,101.4,
wpi,2022-23,2025-05-31,nic:30/railway_locomotives_and_rolling_stock,index,102.7,
wpi,2022-23,2025-05-31,nic:31,index,100.4,
wpi,2022-23,2025-05-31,nic:31/other_furniture,index,96.6,
wpi,2022-23,2025-05-31,nic:31/wooden_furniture,index,102.5,
wpi,2022-23,2025-05-31,nic:32,index,130.3,
wpi,2022-23,2025-05-31,nic:32/games_and_toys,index,105.6,
wpi,2022-23,2025-05-31,nic:32/imitation_jewellery_and_related_articles,index,121.9,
wpi,2022-23,2025-05-31,nic:32/jewellery_and_related_articles,index,135.8,
wpi,2022-23,2025-05-31,nic:32/medical_and_dental_instruments_and_supplies,index,106.0,
wpi,2022-23,2025-05-31,nic:32/musical_instruments,index,114.8,
wpi,2022-23,2025-05-31,nic:32/other_manufacturing,index,108.0,
wpi,2022-23,2025-05-31,nic:32/sports_goods,index,110.9,
wpi,2022-23,2025-05-31,wpi:all,index,100.2,
wpi,2022-23,2025-05-31,wpi:food_index,index,109.1,
wpi,2022-23,2025-05-31,wpi:fuel_power,index,86.7,
wpi,2022-23,2025-05-31,wpi:fuel_power/coal_and_lignite,index,88.6,
wpi,2022-23,2025-05-31,wpi:fuel_power/coal_and_lignite/coking_coal,index,87.4,
wpi,2022-23,2025-05-31,wpi:fuel_power/coal_and_lignite/coking_coal/coking_coal,index,87.4,
wpi,2022-23,2025-05-31,wpi:fuel_power/coal_and_lignite/lignite,index,65.1,
wpi,2022-23,2025-05-31,wpi:fuel_power/coal_and_lignite/non_coking_coal,index,89.7,
wpi,2022-23,2025-05-31,wpi:fuel_power/coal_and_lignite/non_coking_coal/non_coking_coal_g15_to_g17_gcv_3100_kcal_kg,index,89.0,
wpi,2022-23,2025-05-31,wpi:fuel_power/coal_and_lignite/non_coking_coal/non_coking_coal_g1_to_g6_gcv_exceeding_5500_kcal_kg,index,95.3,
wpi,2022-23,2025-05-31,wpi:fuel_power/coal_and_lignite/non_coking_coal/non_coking_coal_g7_to_g14_gcv_3100_kcal_kg_to_5500_kcal_kg,index,88.9,
wpi,2022-23,2025-05-31,wpi:fuel_power/crude_petroleum_natural_gas,index,84.7,
wpi,2022-23,2025-05-31,wpi:fuel_power/electricity,index,92.0,
wpi,2022-23,2025-05-31,wpi:fuel_power/electricity/hydro_electricity,index,83.2,
wpi,2022-23,2025-05-31,wpi:fuel_power/electricity/nuclear,index,101.0,
wpi,2022-23,2025-05-31,wpi:fuel_power/electricity/solar,index,94.1,
wpi,2022-23,2025-05-31,wpi:fuel_power/electricity/thermal_electricity,index,91.8,
wpi,2022-23,2025-05-31,wpi:fuel_power/electricity/wind,index,108.0,
wpi,2022-23,2025-05-31,wpi:fuel_power/mineral_oils,index,83.9,
wpi,2022-23,2025-05-31,wpi:manufactured,index,100.3,
wpi,2022-23,2025-05-31,wpi:primary,index,108.3,
wpi,2022-23,2025-05-31,wpi:primary/food_articles,index,111.0,
wpi,2022-23,2025-05-31,wpi:primary/food_articles/condiments_spices,index,110.6,
wpi,2022-23,2025-05-31,wpi:primary/food_articles/eggs_meat_fish,index,108.2,
wpi,2022-23,2025-05-31,wpi:primary/food_articles/food_grains_cereals_pulses,index,114.6,
wpi,2022-23,2025-05-31,wpi:primary/food_articles/food_grains_cereals_pulses/cereals,index,115.0,
wpi,2022-23,2025-05-31,wpi:primary/food_articles/food_grains_cereals_pulses/pulses,index,112.7,
wpi,2022-23,2025-05-31,wpi:primary/food_articles/fruits_vegetables,index,105.0,
wpi,2022-23,2025-05-31,wpi:primary/food_articles/fruits_vegetables/fruits,index,118.1,
wpi,2022-23,2025-05-31,wpi:primary/food_articles/fruits_vegetables/vegetables,index,92.4,
wpi,2022-23,2025-05-31,wpi:primary/food_articles/milk,index,113.5,
wpi,2022-23,2025-05-31,wpi:primary/food_articles/other_food_articles,index,118.3,
wpi,2022-23,2025-05-31,wpi:primary/minerals,index,114.1,
wpi,2022-23,2025-05-31,wpi:primary/minerals/metallic_minerals,index,124.0,
wpi,2022-23,2025-05-31,wpi:primary/minerals/minor_minerals,index,99.4,
wpi,2022-23,2025-05-31,wpi:primary/minerals/other_minerals,index,109.1,
wpi,2022-23,2025-05-31,wpi:primary/non_food_articles,index,99.0,
wpi,2022-23,2025-05-31,wpi:primary/non_food_articles/fibres,index,78.2,
wpi,2022-23,2025-05-31,wpi:primary/non_food_articles/floriculture,index,76.9,
wpi,2022-23,2025-05-31,wpi:primary/non_food_articles/medicinal_plants,index,75.1,
wpi,2022-23,2025-05-31,wpi:primary/non_food_articles/oil_seeds,index,92.9,
wpi,2022-23,2025-05-31,wpi:primary/non_food_articles/other_non_food_articles,index,105.4,
wpi,2022-23,2025-06-30,nic:10,index,105.5,
wpi,2022-23,2025-06-30,nic:10/bakery_products,index,106.6,
wpi,2022-23,2025-06-30,nic:10/cocoa_chocolate_and_sugar_confectionery,index,115.9,
wpi,2022-23,2025-06-30,nic:10/dairy_products,index,108.0,
wpi,2022-23,2025-06-30,nic:10/grain_mill_products,index,107.6,
wpi,2022-23,2025-06-30,nic:10/macaroni_noodles_couscous_and_similar_farinaceous_products,index,107.4,
wpi,2022-23,2025-06-30,nic:10/other_food_products,index,103.0,
wpi,2022-23,2025-06-30,nic:10/prepared_animal_feeds,index,96.2,
wpi,2022-23,2025-06-30,nic:10/processing_and_preserving_of_fish_crustaceans_and_molluscs,index,101.9,
wpi,2022-23,2025-06-30,nic:10/processing_and_preserving_of_fruit_and_vegetables,index,105.5,
wpi,2022-23,2025-06-30,nic:10/processing_and_preserving_of_meat,index,121.4,
wpi,2022-23,2025-06-30,nic:10/processing_of_coffee_and_tea,index,124.4,
wpi,2022-23,2025-06-30,nic:10/starches_and_starch_products,index,88.8,
wpi,2022-23,2025-06-30,nic:10/sugar,index,112.3,
wpi,2022-23,2025-06-30,nic:10/vegetable_and_animal_oils_and_fats,index,97.7,
wpi,2022-23,2025-06-30,nic:11,index,103.9,
wpi,2022-23,2025-06-30,nic:11/beer,index,108.2,
wpi,2022-23,2025-06-30,nic:11/distilling_rectifying_and_blending_of_spirits,index,109.0,
wpi,2022-23,2025-06-30,nic:11/soft_drinks_production_of_mineral_waters_and_other_bottled_waters,index,102.0,
wpi,2022-23,2025-06-30,nic:11/wines,index,107.1,
wpi,2022-23,2025-06-30,nic:12,index,108.9,
wpi,2022-23,2025-06-30,nic:12/tobacco_products,index,108.9,
wpi,2022-23,2025-06-30,nic:13,index,92.2,
wpi,2022-23,2025-06-30,nic:13/carpets_and_rugs,index,103.0,
wpi,2022-23,2025-06-30,nic:13/cordage_rope_twine_and_netting,index,105.1,
wpi,2022-23,2025-06-30,nic:13/knitted_and_crocheted_fabrics,index,93.6,
wpi,2022-23,2025-06-30,nic:13/made_up_textile_articles_except_apparel,index,102.0,
wpi,2022-23,2025-06-30,nic:13/other_textiles,index,101.4,
wpi,2022-23,2025-06-30,nic:13/preparation_and_spinning_of_textile_fibres,index,88.8,
wpi,2022-23,2025-06-30,nic:13/weaving_of_textiles,index,94.2,
wpi,2022-23,2025-06-30,nic:14,index,109.1,
wpi,2022-23,2025-06-30,nic:14/knitted_and_crocheted_apparel,index,108.0,
wpi,2022-23,2025-06-30,nic:14/wearing_apparel_except_fur_apparel,index,110.0,
wpi,2022-23,2025-06-30,nic:15,index,104.8,
wpi,2022-23,2025-06-30,nic:15/footwear,index,103.8,
wpi,2022-23,2025-06-30,nic:15/luggage_handbags_and_the_like_saddlery_and_harness_of_any_material,index,105.2,
wpi,2022-23,2025-06-30,nic:15/tanning_and_dressing_of_leather_dressing_and_dyeing_of_fur,index,111.0,
wpi,2022-23,2025-06-30,nic:16,index,107.2,
wpi,2022-23,2025-06-30,nic:16/other_products_of_wood_manufacture_of_articles_of_cork_straw_and_plaiting_materials,index,112.5,
wpi,2022-23,2025-06-30,nic:16/sawmilling_and_planing_of_wood,index,102.8,
wpi,2022-23,2025-06-30,nic:16/veneer_sheets_and_wood_based_panels,index,107.5,
wpi,2022-23,2025-06-30,nic:16/wooden_containers,index,105.8,
wpi,2022-23,2025-06-30,nic:17,index,90.9,
wpi,2022-23,2025-06-30,nic:17/corrugated_paper_and_paperboard_and_of_containers_of_paper_and_paperboard,index,92.3,
wpi,2022-23,2025-06-30,nic:17/other_articles_of_paper_and_paperboard,index,83.7,
wpi,2022-23,2025-06-30,nic:17/pulp_paper_and_paperboard,index,93.5,
wpi,2022-23,2025-06-30,nic:18,index,104.4,
wpi,2022-23,2025-06-30,nic:18/printing,index,104.4,
wpi,2022-23,2025-06-30,nic:20,index,90.8,
wpi,2022-23,2025-06-30,nic:20/basic_chemicals,index,86.6,
wpi,2022-23,2025-06-30,nic:20/fertilizers_and_nitrogen_compounds,index,94.1,
wpi,2022-23,2025-06-30,nic:20/man_made_fibres,index,90.3,
wpi,2022-23,2025-06-30,nic:20/other_chemical_products,index,88.6,
wpi,2022-23,2025-06-30,nic:20/paints_varnishes_and_similar_coatings_printing_ink_and_mastics,index,89.0,
wpi,2022-23,2025-06-30,nic:20/pesticides_and_other_agrochemical_products,index,86.5,
wpi,2022-23,2025-06-30,nic:20/plastics_and_synthetic_rubber_in_primary_forms,index,88.5,
wpi,2022-23,2025-06-30,nic:20/soap_and_detergents_cleaning_and_polishing_preparations_perfumes_and_toilet_preparations,index,101.1,
wpi,2022-23,2025-06-30,nic:21,index,99.4,
wpi,2022-23,2025-06-30,nic:21/pharmaceuticals_medicinal_chemical_and_botanical_products,index,99.4,
wpi,2022-23,2025-06-30,nic:22,index,96.6,
wpi,2022-23,2025-06-30,nic:22/other_rubber_products,index,106.1,
wpi,2022-23,2025-06-30,nic:22/plastics_products,index,93.1,
wpi,2022-23,2025-06-30,nic:22/rubber_tyres_and_tubes_retreading_and_rebuilding_of_rubber_tyres,index,104.1,
wpi,2022-23,2025-06-30,nic:23,index,97.8,
wpi,2022-23,2025-06-30,nic:23/articles_of_concrete_cement_and_plaster,index,105.9,
wpi,2022-23,2025-06-30,nic:23/cement_lime_and_plaster,index,96.1,
wpi,2022-23,2025-06-30,nic:23/clay_building_materials,index,108.1,
wpi,2022-23,2025-06-30,nic:23/cutting_shaping_and_finishing_of_stone,index,117.2,
wpi,2022-23,2025-06-30,nic:23/glass_and_glass_products,index,96.0,
wpi,2022-23,2025-06-30,nic:23/other_porcelain_and_ceramic_products,index,104.9,
wpi,2022-23,2025-06-30,nic:23/refractory_products,index,95.0,
wpi,2022-23,2025-06-30,nic:24,index,91.8,
wpi,2022-23,2025-06-30,nic:24/basic_iron_and_steel,index,85.6,
wpi,2022-23,2025-06-30,nic:24/basic_precious_and_other_non_ferrous_metals,index,118.5,
wpi,2022-23,2025-06-30,nic:24/casting_of_iron_and_steel,index,92.4,
wpi,2022-23,2025-06-30,nic:25,index,99.6,
wpi,2022-23,2025-06-30,nic:25/cutlery_hand_tools_and_general_hardware,index,100.3,
wpi,2022-23,2025-06-30,nic:25/forging_pressing_stamping_and_roll_forming_of_metal_powder_metallurgy,index,97.5,
wpi,2022-23,2025-06-30,nic:25/other_fabricated_metal_products,index,102.3,
wpi,2022-23,2025-06-30,nic:25/steam_generators_except_central_heating_hot_water_boilers,index,102.6,
wpi,2022-23,2025-06-30,nic:25/structural_metal_products,index,100.5,
wpi,2022-23,2025-06-30,nic:25/tanks_reservoirs_and_containers_of_metal,index,94.3,
wpi,2022-23,2025-06-30,nic:25/treatment_and_coating_of_metals_machining,index,88.1,
wpi,2022-23,2025-06-30,nic:25/weapons_and_ammunition,index,98.5,
wpi,2022-23,2025-06-30,nic:26,index,104.3,
wpi,2022-23,2025-06-30,nic:26/communication_equipment,index,106.4,
wpi,2022-23,2025-06-30,nic:26/computers_and_peripheral_equipment,index,99.3,
wpi,2022-23,2025-06-30,nic:26/consumer_electronics,index,98.2,
wpi,2022-23,2025-06-30,nic:26/irradiation_electromedical_and_electrotherapeutic_equipment,index,97.8,
wpi,2022-23,2025-06-30,nic:26/magnetic_and_optical_media,index,86.9,
wpi,2022-23,2025-06-30,nic:26/measuring_testing_navigating_and_control_equipment,index,108.3,
wpi,2022-23,2025-06-30,nic:26/optical_instruments_and_photographic_equipment,index,114.0,
wpi,2022-23,2025-06-30,nic:26/other_electronic_components_and_boards,index,97.4,
wpi,2022-23,2025-06-30,nic:26/solar_cells_solar_panels_and_photovoltaic_inverters,index,98.2,
wpi,2022-23,2025-06-30,nic:26/watches_and_clocks,index,109.4,
wpi,2022-23,2025-06-30,nic:27,index,103.4,
wpi,2022-23,2025-06-30,nic:27/batteries_and_accumulators,index,96.6,
wpi,2022-23,2025-06-30,nic:27/domestic_appliances,index,98.7,
wpi,2022-23,2025-06-30,nic:27/electric_lighting_equipment,index,86.3,
wpi,2022-23,2025-06-30,nic:27/electric_motors_generators_transformers_and_electricity_distribution_and_control_apparatus,index,106.6,
wpi,2022-23,2025-06-30,nic:27/fibre_optic_cables,index,98.6,
wpi,2022-23,2025-06-30,nic:27/other_electrical_equipment,index,98.3,
wpi,2022-23,2025-06-30,nic:27/other_electronic_and_electric_wires_and_cables,index,111.6,
wpi,2022-23,2025-06-30,nic:27/wiring_devices,index,103.6,
wpi,2022-23,2025-06-30,nic:28,index,103.2,
wpi,2022-23,2025-06-30,nic:28/agricultural_and_forestry_machinery,index,103.2,
wpi,2022-23,2025-06-30,nic:28/bearings_gears_gearing_and_driving_elements,index,102.5,
wpi,2022-23,2025-06-30,nic:28/engines_and_turbines_except_aircraft_vehicle_and_cycle_engines,index,99.0,
wpi,2022-23,2025-06-30,nic:28/fluid_power_equipment,index,99.0,
wpi,2022-23,2025-06-30,nic:28/lifting_and_handling_equipment,index,103.2,
wpi,2022-23,2025-06-30,nic:28/machinery_for_food_beverage_and_tobacco_processing,index,103.3,
wpi,2022-23,2025-06-30,nic:28/machinery_for_metallurgy,index,103.8,
wpi,2022-23,2025-06-30,nic:28/machinery_for_mining_quarrying_and_construction,index,106.2,
wpi,2022-23,2025-06-30,nic:28/machinery_for_textile_apparel_and_leather_production,index,103.6,
wpi,2022-23,2025-06-30,nic:28/metal_forming_machinery_and_machine_tools,index,106.6,
wpi,2022-23,2025-06-30,nic:28/other_general_purpose_machinery,index,100.2,
wpi,2022-23,2025-06-30,nic:28/other_pumps_compressors_taps_and_valves,index,106.3,
wpi,2022-23,2025-06-30,nic:28/other_special_purpose_machinery,index,101.7,
wpi,2022-23,2025-06-30,nic:28/ovens_furnaces_and_permanent_household_heating_equipment,index,108.0,
wpi,2022-23,2025-06-30,nic:28/power_driven_hand_tools,index,103.7,
wpi,2022-23,2025-06-30,nic:29,index,105.3,
wpi,2022-23,2025-06-30,nic:29/bodies_coachwork_for_motor_vehicles_manufacture_of_trailers_and_semi_trailers,index,102.8,
wpi,2022-23,2025-06-30,nic:29/motor_vehicles,index,110.8,
wpi,2022-23,2025-06-30,nic:29/parts_and_accessories_for_motor_vehicles,index,98.5,
wpi,2022-23,2025-06-30,nic:30,index,102.4,
wpi,2022-23,2025-06-30,nic:30/air_and_spacecraft_and_related_machinery,index,110.7,
wpi,2022-23,2025-06-30,nic:30/bicycles_and_invalid_carriages,index,101.9,
wpi,2022-23,2025-06-30,nic:30/building_of_ships_and_floating_structures,index,100.8,
wpi,2022-23,2025-06-30,nic:30/motorcycles,index,101.8,
wpi,2022-23,2025-06-30,nic:30/other_transport_equipment,index,102.2,
wpi,2022-23,2025-06-30,nic:30/railway_locomotives_and_rolling_stock,index,103.1,
wpi,2022-23,2025-06-30,nic:31,index,101.3,
wpi,2022-23,2025-06-30,nic:31/other_furniture,index,95.7,
wpi,2022-23,2025-06-30,nic:31/wooden_furniture,index,104.5,
wpi,2022-23,2025-06-30,nic:32,index,129.9,
wpi,2022-23,2025-06-30,nic:32/games_and_toys,index,105.9,
wpi,2022-23,2025-06-30,nic:32/imitation_jewellery_and_related_articles,index,121.8,
wpi,2022-23,2025-06-30,nic:32/jewellery_and_related_articles,index,135.5,
wpi,2022-23,2025-06-30,nic:32/medical_and_dental_instruments_and_supplies,index,105.9,
wpi,2022-23,2025-06-30,nic:32/musical_instruments,index,114.8,
wpi,2022-23,2025-06-30,nic:32/other_manufacturing,index,106.5,
wpi,2022-23,2025-06-30,nic:32/sports_goods,index,111.1,
wpi,2022-23,2025-06-30,wpi:all,index,100.3,
wpi,2022-23,2025-06-30,wpi:food_index,index,109.1,
wpi,2022-23,2025-06-30,wpi:fuel_power,index,87.2,
wpi,2022-23,2025-06-30,wpi:fuel_power/coal_and_lignite,index,89.3,
wpi,2022-23,2025-06-30,wpi:fuel_power/coal_and_lignite/coking_coal,index,88.3,
wpi,2022-23,2025-06-30,wpi:fuel_power/coal_and_lignite/coking_coal/coking_coal,index,88.3,
wpi,2022-23,2025-06-30,wpi:fuel_power/coal_and_lignite/lignite,index,65.1,
wpi,2022-23,2025-06-30,wpi:fuel_power/coal_and_lignite/non_coking_coal,index,90.3,
wpi,2022-23,2025-06-30,wpi:fuel_power/coal_and_lignite/non_coking_coal/non_coking_coal_g15_to_g17_gcv_3100_kcal_kg,index,89.3,
wpi,2022-23,2025-06-30,wpi:fuel_power/coal_and_lignite/non_coking_coal/non_coking_coal_g1_to_g6_gcv_exceeding_5500_kcal_kg,index,95.1,
wpi,2022-23,2025-06-30,wpi:fuel_power/coal_and_lignite/non_coking_coal/non_coking_coal_g7_to_g14_gcv_3100_kcal_kg_to_5500_kcal_kg,index,89.6,
wpi,2022-23,2025-06-30,wpi:fuel_power/crude_petroleum_natural_gas,index,89.2,
wpi,2022-23,2025-06-30,wpi:fuel_power/electricity,index,92.6,
wpi,2022-23,2025-06-30,wpi:fuel_power/electricity/hydro_electricity,index,79.9,
wpi,2022-23,2025-06-30,wpi:fuel_power/electricity/nuclear,index,100.8,
wpi,2022-23,2025-06-30,wpi:fuel_power/electricity/solar,index,93.4,
wpi,2022-23,2025-06-30,wpi:fuel_power/electricity/thermal_electricity,index,92.9,
wpi,2022-23,2025-06-30,wpi:fuel_power/electricity/wind,index,108.0,
wpi,2022-23,2025-06-30,wpi:fuel_power/mineral_oils,index,83.9,
wpi,2022-23,2025-06-30,wpi:manufactured,index,100.3,
wpi,2022-23,2025-06-30,wpi:primary,index,108.5,
wpi,2022-23,2025-06-30,wpi:primary/food_articles,index,111.2,
wpi,2022-23,2025-06-30,wpi:primary/food_articles/condiments_spices,index,112.3,
wpi,2022-23,2025-06-30,wpi:primary/food_articles/eggs_meat_fish,index,106.5,
wpi,2022-23,2025-06-30,wpi:primary/food_articles/food_grains_cereals_pulses,index,113.9,
wpi,2022-23,2025-06-30,wpi:primary/food_articles/food_grains_cereals_pulses/cereals,index,114.5,
wpi,2022-23,2025-06-30,wpi:primary/food_articles/food_grains_cereals_pulses/pulses,index,110.8,
wpi,2022-23,2025-06-30,wpi:primary/food_articles/fruits_vegetables,index,107.7,
wpi,2022-23,2025-06-30,wpi:primary/food_articles/fruits_vegetables/fruits,index,110.4,
wpi,2022-23,2025-06-30,wpi:primary/food_articles/fruits_vegetables/vegetables,index,105.0,
wpi,2022-23,2025-06-30,wpi:primary/food_articles/milk,index,114.0,
wpi,2022-23,2025-06-30,wpi:primary/food_articles/other_food_articles,index,116.6,
wpi,2022-23,2025-06-30,wpi:primary/minerals,index,114.3,
wpi,2022-23,2025-06-30,wpi:primary/minerals/metallic_minerals,index,122.3,
wpi,2022-23,2025-06-30,wpi:primary/minerals/minor_minerals,index,101.5,
wpi,2022-23,2025-06-30,wpi:primary/minerals/other_minerals,index,112.0,
wpi,2022-23,2025-06-30,wpi:primary/non_food_articles,index,99.4,
wpi,2022-23,2025-06-30,wpi:primary/non_food_articles/fibres,index,78.2,
wpi,2022-23,2025-06-30,wpi:primary/non_food_articles/floriculture,index,82.5,
wpi,2022-23,2025-06-30,wpi:primary/non_food_articles/medicinal_plants,index,69.4,
wpi,2022-23,2025-06-30,wpi:primary/non_food_articles/oil_seeds,index,97.0,
wpi,2022-23,2025-06-30,wpi:primary/non_food_articles/other_non_food_articles,index,104.7,
wpi,2022-23,2025-07-31,nic:10,index,105.7,
wpi,2022-23,2025-07-31,nic:10/bakery_products,index,107.5,
wpi,2022-23,2025-07-31,nic:10/cocoa_chocolate_and_sugar_confectionery,index,116.8,
wpi,2022-23,2025-07-31,nic:10/dairy_products,index,107.6,
wpi,2022-23,2025-07-31,nic:10/grain_mill_products,index,107.6,
wpi,2022-23,2025-07-31,nic:10/macaroni_noodles_couscous_and_similar_farinaceous_products,index,106.6,
wpi,2022-23,2025-07-31,nic:10/other_food_products,index,103.1,
wpi,2022-23,2025-07-31,nic:10/prepared_animal_feeds,index,96.3,
wpi,2022-23,2025-07-31,nic:10/processing_and_preserving_of_fish_crustaceans_and_molluscs,index,102.0,
wpi,2022-23,2025-07-31,nic:10/processing_and_preserving_of_fruit_and_vegetables,index,104.1,
wpi,2022-23,2025-07-31,nic:10/processing_and_preserving_of_meat,index,120.8,
wpi,2022-23,2025-07-31,nic:10/processing_of_coffee_and_tea,index,120.5,
wpi,2022-23,2025-07-31,nic:10/starches_and_starch_products,index,86.9,
wpi,2022-23,2025-07-31,nic:10/sugar,index,112.0,
wpi,2022-23,2025-07-31,nic:10/vegetable_and_animal_oils_and_fats,index,99.4,
wpi,2022-23,2025-07-31,nic:11,index,104.1,
wpi,2022-23,2025-07-31,nic:11/beer,index,108.7,
wpi,2022-23,2025-07-31,nic:11/distilling_rectifying_and_blending_of_spirits,index,109.5,
wpi,2022-23,2025-07-31,nic:11/soft_drinks_production_of_mineral_waters_and_other_bottled_waters,index,102.0,
wpi,2022-23,2025-07-31,nic:11/wines,index,106.9,
wpi,2022-23,2025-07-31,nic:12,index,110.0,
wpi,2022-23,2025-07-31,nic:12/tobacco_products,index,110.0,
wpi,2022-23,2025-07-31,nic:13,index,92.2,
wpi,2022-23,2025-07-31,nic:13/carpets_and_rugs,index,102.5,
wpi,2022-23,2025-07-31,nic:13/cordage_rope_twine_and_netting,index,102.9,
wpi,2022-23,2025-07-31,nic:13/knitted_and_crocheted_fabrics,index,92.3,
wpi,2022-23,2025-07-31,nic:13/made_up_textile_articles_except_apparel,index,102.1,
wpi,2022-23,2025-07-31,nic:13/other_textiles,index,100.6,
wpi,2022-23,2025-07-31,nic:13/preparation_and_spinning_of_textile_fibres,index,88.9,
wpi,2022-23,2025-07-31,nic:13/weaving_of_textiles,index,94.4,
wpi,2022-23,2025-07-31,nic:14,index,108.0,
wpi,2022-23,2025-07-31,nic:14/knitted_and_crocheted_apparel,index,107.3,
wpi,2022-23,2025-07-31,nic:14/wearing_apparel_except_fur_apparel,index,108.6,
wpi,2022-23,2025-07-31,nic:15,index,104.6,
wpi,2022-23,2025-07-31,nic:15/footwear,index,104.1,
wpi,2022-23,2025-07-31,nic:15/luggage_handbags_and_the_like_saddlery_and_harness_of_any_material,index,104.9,
wpi,2022-23,2025-07-31,nic:15/tanning_and_dressing_of_leather_dressing_and_dyeing_of_fur,index,108.0,
wpi,2022-23,2025-07-31,nic:16,index,107.9,
wpi,2022-23,2025-07-31,nic:16/other_products_of_wood_manufacture_of_articles_of_cork_straw_and_plaiting_materials,index,112.5,
wpi,2022-23,2025-07-31,nic:16/sawmilling_and_planing_of_wood,index,102.6,
wpi,2022-23,2025-07-31,nic:16/veneer_sheets_and_wood_based_panels,index,108.2,
wpi,2022-23,2025-07-31,nic:16/wooden_containers,index,106.5,
wpi,2022-23,2025-07-31,nic:17,index,91.3,
wpi,2022-23,2025-07-31,nic:17/corrugated_paper_and_paperboard_and_of_containers_of_paper_and_paperboard,index,92.5,
wpi,2022-23,2025-07-31,nic:17/other_articles_of_paper_and_paperboard,index,84.1,
wpi,2022-23,2025-07-31,nic:17/pulp_paper_and_paperboard,index,94.1,
wpi,2022-23,2025-07-31,nic:18,index,104.6,
wpi,2022-23,2025-07-31,nic:18/printing,index,104.6,
wpi,2022-23,2025-07-31,nic:20,index,90.7,
wpi,2022-23,2025-07-31,nic:20/basic_chemicals,index,86.2,
wpi,2022-23,2025-07-31,nic:20/fertilizers_and_nitrogen_compounds,index,94.3,
wpi,2022-23,2025-07-31,nic:20/man_made_fibres,index,90.8,
wpi,2022-23,2025-07-31,nic:20/other_chemical_products,index,87.3,
wpi,2022-23,2025-07-31,nic:20/paints_varnishes_and_similar_coatings_printing_ink_and_mastics,index,88.7,
wpi,2022-23,2025-07-31,nic:20/pesticides_and_other_agrochemical_products,index,86.0,
wpi,2022-23,2025-07-31,nic:20/plastics_and_synthetic_rubber_in_primary_forms,index,88.8,
wpi,2022-23,2025-07-31,nic:20/soap_and_detergents_cleaning_and_polishing_preparations_perfumes_and_toilet_preparations,index,101.1,
wpi,2022-23,2025-07-31,nic:21,index,98.9,
wpi,2022-23,2025-07-31,nic:21/pharmaceuticals_medicinal_chemical_and_botanical_products,index,98.9,
wpi,2022-23,2025-07-31,nic:22,index,96.3,
wpi,2022-23,2025-07-31,nic:22/other_rubber_products,index,106.2,
wpi,2022-23,2025-07-31,nic:22/plastics_products,index,93.0,
wpi,2022-23,2025-07-31,nic:22/rubber_tyres_and_tubes_retreading_and_rebuilding_of_rubber_tyres,index,103.2,
wpi,2022-23,2025-07-31,nic:23,index,97.3,
wpi,2022-23,2025-07-31,nic:23/articles_of_concrete_cement_and_plaster,index,105.3,
wpi,2022-23,2025-07-31,nic:23/cement_lime_and_plaster,index,95.4,
wpi,2022-23,2025-07-31,nic:23/clay_building_materials,index,107.6,
wpi,2022-23,2025-07-31,nic:23/cutting_shaping_and_finishing_of_stone,index,117.7,
wpi,2022-23,2025-07-31,nic:23/glass_and_glass_products,index,95.3,
wpi,2022-23,2025-07-31,nic:23/other_porcelain_and_ceramic_products,index,105.6,
wpi,2022-23,2025-07-31,nic:23/refractory_products,index,95.2,
wpi,2022-23,2025-07-31,nic:24,index,90.8,
wpi,2022-23,2025-07-31,nic:24/basic_iron_and_steel,index,84.0,
wpi,2022-23,2025-07-31,nic:24/basic_precious_and_other_non_ferrous_metals,index,119.9,
wpi,2022-23,2025-07-31,nic:24/casting_of_iron_and_steel,index,92.3,
wpi,2022-23,2025-07-31,nic:25,index,99.4,
wpi,2022-23,2025-07-31,nic:25/cutlery_hand_tools_and_general_hardware,index,100.7,
wpi,2022-23,2025-07-31,nic:25/forging_pressing_stamping_and_roll_forming_of_metal_powder_metallurgy,index,99.0,
wpi,2022-23,2025-07-31,nic:25/other_fabricated_metal_products,index,101.5,
wpi,2022-23,2025-07-31,nic:25/steam_generators_except_central_heating_hot_water_boilers,index,103.3,
wpi,2022-23,2025-07-31,nic:25/structural_metal_products,index,100.4,
wpi,2022-23,2025-07-31,nic:25/tanks_reservoirs_and_containers_of_metal,index,95.0,
wpi,2022-23,2025-07-31,nic:25/treatment_and_coating_of_metals_machining,index,86.7,
wpi,2022-23,2025-07-31,nic:25/weapons_and_ammunition,index,97.5,
wpi,2022-23,2025-07-31,nic:26,index,105.1,
wpi,2022-23,2025-07-31,nic:26/communication_equipment,index,107.6,
wpi,2022-23,2025-07-31,nic:26/computers_and_peripheral_equipment,index,98.5,
wpi,2022-23,2025-07-31,nic:26/consumer_electronics,index,96.9,
wpi,2022-23,2025-07-31,nic:26/irradiation_electromedical_and_electrotherapeutic_equipment,index,98.1,
wpi,2022-23,2025-07-31,nic:26/magnetic_and_optical_media,index,118.9,
wpi,2022-23,2025-07-31,nic:26/measuring_testing_navigating_and_control_equipment,index,108.3,
wpi,2022-23,2025-07-31,nic:26/optical_instruments_and_photographic_equipment,index,114.1,
wpi,2022-23,2025-07-31,nic:26/other_electronic_components_and_boards,index,97.4,
wpi,2022-23,2025-07-31,nic:26/solar_cells_solar_panels_and_photovoltaic_inverters,index,99.2,
wpi,2022-23,2025-07-31,nic:26/watches_and_clocks,index,112.0,
wpi,2022-23,2025-07-31,nic:27,index,103.7,
wpi,2022-23,2025-07-31,nic:27/batteries_and_accumulators,index,97.1,
wpi,2022-23,2025-07-31,nic:27/domestic_appliances,index,98.9,
wpi,2022-23,2025-07-31,nic:27/electric_lighting_equipment,index,85.9,
wpi,2022-23,2025-07-31,nic:27/electric_motors_generators_transformers_and_electricity_distribution_and_control_apparatus,index,106.3,
wpi,2022-23,2025-07-31,nic:27/fibre_optic_cables,index,99.1,
wpi,2022-23,2025-07-31,nic:27/other_electrical_equipment,index,98.8,
wpi,2022-23,2025-07-31,nic:27/other_electronic_and_electric_wires_and_cables,index,112.6,
wpi,2022-23,2025-07-31,nic:27/wiring_devices,index,103.4,
wpi,2022-23,2025-07-31,nic:28,index,103.3,
wpi,2022-23,2025-07-31,nic:28/agricultural_and_forestry_machinery,index,103.4,
wpi,2022-23,2025-07-31,nic:28/bearings_gears_gearing_and_driving_elements,index,102.3,
wpi,2022-23,2025-07-31,nic:28/engines_and_turbines_except_aircraft_vehicle_and_cycle_engines,index,99.8,
wpi,2022-23,2025-07-31,nic:28/fluid_power_equipment,index,99.5,
wpi,2022-23,2025-07-31,nic:28/lifting_and_handling_equipment,index,101.3,
wpi,2022-23,2025-07-31,nic:28/machinery_for_food_beverage_and_tobacco_processing,index,103.8,
wpi,2022-23,2025-07-31,nic:28/machinery_for_metallurgy,index,107.4,
wpi,2022-23,2025-07-31,nic:28/machinery_for_mining_quarrying_and_construction,index,107.2,
wpi,2022-23,2025-07-31,nic:28/machinery_for_textile_apparel_and_leather_production,index,104.1,
wpi,2022-23,2025-07-31,nic:28/metal_forming_machinery_and_machine_tools,index,107.2,
wpi,2022-23,2025-07-31,nic:28/other_general_purpose_machinery,index,99.8,
wpi,2022-23,2025-07-31,nic:28/other_pumps_compressors_taps_and_valves,index,106.3,
wpi,2022-23,2025-07-31,nic:28/other_special_purpose_machinery,index,100.9,
wpi,2022-23,2025-07-31,nic:28/ovens_furnaces_and_permanent_household_heating_equipment,index,109.0,
wpi,2022-23,2025-07-31,nic:28/power_driven_hand_tools,index,102.3,
wpi,2022-23,2025-07-31,nic:29,index,105.6,
wpi,2022-23,2025-07-31,nic:29/bodies_coachwork_for_motor_vehicles_manufacture_of_trailers_and_semi_trailers,index,103.6,
wpi,2022-23,2025-07-31,nic:29/motor_vehicles,index,111.3,
wpi,2022-23,2025-07-31,nic:29/parts_and_accessories_for_motor_vehicles,index,98.6,
wpi,2022-23,2025-07-31,nic:30,index,103.1,
wpi,2022-23,2025-07-31,nic:30/air_and_spacecraft_and_related_machinery,index,113.3,
wpi,2022-23,2025-07-31,nic:30/bicycles_and_invalid_carriages,index,101.7,
wpi,2022-23,2025-07-31,nic:30/building_of_ships_and_floating_structures,index,100.8,
wpi,2022-23,2025-07-31,nic:30/motorcycles,index,102.6,
wpi,2022-23,2025-07-31,nic:30/other_transport_equipment,index,101.3,
wpi,2022-23,2025-07-31,nic:30/railway_locomotives_and_rolling_stock,index,104.1,
wpi,2022-23,2025-07-31,nic:31,index,101.4,
wpi,2022-23,2025-07-31,nic:31/other_furniture,index,97.1,
wpi,2022-23,2025-07-31,nic:31/wooden_furniture,index,103.9,
wpi,2022-23,2025-07-31,nic:32,index,128.2,
wpi,2022-23,2025-07-31,nic:32/games_and_toys,index,105.5,
wpi,2022-23,2025-07-31,nic:32/imitation_jewellery_and_related_articles,index,119.5,
wpi,2022-23,2025-07-31,nic:32/jewellery_and_related_articles,index,133.6,
wpi,2022-23,2025-07-31,nic:32/medical_and_dental_instruments_and_supplies,index,105.4,
wpi,2022-23,2025-07-31,nic:32/musical_instruments,index,113.2,
wpi,2022-23,2025-07-31,nic:32/other_manufacturing,index,105.8,
wpi,2022-23,2025-07-31,nic:32/sports_goods,index,111.1,
wpi,2022-23,2025-07-31,wpi:all,index,100.2,
wpi,2022-23,2025-07-31,wpi:food_index,index,109.8,
wpi,2022-23,2025-07-31,wpi:fuel_power,index,87.8,
wpi,2022-23,2025-07-31,wpi:fuel_power/coal_and_lignite,index,88.9,
wpi,2022-23,2025-07-31,wpi:fuel_power/coal_and_lignite/coking_coal,index,89.0,
wpi,2022-23,2025-07-31,wpi:fuel_power/coal_and_lignite/coking_coal/coking_coal,index,89.0,
wpi,2022-23,2025-07-31,wpi:fuel_power/coal_and_lignite/lignite,index,65.0,
wpi,2022-23,2025-07-31,wpi:fuel_power/coal_and_lignite/non_coking_coal,index,89.8,
wpi,2022-23,2025-07-31,wpi:fuel_power/coal_and_lignite/non_coking_coal/non_coking_coal_g15_to_g17_gcv_3100_kcal_kg,index,89.3,
wpi,2022-23,2025-07-31,wpi:fuel_power/coal_and_lignite/non_coking_coal/non_coking_coal_g1_to_g6_gcv_exceeding_5500_kcal_kg,index,95.5,
wpi,2022-23,2025-07-31,wpi:fuel_power/coal_and_lignite/non_coking_coal/non_coking_coal_g7_to_g14_gcv_3100_kcal_kg_to_5500_kcal_kg,index,89.0,
wpi,2022-23,2025-07-31,wpi:fuel_power/crude_petroleum_natural_gas,index,90.4,
wpi,2022-23,2025-07-31,wpi:fuel_power/electricity,index,91.4,
wpi,2022-23,2025-07-31,wpi:fuel_power/electricity/hydro_electricity,index,77.2,
wpi,2022-23,2025-07-31,wpi:fuel_power/electricity/nuclear,index,100.8,
wpi,2022-23,2025-07-31,wpi:fuel_power/electricity/solar,index,92.8,
wpi,2022-23,2025-07-31,wpi:fuel_power/electricity/thermal_electricity,index,91.7,
wpi,2022-23,2025-07-31,wpi:fuel_power/electricity/wind,index,108.8,
wpi,2022-23,2025-07-31,wpi:fuel_power/mineral_oils,index,85.5,
wpi,2022-23,2025-07-31,wpi:manufactured,index,100.1,
wpi,2022-23,2025-07-31,wpi:primary,index,108.0,
wpi,2022-23,2025-07-31,wpi:primary/food_articles,index,112.1,
wpi,2022-23,2025-07-31,wpi:primary/food_articles/condiments_spices,index,112.8,
wpi,2022-23,2025-07-31,wpi:primary/food_articles/eggs_meat_fish,index,104.1,
wpi,2022-23,2025-07-31,wpi:primary/food_articles/food_grains_cereals_pulses,index,114.8,
wpi,2022-23,2025-07-31,wpi:primary/food_articles/food_grains_cereals_pulses/cereals,index,115.6,
wpi,2022-23,2025-07-31,wpi:primary/food_articles/food_grains_cereals_pulses/pulses,index,110.7,
wpi,2022-23,2025-07-31,wpi:primary/food_articles/fruits_vegetables,index,112.9,
wpi,2022-23,2025-07-31,wpi:primary/food_articles/fruits_vegetables/fruits,index,109.0,
wpi,2022-23,2025-07-31,wpi:primary/food_articles/fruits_vegetables/vegetables,index,116.7,
wpi,2022-23,2025-07-31,wpi:primary/food_articles/milk,index,114.1,
wpi,2022-23,2025-07-31,wpi:primary/food_articles/other_food_articles,index,115.8,
wpi,2022-23,2025-07-31,wpi:primary/minerals,index,110.7,
wpi,2022-23,2025-07-31,wpi:primary/minerals/metallic_minerals,index,113.5,
wpi,2022-23,2025-07-31,wpi:primary/minerals/minor_minerals,index,104.7,
wpi,2022-23,2025-07-31,wpi:primary/minerals/other_minerals,index,113.5,
wpi,2022-23,2025-07-31,wpi:primary/non_food_articles,index,95.7,
wpi,2022-23,2025-07-31,wpi:primary/non_food_articles/fibres,index,80.4,
wpi,2022-23,2025-07-31,wpi:primary/non_food_articles/floriculture,index,93.2,
wpi,2022-23,2025-07-31,wpi:primary/non_food_articles/medicinal_plants,index,66.4,
wpi,2022-23,2025-07-31,wpi:primary/non_food_articles/oil_seeds,index,100.6,
wpi,2022-23,2025-07-31,wpi:primary/non_food_articles/other_non_food_articles,index,97.3,
wpi,2022-23,2025-08-31,nic:10,index,106.7,
wpi,2022-23,2025-08-31,nic:10/bakery_products,index,107.9,
wpi,2022-23,2025-08-31,nic:10/cocoa_chocolate_and_sugar_confectionery,index,117.2,
wpi,2022-23,2025-08-31,nic:10/dairy_products,index,108.0,
wpi,2022-23,2025-08-31,nic:10/grain_mill_products,index,108.2,
wpi,2022-23,2025-08-31,nic:10/macaroni_noodles_couscous_and_similar_farinaceous_products,index,106.6,
wpi,2022-23,2025-08-31,nic:10/other_food_products,index,103.9,
wpi,2022-23,2025-08-31,nic:10/prepared_animal_feeds,index,97.0,
wpi,2022-23,2025-08-31,nic:10/processing_and_preserving_of_fish_crustaceans_and_molluscs,index,103.9,
wpi,2022-23,2025-08-31,nic:10/processing_and_preserving_of_fruit_and_vegetables,index,103.5,
wpi,2022-23,2025-08-31,nic:10/processing_and_preserving_of_meat,index,120.8,
wpi,2022-23,2025-08-31,nic:10/processing_of_coffee_and_tea,index,115.6,
wpi,2022-23,2025-08-31,nic:10/starches_and_starch_products,index,86.5,
wpi,2022-23,2025-08-31,nic:10/sugar,index,114.6,
wpi,2022-23,2025-08-31,nic:10/vegetable_and_animal_oils_and_fats,index,101.8,
wpi,2022-23,2025-08-31,nic:11,index,103.7,
wpi,2022-23,2025-08-31,nic:11/beer,index,108.4,
wpi,2022-23,2025-08-31,nic:11/distilling_rectifying_and_blending_of_spirits,index,110.0,
wpi,2022-23,2025-08-31,nic:11/soft_drinks_production_of_mineral_waters_and_other_bottled_waters,index,101.3,
wpi,2022-23,2025-08-31,nic:11/wines,index,110.6,
wpi,2022-23,2025-08-31,nic:12,index,110.1,
wpi,2022-23,2025-08-31,nic:12/tobacco_products,index,110.1,
wpi,2022-23,2025-08-31,nic:13,index,92.6,
wpi,2022-23,2025-08-31,nic:13/carpets_and_rugs,index,102.6,
wpi,2022-23,2025-08-31,nic:13/cordage_rope_twine_and_netting,index,103.0,
wpi,2022-23,2025-08-31,nic:13/knitted_and_crocheted_fabrics,index,93.4,
wpi,2022-23,2025-08-31,nic:13/made_up_textile_articles_except_apparel,index,101.4,
wpi,2022-23,2025-08-31,nic:13/other_textiles,index,100.3,
wpi,2022-23,2025-08-31,nic:13/preparation_and_spinning_of_textile_fibres,index,89.6,
wpi,2022-23,2025-08-31,nic:13/weaving_of_textiles,index,93.7,
wpi,2022-23,2025-08-31,nic:14,index,109.0,
wpi,2022-23,2025-08-31,nic:14/knitted_and_crocheted_apparel,index,108.0,
wpi,2022-23,2025-08-31,nic:14/wearing_apparel_except_fur_apparel,index,109.9,
wpi,2022-23,2025-08-31,nic:15,index,105.0,
wpi,2022-23,2025-08-31,nic:15/footwear,index,104.5,
wpi,2022-23,2025-08-31,nic:15/luggage_handbags_and_the_like_saddlery_and_harness_of_any_material,index,106.4,
wpi,2022-23,2025-08-31,nic:15/tanning_and_dressing_of_leather_dressing_and_dyeing_of_fur,index,106.6,
wpi,2022-23,2025-08-31,nic:16,index,107.5,
wpi,2022-23,2025-08-31,nic:16/other_products_of_wood_manufacture_of_articles_of_cork_straw_and_plaiting_materials,index,113.7,
wpi,2022-23,2025-08-31,nic:16/sawmilling_and_planing_of_wood,index,108.0,
wpi,2022-23,2025-08-31,nic:16/veneer_sheets_and_wood_based_panels,index,107.6,
wpi,2022-23,2025-08-31,nic:16/wooden_containers,index,105.8,
wpi,2022-23,2025-08-31,nic:17,index,90.9,
wpi,2022-23,2025-08-31,nic:17/corrugated_paper_and_paperboard_and_of_containers_of_paper_and_paperboard,index,92.3,
wpi,2022-23,2025-08-31,nic:17/other_articles_of_paper_and_paperboard,index,83.4,
wpi,2022-23,2025-08-31,nic:17/pulp_paper_and_paperboard,index,93.7,
wpi,2022-23,2025-08-31,nic:18,index,105.3,
wpi,2022-23,2025-08-31,nic:18/printing,index,105.3,
wpi,2022-23,2025-08-31,nic:20,index,90.9,
wpi,2022-23,2025-08-31,nic:20/basic_chemicals,index,86.7,
wpi,2022-23,2025-08-31,nic:20/fertilizers_and_nitrogen_compounds,index,94.6,
wpi,2022-23,2025-08-31,nic:20/man_made_fibres,index,90.5,
wpi,2022-23,2025-08-31,nic:20/other_chemical_products,index,86.4,
wpi,2022-23,2025-08-31,nic:20/paints_varnishes_and_similar_coatings_printing_ink_and_mastics,index,89.6,
wpi,2022-23,2025-08-31,nic:20/pesticides_and_other_agrochemical_products,index,86.5,
wpi,2022-23,2025-08-31,nic:20/plastics_and_synthetic_rubber_in_primary_forms,index,88.7,
wpi,2022-23,2025-08-31,nic:20/soap_and_detergents_cleaning_and_polishing_preparations_perfumes_and_toilet_preparations,index,101.2,
wpi,2022-23,2025-08-31,nic:21,index,99.9,
wpi,2022-23,2025-08-31,nic:21/pharmaceuticals_medicinal_chemical_and_botanical_products,index,99.9,
wpi,2022-23,2025-08-31,nic:22,index,96.6,
wpi,2022-23,2025-08-31,nic:22/other_rubber_products,index,106.1,
wpi,2022-23,2025-08-31,nic:22/plastics_products,index,93.4,
wpi,2022-23,2025-08-31,nic:22/rubber_tyres_and_tubes_retreading_and_rebuilding_of_rubber_tyres,index,103.4,
wpi,2022-23,2025-08-31,nic:23,index,97.2,
wpi,2022-23,2025-08-31,nic:23/articles_of_concrete_cement_and_plaster,index,105.6,
wpi,2022-23,2025-08-31,nic:23/cement_lime_and_plaster,index,94.9,
wpi,2022-23,2025-08-31,nic:23/clay_building_materials,index,109.0,
wpi,2022-23,2025-08-31,nic:23/cutting_shaping_and_finishing_of_stone,index,116.7,
wpi,2022-23,2025-08-31,nic:23/glass_and_glass_products,index,95.6,
wpi,2022-23,2025-08-31,nic:23/other_porcelain_and_ceramic_products,index,106.9,
wpi,2022-23,2025-08-31,nic:23/refractory_products,index,95.8,
wpi,2022-23,2025-08-31,nic:24,index,91.0,
wpi,2022-23,2025-08-31,nic:24/basic_iron_and_steel,index,84.0,
wpi,2022-23,2025-08-31,nic:24/basic_precious_and_other_non_ferrous_metals,index,121.1,
wpi,2022-23,2025-08-31,nic:24/casting_of_iron_and_steel,index,92.6,
wpi,2022-23,2025-08-31,nic:25,index,99.8,
wpi,2022-23,2025-08-31,nic:25/cutlery_hand_tools_and_general_hardware,index,100.7,
wpi,2022-23,2025-08-31,nic:25/forging_pressing_stamping_and_roll_forming_of_metal_powder_metallurgy,index,98.9,
wpi,2022-23,2025-08-31,nic:25/other_fabricated_metal_products,index,102.7,
wpi,2022-23,2025-08-31,nic:25/steam_generators_except_central_heating_hot_water_boilers,index,105.4,
wpi,2022-23,2025-08-31,nic:25/structural_metal_products,index,100.5,
wpi,2022-23,2025-08-31,nic:25/tanks_reservoirs_and_containers_of_metal,index,93.6,
wpi,2022-23,2025-08-31,nic:25/treatment_and_coating_of_metals_machining,index,86.3,
wpi,2022-23,2025-08-31,nic:25/weapons_and_ammunition,index,99.3,
wpi,2022-23,2025-08-31,nic:26,index,105.3,
wpi,2022-23,2025-08-31,nic:26/communication_equipment,index,107.9,
wpi,2022-23,2025-08-31,nic:26/computers_and_peripheral_equipment,index,99.5,
wpi,2022-23,2025-08-31,nic:26/consumer_electronics,index,95.5,
wpi,2022-23,2025-08-31,nic:26/irradiation_electromedical_and_electrotherapeutic_equipment,index,103.8,
wpi,2022-23,2025-08-31,nic:26/magnetic_and_optical_media,index,113.1,
wpi,2022-23,2025-08-31,nic:26/measuring_testing_navigating_and_control_equipment,index,106.1,
wpi,2022-23,2025-08-31,nic:26/optical_instruments_and_photographic_equipment,index,113.8,
wpi,2022-23,2025-08-31,nic:26/other_electronic_components_and_boards,index,97.6,
wpi,2022-23,2025-08-31,nic:26/solar_cells_solar_panels_and_photovoltaic_inverters,index,101.7,
wpi,2022-23,2025-08-31,nic:26/watches_and_clocks,index,112.1,
wpi,2022-23,2025-08-31,nic:27,index,104.4,
wpi,2022-23,2025-08-31,nic:27/batteries_and_accumulators,index,97.3,
wpi,2022-23,2025-08-31,nic:27/domestic_appliances,index,99.3,
wpi,2022-23,2025-08-31,nic:27/electric_lighting_equipment,index,86.5,
wpi,2022-23,2025-08-31,nic:27/electric_motors_generators_transformers_and_electricity_distribution_and_control_apparatus,index,106.9,
wpi,2022-23,2025-08-31,nic:27/fibre_optic_cables,index,100.1,
wpi,2022-23,2025-08-31,nic:27/other_electrical_equipment,index,97.4,
wpi,2022-23,2025-08-31,nic:27/other_electronic_and_electric_wires_and_cables,index,114.4,
wpi,2022-23,2025-08-31,nic:27/wiring_devices,index,104.0,
wpi,2022-23,2025-08-31,nic:28,index,103.7,
wpi,2022-23,2025-08-31,nic:28/agricultural_and_forestry_machinery,index,103.8,
wpi,2022-23,2025-08-31,nic:28/bearings_gears_gearing_and_driving_elements,index,102.8,
wpi,2022-23,2025-08-31,nic:28/engines_and_turbines_except_aircraft_vehicle_and_cycle_engines,index,100.0,
wpi,2022-23,2025-08-31,nic:28/fluid_power_equipment,index,99.1,
wpi,2022-23,2025-08-31,nic:28/lifting_and_handling_equipment,index,101.2,
wpi,2022-23,2025-08-31,nic:28/machinery_for_food_beverage_and_tobacco_processing,index,103.6,
wpi,2022-23,2025-08-31,nic:28/machinery_for_metallurgy,index,110.8,
wpi,2022-23,2025-08-31,nic:28/machinery_for_mining_quarrying_and_construction,index,106.6,
wpi,2022-23,2025-08-31,nic:28/machinery_for_textile_apparel_and_leather_production,index,107.0,
wpi,2022-23,2025-08-31,nic:28/metal_forming_machinery_and_machine_tools,index,107.9,
wpi,2022-23,2025-08-31,nic:28/other_general_purpose_machinery,index,99.8,
wpi,2022-23,2025-08-31,nic:28/other_pumps_compressors_taps_and_valves,index,107.6,
wpi,2022-23,2025-08-31,nic:28/other_special_purpose_machinery,index,100.3,
wpi,2022-23,2025-08-31,nic:28/ovens_furnaces_and_permanent_household_heating_equipment,index,107.3,
wpi,2022-23,2025-08-31,nic:28/power_driven_hand_tools,index,102.8,
wpi,2022-23,2025-08-31,nic:29,index,105.4,
wpi,2022-23,2025-08-31,nic:29/bodies_coachwork_for_motor_vehicles_manufacture_of_trailers_and_semi_trailers,index,104.2,
wpi,2022-23,2025-08-31,nic:29/motor_vehicles,index,110.8,
wpi,2022-23,2025-08-31,nic:29/parts_and_accessories_for_motor_vehicles,index,98.6,
wpi,2022-23,2025-08-31,nic:30,index,103.5,
wpi,2022-23,2025-08-31,nic:30/air_and_spacecraft_and_related_machinery,index,114.2,
wpi,2022-23,2025-08-31,nic:30/bicycles_and_invalid_carriages,index,101.7,
wpi,2022-23,2025-08-31,nic:30/building_of_ships_and_floating_structures,index,100.8,
wpi,2022-23,2025-08-31,nic:30/motorcycles,index,103.0,
wpi,2022-23,2025-08-31,nic:30/other_transport_equipment,index,100.3,
wpi,2022-23,2025-08-31,nic:30/railway_locomotives_and_rolling_stock,index,104.8,
wpi,2022-23,2025-08-31,nic:31,index,100.4,
wpi,2022-23,2025-08-31,nic:31/other_furniture,index,94.9,
wpi,2022-23,2025-08-31,nic:31/wooden_furniture,index,103.6,
wpi,2022-23,2025-08-31,nic:32,index,126.2,
wpi,2022-23,2025-08-31,nic:32/games_and_toys,index,106.3,
wpi,2022-23,2025-08-31,nic:32/imitation_jewellery_and_related_articles,index,119.8,
wpi,2022-23,2025-08-31,nic:32/jewellery_and_related_articles,index,131.1,
wpi,2022-23,2025-08-31,nic:32/medical_and_dental_instruments_and_supplies,index,104.0,
wpi,2022-23,2025-08-31,nic:32/musical_instruments,index,115.2,
wpi,2022-23,2025-08-31,nic:32/other_manufacturing,index,106.4,
wpi,2022-23,2025-08-31,nic:32/sports_goods,index,111.2,
wpi,2022-23,2025-08-31,wpi:all,index,100.8,
wpi,2022-23,2025-08-31,wpi:food_index,index,110.7,
wpi,2022-23,2025-08-31,wpi:fuel_power,index,88.1,
wpi,2022-23,2025-08-31,wpi:fuel_power/coal_and_lignite,index,89.1,
wpi,2022-23,2025-08-31,wpi:fuel_power/coal_and_lignite/coking_coal,index,87.8,
wpi,2022-23,2025-08-31,wpi:fuel_power/coal_and_lignite/coking_coal/coking_coal,index,87.8,
wpi,2022-23,2025-08-31,wpi:fuel_power/coal_and_lignite/lignite,index,65.2,
wpi,2022-23,2025-08-31,wpi:fuel_power/coal_and_lignite/non_coking_coal,index,90.2,
wpi,2022-23,2025-08-31,wpi:fuel_power/coal_and_lignite/non_coking_coal/non_coking_coal_g15_to_g17_gcv_3100_kcal_kg,index,89.5,
wpi,2022-23,2025-08-31,wpi:fuel_power/coal_and_lignite/non_coking_coal/non_coking_coal_g1_to_g6_gcv_exceeding_5500_kcal_kg,index,95.3,
wpi,2022-23,2025-08-31,wpi:fuel_power/coal_and_lignite/non_coking_coal/non_coking_coal_g7_to_g14_gcv_3100_kcal_kg_to_5500_kcal_kg,index,89.4,
wpi,2022-23,2025-08-31,wpi:fuel_power/crude_petroleum_natural_gas,index,89.5,
wpi,2022-23,2025-08-31,wpi:fuel_power/electricity,index,92.5,
wpi,2022-23,2025-08-31,wpi:fuel_power/electricity/hydro_electricity,index,75.6,
wpi,2022-23,2025-08-31,wpi:fuel_power/electricity/nuclear,index,100.8,
wpi,2022-23,2025-08-31,wpi:fuel_power/electricity/solar,index,92.8,
wpi,2022-23,2025-08-31,wpi:fuel_power/electricity/thermal_electricity,index,93.2,
wpi,2022-23,2025-08-31,wpi:fuel_power/electricity/wind,index,108.8,
wpi,2022-23,2025-08-31,wpi:fuel_power/mineral_oils,index,85.5,
wpi,2022-23,2025-08-31,wpi:manufactured,index,100.4,
wpi,2022-23,2025-08-31,wpi:primary,index,109.6,
wpi,2022-23,2025-08-31,wpi:primary/food_articles,index,112.9,
wpi,2022-23,2025-08-31,wpi:primary/food_articles/condiments_spices,index,111.1,
wpi,2022-23,2025-08-31,wpi:primary/food_articles/eggs_meat_fish,index,105.2,
wpi,2022-23,2025-08-31,wpi:primary/food_articles/food_grains_cereals_pulses,index,115.8,
wpi,2022-23,2025-08-31,wpi:primary/food_articles/food_grains_cereals_pulses/cereals,index,116.4,
wpi,2022-23,2025-08-31,wpi:primary/food_articles/food_grains_cereals_pulses/pulses,index,112.6,
wpi,2022-23,2025-08-31,wpi:primary/food_articles/fruits_vegetables,index,114.8,
wpi,2022-23,2025-08-31,wpi:primary/food_articles/fruits_vegetables/fruits,index,112.5,
wpi,2022-23,2025-08-31,wpi:primary/food_articles/fruits_vegetables/vegetables,index,117.1,
wpi,2022-23,2025-08-31,wpi:primary/food_articles/milk,index,114.3,
wpi,2022-23,2025-08-31,wpi:primary/food_articles/other_food_articles,index,116.2,
wpi,2022-23,2025-08-31,wpi:primary/minerals,index,115.3,
wpi,2022-23,2025-08-31,wpi:primary/minerals/metallic_minerals,index,121.5,
wpi,2022-23,2025-08-31,wpi:primary/minerals/minor_minerals,index,105.2,
wpi,2022-23,2025-08-31,wpi:primary/minerals/other_minerals,index,114.1,
wpi,2022-23,2025-08-31,wpi:primary/non_food_articles,index,98.7,
wpi,2022-23,2025-08-31,wpi:primary/non_food_articles/fibres,index,80.0,
wpi,2022-23,2025-08-31,wpi:primary/non_food_articles/floriculture,index,112.7,
wpi,2022-23,2025-08-31,wpi:primary/non_food_articles/medicinal_plants,index,62.6,
wpi,2022-23,2025-08-31,wpi:primary/non_food_articles/oil_seeds,index,102.3,
wpi,2022-23,2025-08-31,wpi:primary/non_food_articles/other_non_food_articles,index,100.5,
wpi,2022-23,2025-09-30,nic:10,index,107.0,
wpi,2022-23,2025-09-30,nic:10/bakery_products,index,107.7,
wpi,2022-23,2025-09-30,nic:10/cocoa_chocolate_and_sugar_confectionery,index,116.6,
wpi,2022-23,2025-09-30,nic:10/dairy_products,index,108.9,
wpi,2022-23,2025-09-30,nic:10/grain_mill_products,index,108.4,
wpi,2022-23,2025-09-30,nic:10/macaroni_noodles_couscous_and_similar_farinaceous_products,index,107.1,
wpi,2022-23,2025-09-30,nic:10/other_food_products,index,104.0,
wpi,2022-23,2025-09-30,nic:10/prepared_animal_feeds,index,97.8,
wpi,2022-23,2025-09-30,nic:10/processing_and_preserving_of_fish_crustaceans_and_molluscs,index,106.5,
wpi,2022-23,2025-09-30,nic:10/processing_and_preserving_of_fruit_and_vegetables,index,102.0,
wpi,2022-23,2025-09-30,nic:10/processing_and_preserving_of_meat,index,121.4,
wpi,2022-23,2025-09-30,nic:10/processing_of_coffee_and_tea,index,111.1,
wpi,2022-23,2025-09-30,nic:10/starches_and_starch_products,index,85.6,
wpi,2022-23,2025-09-30,nic:10/sugar,index,114.2,
wpi,2022-23,2025-09-30,nic:10/vegetable_and_animal_oils_and_fats,index,102.7,
wpi,2022-23,2025-09-30,nic:11,index,104.4,
wpi,2022-23,2025-09-30,nic:11/beer,index,108.4,
wpi,2022-23,2025-09-30,nic:11/distilling_rectifying_and_blending_of_spirits,index,110.5,
wpi,2022-23,2025-09-30,nic:11/soft_drinks_production_of_mineral_waters_and_other_bottled_waters,index,102.1,
wpi,2022-23,2025-09-30,nic:11/wines,index,109.6,
wpi,2022-23,2025-09-30,nic:12,index,110.1,
wpi,2022-23,2025-09-30,nic:12/tobacco_products,index,110.1,
wpi,2022-23,2025-09-30,nic:13,index,92.4,
wpi,2022-23,2025-09-30,nic:13/carpets_and_rugs,index,104.4,
wpi,2022-23,2025-09-30,nic:13/cordage_rope_twine_and_netting,index,102.9,
wpi,2022-23,2025-09-30,nic:13/knitted_and_crocheted_fabrics,index,93.1,
wpi,2022-23,2025-09-30,nic:13/made_up_textile_articles_except_apparel,index,101.7,
wpi,2022-23,2025-09-30,nic:13/other_textiles,index,100.8,
wpi,2022-23,2025-09-30,nic:13/preparation_and_spinning_of_textile_fibres,index,89.2,
wpi,2022-23,2025-09-30,nic:13/weaving_of_textiles,index,93.8,
wpi,2022-23,2025-09-30,nic:14,index,109.2,
wpi,2022-23,2025-09-30,nic:14/knitted_and_crocheted_apparel,index,107.1,
wpi,2022-23,2025-09-30,nic:14/wearing_apparel_except_fur_apparel,index,110.9,
wpi,2022-23,2025-09-30,nic:15,index,105.2,
wpi,2022-23,2025-09-30,nic:15/footwear,index,104.7,
wpi,2022-23,2025-09-30,nic:15/luggage_handbags_and_the_like_saddlery_and_harness_of_any_material,index,106.5,
wpi,2022-23,2025-09-30,nic:15/tanning_and_dressing_of_leather_dressing_and_dyeing_of_fur,index,107.3,
wpi,2022-23,2025-09-30,nic:16,index,108.8,
wpi,2022-23,2025-09-30,nic:16/other_products_of_wood_manufacture_of_articles_of_cork_straw_and_plaiting_materials,index,113.0,
wpi,2022-23,2025-09-30,nic:16/sawmilling_and_planing_of_wood,index,103.4,
wpi,2022-23,2025-09-30,nic:16/veneer_sheets_and_wood_based_panels,index,109.2,
wpi,2022-23,2025-09-30,nic:16/wooden_containers,index,106.3,
wpi,2022-23,2025-09-30,nic:17,index,91.3,
wpi,2022-23,2025-09-30,nic:17/corrugated_paper_and_paperboard_and_of_containers_of_paper_and_paperboard,index,92.5,
wpi,2022-23,2025-09-30,nic:17/other_articles_of_paper_and_paperboard,index,83.1,
wpi,2022-23,2025-09-30,nic:17/pulp_paper_and_paperboard,index,94.6,
wpi,2022-23,2025-09-30,nic:18,index,105.4,
wpi,2022-23,2025-09-30,nic:18/printing,index,105.4,
wpi,2022-23,2025-09-30,nic:20,index,90.8,
wpi,2022-23,2025-09-30,nic:20/basic_chemicals,index,86.4,
wpi,2022-23,2025-09-30,nic:20/fertilizers_and_nitrogen_compounds,index,94.8,
wpi,2022-23,2025-09-30,nic:20/man_made_fibres,index,91.4,
wpi,2022-23,2025-09-30,nic:20/other_chemical_products,index,86.2,
wpi,2022-23,2025-09-30,nic:20/paints_varnishes_and_similar_coatings_printing_ink_and_mastics,index,89.8,
wpi,2022-23,2025-09-30,nic:20/pesticides_and_other_agrochemical_products,index,86.2,
wpi,2022-23,2025-09-30,nic:20/plastics_and_synthetic_rubber_in_primary_forms,index,88.2,
wpi,2022-23,2025-09-30,nic:20/soap_and_detergents_cleaning_and_polishing_preparations_perfumes_and_toilet_preparations,index,101.0,
wpi,2022-23,2025-09-30,nic:21,index,99.8,
wpi,2022-23,2025-09-30,nic:21/pharmaceuticals_medicinal_chemical_and_botanical_products,index,99.8,
wpi,2022-23,2025-09-30,nic:22,index,95.8,
wpi,2022-23,2025-09-30,nic:22/other_rubber_products,index,105.7,
wpi,2022-23,2025-09-30,nic:22/plastics_products,index,92.4,
wpi,2022-23,2025-09-30,nic:22/rubber_tyres_and_tubes_retreading_and_rebuilding_of_rubber_tyres,index,103.0,
wpi,2022-23,2025-09-30,nic:23,index,96.8,
wpi,2022-23,2025-09-30,nic:23/articles_of_concrete_cement_and_plaster,index,105.9,
wpi,2022-23,2025-09-30,nic:23/cement_lime_and_plaster,index,94.4,
wpi,2022-23,2025-09-30,nic:23/clay_building_materials,index,108.5,
wpi,2022-23,2025-09-30,nic:23/cutting_shaping_and_finishing_of_stone,index,118.7,
wpi,2022-23,2025-09-30,nic:23/glass_and_glass_products,index,95.2,
wpi,2022-23,2025-09-30,nic:23/other_porcelain_and_ceramic_products,index,104.0,
wpi,2022-23,2025-09-30,nic:23/refractory_products,index,94.9,
wpi,2022-23,2025-09-30,nic:24,index,90.8,
wpi,2022-23,2025-09-30,nic:24/basic_iron_and_steel,index,83.2,
wpi,2022-23,2025-09-30,nic:24/basic_precious_and_other_non_ferrous_metals,index,123.7,
wpi,2022-23,2025-09-30,nic:24/casting_of_iron_and_steel,index,91.9,
wpi,2022-23,2025-09-30,nic:25,index,99.9,
wpi,2022-23,2025-09-30,nic:25/cutlery_hand_tools_and_general_hardware,index,100.7,
wpi,2022-23,2025-09-30,nic:25/forging_pressing_stamping_and_roll_forming_of_metal_powder_metallurgy,index,97.5,
wpi,2022-23,2025-09-30,nic:25/other_fabricated_metal_products,index,102.8,
wpi,2022-23,2025-09-30,nic:25/steam_generators_except_central_heating_hot_water_boilers,index,105.8,
wpi,2022-23,2025-09-30,nic:25/structural_metal_products,index,100.8,
wpi,2022-23,2025-09-30,nic:25/tanks_reservoirs_and_containers_of_metal,index,95.0,
wpi,2022-23,2025-09-30,nic:25/treatment_and_coating_of_metals_machining,index,86.2,
wpi,2022-23,2025-09-30,nic:25/weapons_and_ammunition,index,94.3,
wpi,2022-23,2025-09-30,nic:26,index,100.1,
wpi,2022-23,2025-09-30,nic:26/communication_equipment,index,99.3,
wpi,2022-23,2025-09-30,nic:26/computers_and_peripheral_equipment,index,101.4,
wpi,2022-23,2025-09-30,nic:26/consumer_electronics,index,97.4,
wpi,2022-23,2025-09-30,nic:26/irradiation_electromedical_and_electrotherapeutic_equipment,index,104.6,
wpi,2022-23,2025-09-30,nic:26/magnetic_and_optical_media,index,97.2,
wpi,2022-23,2025-09-30,nic:26/measuring_testing_navigating_and_control_equipment,index,110.9,
wpi,2022-23,2025-09-30,nic:26/optical_instruments_and_photographic_equipment,index,113.9,
wpi,2022-23,2025-09-30,nic:26/other_electronic_components_and_boards,index,98.3,
wpi,2022-23,2025-09-30,nic:26/solar_cells_solar_panels_and_photovoltaic_inverters,index,100.7,
wpi,2022-23,2025-09-30,nic:26/watches_and_clocks,index,113.9,
wpi,2022-23,2025-09-30,nic:27,index,104.8,
wpi,2022-23,2025-09-30,nic:27/batteries_and_accumulators,index,97.7,
wpi,2022-23,2025-09-30,nic:27/domestic_appliances,index,99.1,
wpi,2022-23,2025-09-30,nic:27/electric_lighting_equipment,index,86.4,
wpi,2022-23,2025-09-30,nic:27/electric_motors_generators_transformers_and_electricity_distribution_and_control_apparatus,index,107.3,
wpi,2022-23,2025-09-30,nic:27/fibre_optic_cables,index,99.3,
wpi,2022-23,2025-09-30,nic:27/other_electrical_equipment,index,96.9,
wpi,2022-23,2025-09-30,nic:27/other_electronic_and_electric_wires_and_cables,index,115.3,
wpi,2022-23,2025-09-30,nic:27/wiring_devices,index,104.0,
wpi,2022-23,2025-09-30,nic:28,index,103.7,
wpi,2022-23,2025-09-30,nic:28/agricultural_and_forestry_machinery,index,103.8,
wpi,2022-23,2025-09-30,nic:28/bearings_gears_gearing_and_driving_elements,index,102.6,
wpi,2022-23,2025-09-30,nic:28/engines_and_turbines_except_aircraft_vehicle_and_cycle_engines,index,99.2,
wpi,2022-23,2025-09-30,nic:28/fluid_power_equipment,index,99.2,
wpi,2022-23,2025-09-30,nic:28/lifting_and_handling_equipment,index,100.8,
wpi,2022-23,2025-09-30,nic:28/machinery_for_food_beverage_and_tobacco_processing,index,103.0,
wpi,2022-23,2025-09-30,nic:28/machinery_for_metallurgy,index,110.3,
wpi,2022-23,2025-09-30,nic:28/machinery_for_mining_quarrying_and_construction,index,106.5,
wpi,2022-23,2025-09-30,nic:28/machinery_for_textile_apparel_and_leather_production,index,106.6,
wpi,2022-23,2025-09-30,nic:28/metal_forming_machinery_and_machine_tools,index,108.5,
wpi,2022-23,2025-09-30,nic:28/other_general_purpose_machinery,index,100.3,
wpi,2022-23,2025-09-30,nic:28/other_pumps_compressors_taps_and_valves,index,107.6,
wpi,2022-23,2025-09-30,nic:28/other_special_purpose_machinery,index,100.7,
wpi,2022-23,2025-09-30,nic:28/ovens_furnaces_and_permanent_household_heating_equipment,index,109.5,
wpi,2022-23,2025-09-30,nic:28/power_driven_hand_tools,index,103.3,
wpi,2022-23,2025-09-30,nic:29,index,105.3,
wpi,2022-23,2025-09-30,nic:29/bodies_coachwork_for_motor_vehicles_manufacture_of_trailers_and_semi_trailers,index,103.4,
wpi,2022-23,2025-09-30,nic:29/motor_vehicles,index,110.6,
wpi,2022-23,2025-09-30,nic:29/parts_and_accessories_for_motor_vehicles,index,98.7,
wpi,2022-23,2025-09-30,nic:30,index,104.6,
wpi,2022-23,2025-09-30,nic:30/air_and_spacecraft_and_related_machinery,index,120.2,
wpi,2022-23,2025-09-30,nic:30/bicycles_and_invalid_carriages,index,102.0,
wpi,2022-23,2025-09-30,nic:30/building_of_ships_and_floating_structures,index,100.8,
wpi,2022-23,2025-09-30,nic:30/motorcycles,index,103.6,
wpi,2022-23,2025-09-30,nic:30/other_transport_equipment,index,101.0,
wpi,2022-23,2025-09-30,nic:30/railway_locomotives_and_rolling_stock,index,107.2,
wpi,2022-23,2025-09-30,nic:31,index,100.5,
wpi,2022-23,2025-09-30,nic:31/other_furniture,index,95.0,
wpi,2022-23,2025-09-30,nic:31/wooden_furniture,index,103.6,
wpi,2022-23,2025-09-30,nic:32,index,131.0,
wpi,2022-23,2025-09-30,nic:32/games_and_toys,index,108.4,
wpi,2022-23,2025-09-30,nic:32/imitation_jewellery_and_related_articles,index,123.9,
wpi,2022-23,2025-09-30,nic:32/jewellery_and_related_articles,index,136.9,
wpi,2022-23,2025-09-30,nic:32/medical_and_dental_instruments_and_supplies,index,104.3,
wpi,2022-23,2025-09-30,nic:32/musical_instruments,index,113.7,
wpi,2022-23,2025-09-30,nic:32/other_manufacturing,index,107.0,
wpi,2022-23,2025-09-30,nic:32/sports_goods,index,111.2,
wpi,2022-23,2025-09-30,wpi:all,index,101.0,
wpi,2022-23,2025-09-30,wpi:food_index,index,110.8,
wpi,2022-23,2025-09-30,wpi:fuel_power,index,87.8,
wpi,2022-23,2025-09-30,wpi:fuel_power/coal_and_lignite,index,87.0,
wpi,2022-23,2025-09-30,wpi:fuel_power/coal_and_lignite/coking_coal,index,87.7,
wpi,2022-23,2025-09-30,wpi:fuel_power/coal_and_lignite/coking_coal/coking_coal,index,87.7,
wpi,2022-23,2025-09-30,wpi:fuel_power/coal_and_lignite/lignite,index,65.4,
wpi,2022-23,2025-09-30,wpi:fuel_power/coal_and_lignite/non_coking_coal,index,87.8,
wpi,2022-23,2025-09-30,wpi:fuel_power/coal_and_lignite/non_coking_coal/non_coking_coal_g15_to_g17_gcv_3100_kcal_kg,index,85.1,
wpi,2022-23,2025-09-30,wpi:fuel_power/coal_and_lignite/non_coking_coal/non_coking_coal_g1_to_g6_gcv_exceeding_5500_kcal_kg,index,93.8,
wpi,2022-23,2025-09-30,wpi:fuel_power/coal_and_lignite/non_coking_coal/non_coking_coal_g7_to_g14_gcv_3100_kcal_kg_to_5500_kcal_kg,index,86.9,
wpi,2022-23,2025-09-30,wpi:fuel_power/crude_petroleum_natural_gas,index,90.2,
wpi,2022-23,2025-09-30,wpi:fuel_power/electricity,index,92.4,
wpi,2022-23,2025-09-30,wpi:fuel_power/electricity/hydro_electricity,index,76.6,
wpi,2022-23,2025-09-30,wpi:fuel_power/electricity/nuclear,index,100.8,
wpi,2022-23,2025-09-30,wpi:fuel_power/electricity/solar,index,94.7,
wpi,2022-23,2025-09-30,wpi:fuel_power/electricity/thermal_electricity,index,92.8,
wpi,2022-23,2025-09-30,wpi:fuel_power/electricity/wind,index,109.2,
wpi,2022-23,2025-09-30,wpi:fuel_power/mineral_oils,index,85.2,
wpi,2022-23,2025-09-30,wpi:manufactured,index,100.4,
wpi,2022-23,2025-09-30,wpi:primary,index,110.7,
wpi,2022-23,2025-09-30,wpi:primary/food_articles,index,113.0,
wpi,2022-23,2025-09-30,wpi:primary/food_articles/condiments_spices,index,109.2,
wpi,2022-23,2025-09-30,wpi:primary/food_articles/eggs_meat_fish,index,105.7,
wpi,2022-23,2025-09-30,wpi:primary/food_articles/food_grains_cereals_pulses,index,115.3,
wpi,2022-23,2025-09-30,wpi:primary/food_articles/food_grains_cereals_pulses/cereals,index,116.1,
wpi,2022-23,2025-09-30,wpi:primary/food_articles/food_grains_cereals_pulses/pulses,index,111.2,
wpi,2022-23,2025-09-30,wpi:primary/food_articles/fruits_vegetables,index,115.7,
wpi,2022-23,2025-09-30,wpi:primary/food_articles/fruits_vegetables/fruits,index,117.7,
wpi,2022-23,2025-09-30,wpi:primary/food_articles/fruits_vegetables/vegetables,index,113.7,
wpi,2022-23,2025-09-30,wpi:primary/food_articles/milk,index,114.3,
wpi,2022-23,2025-09-30,wpi:primary/food_articles/other_food_articles,index,115.7,
wpi,2022-23,2025-09-30,wpi:primary/minerals,index,114.6,
wpi,2022-23,2025-09-30,wpi:primary/minerals/metallic_minerals,index,120.3,
wpi,2022-23,2025-09-30,wpi:primary/minerals/minor_minerals,index,105.3,
wpi,2022-23,2025-09-30,wpi:primary/minerals/other_minerals,index,113.5,
wpi,2022-23,2025-09-30,wpi:primary/non_food_articles,index,103.1,
wpi,2022-23,2025-09-30,wpi:primary/non_food_articles/fibres,index,79.0,
wpi,2022-23,2025-09-30,wpi:primary/non_food_articles/floriculture,index,107.2,
wpi,2022-23,2025-09-30,wpi:primary/non_food_articles/medicinal_plants,index,66.2,
wpi,2022-23,2025-09-30,wpi:primary/non_food_articles/oil_seeds,index,101.1,
wpi,2022-23,2025-09-30,wpi:primary/non_food_articles/other_non_food_articles,index,107.9,
wpi,2022-23,2025-10-31,nic:10,index,107.2,
wpi,2022-23,2025-10-31,nic:10/bakery_products,index,107.9,
wpi,2022-23,2025-10-31,nic:10/cocoa_chocolate_and_sugar_confectionery,index,115.7,
wpi,2022-23,2025-10-31,nic:10/dairy_products,index,109.4,
wpi,2022-23,2025-10-31,nic:10/grain_mill_products,index,108.3,
wpi,2022-23,2025-10-31,nic:10/macaroni_noodles_couscous_and_similar_farinaceous_products,index,108.6,
wpi,2022-23,2025-10-31,nic:10/other_food_products,index,104.7,
wpi,2022-23,2025-10-31,nic:10/prepared_animal_feeds,index,97.7,
wpi,2022-23,2025-10-31,nic:10/processing_and_preserving_of_fish_crustaceans_and_molluscs,index,107.6,
wpi,2022-23,2025-10-31,nic:10/processing_and_preserving_of_fruit_and_vegetables,index,105.2,
wpi,2022-23,2025-10-31,nic:10/processing_and_preserving_of_meat,index,121.4,
wpi,2022-23,2025-10-31,nic:10/processing_of_coffee_and_tea,index,113.0,
wpi,2022-23,2025-10-31,nic:10/starches_and_starch_products,index,85.3,
wpi,2022-23,2025-10-31,nic:10/sugar,index,113.2,
wpi,2022-23,2025-10-31,nic:10/vegetable_and_animal_oils_and_fats,index,102.8,
wpi,2022-23,2025-10-31,nic:11,index,103.8,
wpi,2022-23,2025-10-31,nic:11/beer,index,107.9,
wpi,2022-23,2025-10-31,nic:11/distilling_rectifying_and_blending_of_spirits,index,110.3,
wpi,2022-23,2025-10-31,nic:11/soft_drinks_production_of_mineral_waters_and_other_bottled_waters,index,101.4,
wpi,2022-23,2025-10-31,nic:11/wines,index,109.8,
wpi,2022-23,2025-10-31,nic:12,index,111.0,
wpi,2022-23,2025-10-31,nic:12/tobacco_products,index,111.0,
wpi,2022-23,2025-10-31,nic:13,index,92.2,
wpi,2022-23,2025-10-31,nic:13/carpets_and_rugs,index,103.6,
wpi,2022-23,2025-10-31,nic:13/cordage_rope_twine_and_netting,index,103.4,
wpi,2022-23,2025-10-31,nic:13/knitted_and_crocheted_fabrics,index,90.5,
wpi,2022-23,2025-10-31,nic:13/made_up_textile_articles_except_apparel,index,100.6,
wpi,2022-23,2025-10-31,nic:13/other_textiles,index,100.3,
wpi,2022-23,2025-10-31,nic:13/preparation_and_spinning_of_textile_fibres,index,89.3,
wpi,2022-23,2025-10-31,nic:13/weaving_of_textiles,index,93.5,
wpi,2022-23,2025-10-31,nic:14,index,109.1,
wpi,2022-23,2025-10-31,nic:14/knitted_and_crocheted_apparel,index,107.2,
wpi,2022-23,2025-10-31,nic:14/wearing_apparel_except_fur_apparel,index,110.7,
wpi,2022-23,2025-10-31,nic:15,index,103.5,
wpi,2022-23,2025-10-31,nic:15/footwear,index,102.6,
wpi,2022-23,2025-10-31,nic:15/luggage_handbags_and_the_like_saddlery_and_harness_of_any_material,index,104.8,
wpi,2022-23,2025-10-31,nic:15/tanning_and_dressing_of_leather_dressing_and_dyeing_of_fur,index,108.3,
wpi,2022-23,2025-10-31,nic:16,index,109.2,
wpi,2022-23,2025-10-31,nic:16/other_products_of_wood_manufacture_of_articles_of_cork_straw_and_plaiting_materials,index,113.0,
wpi,2022-23,2025-10-31,nic:16/sawmilling_and_planing_of_wood,index,102.7,
wpi,2022-23,2025-10-31,nic:16/veneer_sheets_and_wood_based_panels,index,109.7,
wpi,2022-23,2025-10-31,nic:16/wooden_containers,index,105.9,
wpi,2022-23,2025-10-31,nic:17,index,90.8,
wpi,2022-23,2025-10-31,nic:17/corrugated_paper_and_paperboard_and_of_containers_of_paper_and_paperboard,index,92.8,
wpi,2022-23,2025-10-31,nic:17/other_articles_of_paper_and_paperboard,index,82.6,
wpi,2022-23,2025-10-31,nic:17/pulp_paper_and_paperboard,index,93.6,
wpi,2022-23,2025-10-31,nic:18,index,104.9,
wpi,2022-23,2025-10-31,nic:18/printing,index,104.9,
wpi,2022-23,2025-10-31,nic:20,index,90.7,
wpi,2022-23,2025-10-31,nic:20/basic_chemicals,index,85.9,
wpi,2022-23,2025-10-31,nic:20/fertilizers_and_nitrogen_compounds,index,95.0,
wpi,2022-23,2025-10-31,nic:20/man_made_fibres,index,90.6,
wpi,2022-23,2025-10-31,nic:20/other_chemical_products,index,87.6,
wpi,2022-23,2025-10-31,nic:20/paints_varnishes_and_similar_coatings_printing_ink_and_mastics,index,89.2,
wpi,2022-23,2025-10-31,nic:20/pesticides_and_other_agrochemical_products,index,86.3,
wpi,2022-23,2025-10-31,nic:20/plastics_and_synthetic_rubber_in_primary_forms,index,87.6,
wpi,2022-23,2025-10-31,nic:20/soap_and_detergents_cleaning_and_polishing_preparations_perfumes_and_toilet_preparations,index,101.1,
wpi,2022-23,2025-10-31,nic:21,index,99.9,
wpi,2022-23,2025-10-31,nic:21/pharmaceuticals_medicinal_chemical_and_botanical_products,index,99.9,
wpi,2022-23,2025-10-31,nic:22,index,95.7,
wpi,2022-23,2025-10-31,nic:22/other_rubber_products,index,107.3,
wpi,2022-23,2025-10-31,nic:22/plastics_products,index,92.3,
wpi,2022-23,2025-10-31,nic:22/rubber_tyres_and_tubes_retreading_and_rebuilding_of_rubber_tyres,index,102.4,
wpi,2022-23,2025-10-31,nic:23,index,96.4,
wpi,2022-23,2025-10-31,nic:23/articles_of_concrete_cement_and_plaster,index,105.2,
wpi,2022-23,2025-10-31,nic:23/cement_lime_and_plaster,index,93.6,
wpi,2022-23,2025-10-31,nic:23/clay_building_materials,index,110.7,
wpi,2022-23,2025-10-31,nic:23/cutting_shaping_and_finishing_of_stone,index,117.9,
wpi,2022-23,2025-10-31,nic:23/glass_and_glass_products,index,94.3,
wpi,2022-23,2025-10-31,nic:23/other_porcelain_and_ceramic_products,index,106.1,
wpi,2022-23,2025-10-31,nic:23/refractory_products,index,96.3,
wpi,2022-23,2025-10-31,nic:24,index,91.2,
wpi,2022-23,2025-10-31,nic:24/basic_iron_and_steel,index,82.3,
wpi,2022-23,2025-10-31,nic:24/basic_precious_and_other_non_ferrous_metals,index,130.4,
wpi,2022-23,2025-10-31,nic:24/casting_of_iron_and_steel,index,90.3,
wpi,2022-23,2025-10-31,nic:25,index,99.7,
wpi,2022-23,2025-10-31,nic:25/cutlery_hand_tools_and_general_hardware,index,100.6,
wpi,2022-23,2025-10-31,nic:25/forging_pressing_stamping_and_roll_forming_of_metal_powder_metallurgy,index,98.1,
wpi,2022-23,2025-10-31,nic:25/other_fabricated_metal_products,index,103.0,
wpi,2022-23,2025-10-31,nic:25/steam_generators_except_central_heating_hot_water_boilers,index,105.9,
wpi,2022-23,2025-10-31,nic:25/structural_metal_products,index,100.6,
wpi,2022-23,2025-10-31,nic:25/tanks_reservoirs_and_containers_of_metal,index,93.2,
wpi,2022-23,2025-10-31,nic:25/treatment_and_coating_of_metals_machining,index,85.1,
wpi,2022-23,2025-10-31,nic:25/weapons_and_ammunition,index,94.9,
wpi,2022-23,2025-10-31,nic:26,index,100.1,
wpi,2022-23,2025-10-31,nic:26/communication_equipment,index,99.6,
wpi,2022-23,2025-10-31,nic:26/computers_and_peripheral_equipment,index,100.6,
wpi,2022-23,2025-10-31,nic:26/consumer_electronics,index,97.9,
wpi,2022-23,2025-10-31,nic:26/irradiation_electromedical_and_electrotherapeutic_equipment,index,104.6,
wpi,2022-23,2025-10-31,nic:26/magnetic_and_optical_media,index,101.6,
wpi,2022-23,2025-10-31,nic:26/measuring_testing_navigating_and_control_equipment,index,112.5,
wpi,2022-23,2025-10-31,nic:26/optical_instruments_and_photographic_equipment,index,114.9,
wpi,2022-23,2025-10-31,nic:26/other_electronic_components_and_boards,index,96.2,
wpi,2022-23,2025-10-31,nic:26/solar_cells_solar_panels_and_photovoltaic_inverters,index,97.5,
wpi,2022-23,2025-10-31,nic:26/watches_and_clocks,index,112.6,
wpi,2022-23,2025-10-31,nic:27,index,105.8,
wpi,2022-23,2025-10-31,nic:27/batteries_and_accumulators,index,97.2,
wpi,2022-23,2025-10-31,nic:27/domestic_appliances,index,99.0,
wpi,2022-23,2025-10-31,nic:27/electric_lighting_equipment,index,86.0,
wpi,2022-23,2025-10-31,nic:27/electric_motors_generators_transformers_and_electricity_distribution_and_control_apparatus,index,108.1,
wpi,2022-23,2025-10-31,nic:27/fibre_optic_cables,index,100.2,
wpi,2022-23,2025-10-31,nic:27/other_electrical_equipment,index,96.7,
wpi,2022-23,2025-10-31,nic:27/other_electronic_and_electric_wires_and_cables,index,118.8,
wpi,2022-23,2025-10-31,nic:27/wiring_devices,index,104.9,
wpi,2022-23,2025-10-31,nic:28,index,103.6,
wpi,2022-23,2025-10-31,nic:28/agricultural_and_forestry_machinery,index,104.0,
wpi,2022-23,2025-10-31,nic:28/bearings_gears_gearing_and_driving_elements,index,103.2,
wpi,2022-23,2025-10-31,nic:28/engines_and_turbines_except_aircraft_vehicle_and_cycle_engines,index,99.7,
wpi,2022-23,2025-10-31,nic:28/fluid_power_equipment,index,99.3,
wpi,2022-23,2025-10-31,nic:28/lifting_and_handling_equipment,index,102.9,
wpi,2022-23,2025-10-31,nic:28/machinery_for_food_beverage_and_tobacco_processing,index,103.6,
wpi,2022-23,2025-10-31,nic:28/machinery_for_metallurgy,index,111.3,
wpi,2022-23,2025-10-31,nic:28/machinery_for_mining_quarrying_and_construction,index,106.2,
wpi,2022-23,2025-10-31,nic:28/machinery_for_textile_apparel_and_leather_production,index,106.4,
wpi,2022-23,2025-10-31,nic:28/metal_forming_machinery_and_machine_tools,index,107.4,
wpi,2022-23,2025-10-31,nic:28/other_general_purpose_machinery,index,99.4,
wpi,2022-23,2025-10-31,nic:28/other_pumps_compressors_taps_and_valves,index,107.2,
wpi,2022-23,2025-10-31,nic:28/other_special_purpose_machinery,index,99.8,
wpi,2022-23,2025-10-31,nic:28/ovens_furnaces_and_permanent_household_heating_equipment,index,104.5,
wpi,2022-23,2025-10-31,nic:28/power_driven_hand_tools,index,103.2,
wpi,2022-23,2025-10-31,nic:29,index,105.7,
wpi,2022-23,2025-10-31,nic:29/bodies_coachwork_for_motor_vehicles_manufacture_of_trailers_and_semi_trailers,index,103.4,
wpi,2022-23,2025-10-31,nic:29/motor_vehicles,index,111.3,
wpi,2022-23,2025-10-31,nic:29/parts_and_accessories_for_motor_vehicles,index,98.8,
wpi,2022-23,2025-10-31,nic:30,index,104.9,
wpi,2022-23,2025-10-31,nic:30/air_and_spacecraft_and_related_machinery,index,120.1,
wpi,2022-23,2025-10-31,nic:30/bicycles_and_invalid_carriages,index,101.3,
wpi,2022-23,2025-10-31,nic:30/building_of_ships_and_floating_structures,index,101.9,
wpi,2022-23,2025-10-31,nic:30/motorcycles,index,104.1,
wpi,2022-23,2025-10-31,nic:30/other_transport_equipment,index,100.3,
wpi,2022-23,2025-10-31,nic:30/railway_locomotives_and_rolling_stock,index,107.3,
wpi,2022-23,2025-10-31,nic:31,index,100.4,
wpi,2022-23,2025-10-31,nic:31/other_furniture,index,94.4,
wpi,2022-23,2025-10-31,nic:31/wooden_furniture,index,103.8,
wpi,2022-23,2025-10-31,nic:32,index,135.9,
wpi,2022-23,2025-10-31,nic:32/games_and_toys,index,107.4,
wpi,2022-23,2025-10-31,nic:32/imitation_jewellery_and_related_articles,index,127.1,
wpi,2022-23,2025-10-31,nic:32/jewellery_and_related_articles,index,142.9,
wpi,2022-23,2025-10-31,nic:32/medical_and_dental_instruments_and_supplies,index,104.7,
wpi,2022-23,2025-10-31,nic:32/musical_instruments,index,115.7,
wpi,2022-23,2025-10-31,nic:32/other_manufacturing,index,107.8,
wpi,2022-23,2025-10-31,nic:32/sports_goods,index,111.6,
wpi,2022-23,2025-10-31,wpi:all,index,100.9,
wpi,2022-23,2025-10-31,wpi:food_index,index,110.7,
wpi,2022-23,2025-10-31,wpi:fuel_power,index,87.1,
wpi,2022-23,2025-10-31,wpi:fuel_power/coal_and_lignite,index,87.7,
wpi,2022-23,2025-10-31,wpi:fuel_power/coal_and_lignite/coking_coal,index,88.6,
wpi,2022-23,2025-10-31,wpi:fuel_power/coal_and_lignite/coking_coal/coking_coal,index,88.6,
wpi,2022-23,2025-10-31,wpi:fuel_power/coal_and_lignite/lignite,index,65.5,
wpi,2022-23,2025-10-31,wpi:fuel_power/coal_and_lignite/non_coking_coal,index,88.4,
wpi,2022-23,2025-10-31,wpi:fuel_power/coal_and_lignite/non_coking_coal/non_coking_coal_g15_to_g17_gcv_3100_kcal_kg,index,85.5,
wpi,2022-23,2025-10-31,wpi:fuel_power/coal_and_lignite/non_coking_coal/non_coking_coal_g1_to_g6_gcv_exceeding_5500_kcal_kg,index,93.9,
wpi,2022-23,2025-10-31,wpi:fuel_power/coal_and_lignite/non_coking_coal/non_coking_coal_g7_to_g14_gcv_3100_kcal_kg_to_5500_kcal_kg,index,87.7,
wpi,2022-23,2025-10-31,wpi:fuel_power/crude_petroleum_natural_gas,index,87.0,
wpi,2022-23,2025-10-31,wpi:fuel_power/electricity,index,89.3,
wpi,2022-23,2025-10-31,wpi:fuel_power/electricity/hydro_electricity,index,99.9,
wpi,2022-23,2025-10-31,wpi:fuel_power/electricity/nuclear,index,102.2,
wpi,2022-23,2025-10-31,wpi:fuel_power/electricity/solar,index,93.1,
wpi,2022-23,2025-10-31,wpi:fuel_power/electricity/thermal_electricity,index,87.1,
wpi,2022-23,2025-10-31,wpi:fuel_power/electricity/wind,index,108.4,
wpi,2022-23,2025-10-31,wpi:fuel_power/mineral_oils,index,85.8,
wpi,2022-23,2025-10-31,wpi:manufactured,index,100.6,
wpi,2022-23,2025-10-31,wpi:primary,index,110.4,
wpi,2022-23,2025-10-31,wpi:primary/food_articles,index,112.6,
wpi,2022-23,2025-10-31,wpi:primary/food_articles/condiments_spices,index,110.6,
wpi,2022-23,2025-10-31,wpi:primary/food_articles/eggs_meat_fish,index,104.5,
wpi,2022-23,2025-10-31,wpi:primary/food_articles/food_grains_cereals_pulses,index,114.7,
wpi,2022-23,2025-10-31,wpi:primary/food_articles/food_grains_cereals_pulses/cereals,index,115.5,
wpi,2022-23,2025-10-31,wpi:primary/food_articles/food_grains_cereals_pulses/pulses,index,110.6,
wpi,2022-23,2025-10-31,wpi:primary/food_articles/fruits_vegetables,index,114.2,
wpi,2022-23,2025-10-31,wpi:primary/food_articles/fruits_vegetables/fruits,index,111.6,
wpi,2022-23,2025-10-31,wpi:primary/food_articles/fruits_vegetables/vegetables,index,116.7,
wpi,2022-23,2025-10-31,wpi:primary/food_articles/milk,index,114.6,
wpi,2022-23,2025-10-31,wpi:primary/food_articles/other_food_articles,index,119.2,
wpi,2022-23,2025-10-31,wpi:primary/minerals,index,112.3,
wpi,2022-23,2025-10-31,wpi:primary/minerals/metallic_minerals,index,116.8,
wpi,2022-23,2025-10-31,wpi:primary/minerals/minor_minerals,index,103.9,
wpi,2022-23,2025-10-31,wpi:primary/minerals/other_minerals,index,113.3,
wpi,2022-23,2025-10-31,wpi:primary/non_food_articles,index,103.5,
wpi,2022-23,2025-10-31,wpi:primary/non_food_articles/fibres,index,78.5,
wpi,2022-23,2025-10-31,wpi:primary/non_food_articles/floriculture,index,111.9,
wpi,2022-23,2025-10-31,wpi:primary/non_food_articles/medicinal_plants,index,65.3,
wpi,2022-23,2025-10-31,wpi:primary/non_food_articles/oil_seeds,index,99.5,
wpi,2022-23,2025-10-31,wpi:primary/non_food_articles/other_non_food_articles,index,108.8,
wpi,2022-23,2025-11-30,nic:10,index,107.1,
wpi,2022-23,2025-11-30,nic:10/bakery_products,index,108.2,
wpi,2022-23,2025-11-30,nic:10/cocoa_chocolate_and_sugar_confectionery,index,113.9,
wpi,2022-23,2025-11-30,nic:10/dairy_products,index,109.6,
wpi,2022-23,2025-11-30,nic:10/grain_mill_products,index,108.3,
wpi,2022-23,2025-11-30,nic:10/macaroni_noodles_couscous_and_similar_farinaceous_products,index,109.3,
wpi,2022-23,2025-11-30,nic:10/other_food_products,index,103.8,
wpi,2022-23,2025-11-30,nic:10/prepared_animal_feeds,index,97.2,
wpi,2022-23,2025-11-30,nic:10/processing_and_preserving_of_fish_crustaceans_and_molluscs,index,108.6,
wpi,2022-23,2025-11-30,nic:10/processing_and_preserving_of_fruit_and_vegetables,index,105.4,
wpi,2022-23,2025-11-30,nic:10/processing_and_preserving_of_meat,index,124.4,
wpi,2022-23,2025-11-30,nic:10/processing_of_coffee_and_tea,index,110.6,
wpi,2022-23,2025-11-30,nic:10/starches_and_starch_products,index,84.1,
wpi,2022-23,2025-11-30,nic:10/sugar,index,113.3,
wpi,2022-23,2025-11-30,nic:10/vegetable_and_animal_oils_and_fats,index,102.6,
wpi,2022-23,2025-11-30,nic:11,index,102.6,
wpi,2022-23,2025-11-30,nic:11/beer,index,107.4,
wpi,2022-23,2025-11-30,nic:11/distilling_rectifying_and_blending_of_spirits,index,110.3,
wpi,2022-23,2025-11-30,nic:11/soft_drinks_production_of_mineral_waters_and_other_bottled_waters,index,99.7,
wpi,2022-23,2025-11-30,nic:11/wines,index,110.8,
wpi,2022-23,2025-11-30,nic:12,index,111.8,
wpi,2022-23,2025-11-30,nic:12/tobacco_products,index,111.8,
wpi,2022-23,2025-11-30,nic:13,index,92.3,
wpi,2022-23,2025-11-30,nic:13/carpets_and_rugs,index,103.7,
wpi,2022-23,2025-11-30,nic:13/cordage_rope_twine_and_netting,index,102.1,
wpi,2022-23,2025-11-30,nic:13/knitted_and_crocheted_fabrics,index,92.8,
wpi,2022-23,2025-11-30,nic:13/made_up_textile_articles_except_apparel,index,100.3,
wpi,2022-23,2025-11-30,nic:13/other_textiles,index,100.6,
wpi,2022-23,2025-11-30,nic:13/preparation_and_spinning_of_textile_fibres,index,89.3,
wpi,2022-23,2025-11-30,nic:13/weaving_of_textiles,index,93.7,
wpi,2022-23,2025-11-30,nic:14,index,110.3,
wpi,2022-23,2025-11-30,nic:14/knitted_and_crocheted_apparel,index,108.2,
wpi,2022-23,2025-11-30,nic:14/wearing_apparel_except_fur_apparel,index,112.1,
wpi,2022-23,2025-11-30,nic:15,index,103.7,
wpi,2022-23,2025-11-30,nic:15/footwear,index,102.8,
wpi,2022-23,2025-11-30,nic:15/luggage_handbags_and_the_like_saddlery_and_harness_of_any_material,index,105.6,
wpi,2022-23,2025-11-30,nic:15/tanning_and_dressing_of_leather_dressing_and_dyeing_of_fur,index,107.7,
wpi,2022-23,2025-11-30,nic:16,index,110.0,
wpi,2022-23,2025-11-30,nic:16/other_products_of_wood_manufacture_of_articles_of_cork_straw_and_plaiting_materials,index,113.5,
wpi,2022-23,2025-11-30,nic:16/sawmilling_and_planing_of_wood,index,105.4,
wpi,2022-23,2025-11-30,nic:16/veneer_sheets_and_wood_based_panels,index,110.4,
wpi,2022-23,2025-11-30,nic:16/wooden_containers,index,107.0,
wpi,2022-23,2025-11-30,nic:17,index,90.3,
wpi,2022-23,2025-11-30,nic:17/corrugated_paper_and_paperboard_and_of_containers_of_paper_and_paperboard,index,92.6,
wpi,2022-23,2025-11-30,nic:17/other_articles_of_paper_and_paperboard,index,82.3,
wpi,2022-23,2025-11-30,nic:17/pulp_paper_and_paperboard,index,92.8,
wpi,2022-23,2025-11-30,nic:18,index,104.3,
wpi,2022-23,2025-11-30,nic:18/printing,index,104.3,
wpi,2022-23,2025-11-30,nic:20,index,90.5,
wpi,2022-23,2025-11-30,nic:20/basic_chemicals,index,86.0,
wpi,2022-23,2025-11-30,nic:20/fertilizers_and_nitrogen_compounds,index,95.3,
wpi,2022-23,2025-11-30,nic:20/man_made_fibres,index,89.3,
wpi,2022-23,2025-11-30,nic:20/other_chemical_products,index,87.0,
wpi,2022-23,2025-11-30,nic:20/paints_varnishes_and_similar_coatings_printing_ink_and_mastics,index,89.2,
wpi,2022-23,2025-11-30,nic:20/pesticides_and_other_agrochemical_products,index,85.3,
wpi,2022-23,2025-11-30,nic:20/plastics_and_synthetic_rubber_in_primary_forms,index,86.3,
wpi,2022-23,2025-11-30,nic:20/soap_and_detergents_cleaning_and_polishing_preparations_perfumes_and_toilet_preparations,index,102.1,
wpi,2022-23,2025-11-30,nic:21,index,99.8,
wpi,2022-23,2025-11-30,nic:21/pharmaceuticals_medicinal_chemical_and_botanical_products,index,99.8,
wpi,2022-23,2025-11-30,nic:22,index,95.6,
wpi,2022-23,2025-11-30,nic:22/other_rubber_products,index,107.2,
wpi,2022-23,2025-11-30,nic:22/plastics_products,index,91.9,
wpi,2022-23,2025-11-30,nic:22/rubber_tyres_and_tubes_retreading_and_rebuilding_of_rubber_tyres,index,103.3,
wpi,2022-23,2025-11-30,nic:23,index,96.2,
wpi,2022-23,2025-11-30,nic:23/articles_of_concrete_cement_and_plaster,index,105.4,
wpi,2022-23,2025-11-30,nic:23/cement_lime_and_plaster,index,93.5,
wpi,2022-23,2025-11-30,nic:23/clay_building_materials,index,108.8,
wpi,2022-23,2025-11-30,nic:23/cutting_shaping_and_finishing_of_stone,index,115.2,
wpi,2022-23,2025-11-30,nic:23/glass_and_glass_products,index,95.0,
wpi,2022-23,2025-11-30,nic:23/other_porcelain_and_ceramic_products,index,105.1,
wpi,2022-23,2025-11-30,nic:23/refractory_products,index,95.9,
wpi,2022-23,2025-11-30,nic:24,index,90.9,
wpi,2022-23,2025-11-30,nic:24/basic_iron_and_steel,index,81.7,
wpi,2022-23,2025-11-30,nic:24/basic_precious_and_other_non_ferrous_metals,index,131.5,
wpi,2022-23,2025-11-30,nic:24/casting_of_iron_and_steel,index,90.5,
wpi,2022-23,2025-11-30,nic:25,index,99.8,
wpi,2022-23,2025-11-30,nic:25/cutlery_hand_tools_and_general_hardware,index,100.7,
wpi,2022-23,2025-11-30,nic:25/forging_pressing_stamping_and_roll_forming_of_metal_powder_metallurgy,index,98.9,
wpi,2022-23,2025-11-30,nic:25/other_fabricated_metal_products,index,102.4,
wpi,2022-23,2025-11-30,nic:25/steam_generators_except_central_heating_hot_water_boilers,index,105.6,
wpi,2022-23,2025-11-30,nic:25/structural_metal_products,index,100.9,
wpi,2022-23,2025-11-30,nic:25/tanks_reservoirs_and_containers_of_metal,index,95.5,
wpi,2022-23,2025-11-30,nic:25/treatment_and_coating_of_metals_machining,index,85.2,
wpi,2022-23,2025-11-30,nic:25/weapons_and_ammunition,index,94.9,
wpi,2022-23,2025-11-30,nic:26,index,100.1,
wpi,2022-23,2025-11-30,nic:26/communication_equipment,index,99.3,
wpi,2022-23,2025-11-30,nic:26/computers_and_peripheral_equipment,index,101.4,
wpi,2022-23,2025-11-30,nic:26/consumer_electronics,index,97.8,
wpi,2022-23,2025-11-30,nic:26/irradiation_electromedical_and_electrotherapeutic_equipment,index,106.0,
wpi,2022-23,2025-11-30,nic:26/magnetic_and_optical_media,index,101.6,
wpi,2022-23,2025-11-30,nic:26/measuring_testing_navigating_and_control_equipment,index,112.6,
wpi,2022-23,2025-11-30,nic:26/optical_instruments_and_photographic_equipment,index,115.1,
wpi,2022-23,2025-11-30,nic:26/other_electronic_components_and_boards,index,96.9,
wpi,2022-23,2025-11-30,nic:26/solar_cells_solar_panels_and_photovoltaic_inverters,index,97.3,
wpi,2022-23,2025-11-30,nic:26/watches_and_clocks,index,116.3,
wpi,2022-23,2025-11-30,nic:27,index,106.3,
wpi,2022-23,2025-11-30,nic:27/batteries_and_accumulators,index,97.2,
wpi,2022-23,2025-11-30,nic:27/domestic_appliances,index,98.1,
wpi,2022-23,2025-11-30,nic:27/electric_lighting_equipment,index,86.3,
wpi,2022-23,2025-11-30,nic:27/electric_motors_generators_transformers_and_electricity_distribution_and_control_apparatus,index,109.2,
wpi,2022-23,2025-11-30,nic:27/fibre_optic_cables,index,100.7,
wpi,2022-23,2025-11-30,nic:27/other_electrical_equipment,index,97.0,
wpi,2022-23,2025-11-30,nic:27/other_electronic_and_electric_wires_and_cables,index,119.7,
wpi,2022-23,2025-11-30,nic:27/wiring_devices,index,104.1,
wpi,2022-23,2025-11-30,nic:28,index,103.5,
wpi,2022-23,2025-11-30,nic:28/agricultural_and_forestry_machinery,index,103.9,
wpi,2022-23,2025-11-30,nic:28/bearings_gears_gearing_and_driving_elements,index,103.7,
wpi,2022-23,2025-11-30,nic:28/engines_and_turbines_except_aircraft_vehicle_and_cycle_engines,index,99.6,
wpi,2022-23,2025-11-30,nic:28/fluid_power_equipment,index,99.3,
wpi,2022-23,2025-11-30,nic:28/lifting_and_handling_equipment,index,103.4,
wpi,2022-23,2025-11-30,nic:28/machinery_for_food_beverage_and_tobacco_processing,index,104.4,
wpi,2022-23,2025-11-30,nic:28/machinery_for_metallurgy,index,105.7,
wpi,2022-23,2025-11-30,nic:28/machinery_for_mining_quarrying_and_construction,index,106.5,
wpi,2022-23,2025-11-30,nic:28/machinery_for_textile_apparel_and_leather_production,index,105.1,
wpi,2022-23,2025-11-30,nic:28/metal_forming_machinery_and_machine_tools,index,108.1,
wpi,2022-23,2025-11-30,nic:28/other_general_purpose_machinery,index,100.5,
wpi,2022-23,2025-11-30,nic:28/other_pumps_compressors_taps_and_valves,index,105.8,
wpi,2022-23,2025-11-30,nic:28/other_special_purpose_machinery,index,98.5,
wpi,2022-23,2025-11-30,nic:28/ovens_furnaces_and_permanent_household_heating_equipment,index,106.0,
wpi,2022-23,2025-11-30,nic:28/power_driven_hand_tools,index,103.1,
wpi,2022-23,2025-11-30,nic:29,index,105.7,
wpi,2022-23,2025-11-30,nic:29/bodies_coachwork_for_motor_vehicles_manufacture_of_trailers_and_semi_trailers,index,103.6,
wpi,2022-23,2025-11-30,nic:29/motor_vehicles,index,111.1,
wpi,2022-23,2025-11-30,nic:29/parts_and_accessories_for_motor_vehicles,index,98.9,
wpi,2022-23,2025-11-30,nic:30,index,105.0,
wpi,2022-23,2025-11-30,nic:30/air_and_spacecraft_and_related_machinery,index,120.5,
wpi,2022-23,2025-11-30,nic:30/bicycles_and_invalid_carriages,index,100.9,
wpi,2022-23,2025-11-30,nic:30/building_of_ships_and_floating_structures,index,101.9,
wpi,2022-23,2025-11-30,nic:30/motorcycles,index,104.0,
wpi,2022-23,2025-11-30,nic:30/other_transport_equipment,index,101.5,
wpi,2022-23,2025-11-30,nic:30/railway_locomotives_and_rolling_stock,index,107.8,
wpi,2022-23,2025-11-30,nic:31,index,101.0,
wpi,2022-23,2025-11-30,nic:31/other_furniture,index,94.7,
wpi,2022-23,2025-11-30,nic:31/wooden_furniture,index,104.5,
wpi,2022-23,2025-11-30,nic:32,index,137.0,
wpi,2022-23,2025-11-30,nic:32/games_and_toys,index,107.0,
wpi,2022-23,2025-11-30,nic:32/imitation_jewellery_and_related_articles,index,130.1,
wpi,2022-23,2025-11-30,nic:32/jewellery_and_related_articles,index,144.0,
wpi,2022-23,2025-11-30,nic:32/medical_and_dental_instruments_and_supplies,index,106.3,
wpi,2022-23,2025-11-30,nic:32/musical_instruments,index,116.0,
wpi,2022-23,2025-11-30,nic:32/other_manufacturing,index,108.3,
wpi,2022-23,2025-11-30,nic:32/sports_goods,index,111.8,
wpi,2022-23,2025-11-30,wpi:all,index,101.5,
wpi,2022-23,2025-11-30,wpi:food_index,index,112.3,
wpi,2022-23,2025-11-30,wpi:fuel_power,index,88.4,
wpi,2022-23,2025-11-30,wpi:fuel_power/coal_and_lignite,index,87.5,
wpi,2022-23,2025-11-30,wpi:fuel_power/coal_and_lignite/coking_coal,index,87.5,
wpi,2022-23,2025-11-30,wpi:fuel_power/coal_and_lignite/coking_coal/coking_coal,index,87.5,
wpi,2022-23,2025-11-30,wpi:fuel_power/coal_and_lignite/lignite,index,65.7,
wpi,2022-23,2025-11-30,wpi:fuel_power/coal_and_lignite/non_coking_coal,index,88.3,
wpi,2022-23,2025-11-30,wpi:fuel_power/coal_and_lignite/non_coking_coal/non_coking_coal_g15_to_g17_gcv_3100_kcal_kg,index,83.6,
wpi,2022-23,2025-11-30,wpi:fuel_power/coal_and_lignite/non_coking_coal/non_coking_coal_g1_to_g6_gcv_exceeding_5500_kcal_kg,index,94.0,
wpi,2022-23,2025-11-30,wpi:fuel_power/coal_and_lignite/non_coking_coal/non_coking_coal_g7_to_g14_gcv_3100_kcal_kg_to_5500_kcal_kg,index,87.5,
wpi,2022-23,2025-11-30,wpi:fuel_power/crude_petroleum_natural_gas,index,85.9,
wpi,2022-23,2025-11-30,wpi:fuel_power/electricity,index,94.2,
wpi,2022-23,2025-11-30,wpi:fuel_power/electricity/hydro_electricity,index,129.3,
wpi,2022-23,2025-11-30,wpi:fuel_power/electricity/nuclear,index,100.8,
wpi,2022-23,2025-11-30,wpi:fuel_power/electricity/solar,index,94.4,
wpi,2022-23,2025-11-30,wpi:fuel_power/electricity/thermal_electricity,index,90.4,
wpi,2022-23,2025-11-30,wpi:fuel_power/electricity/wind,index,109.2,
wpi,2022-23,2025-11-30,wpi:fuel_power/mineral_oils,index,85.5,
wpi,2022-23,2025-11-30,wpi:manufactured,index,100.6,
wpi,2022-23,2025-11-30,wpi:primary,index,112.3,
wpi,2022-23,2025-11-30,wpi:primary/food_articles,index,115.2,
wpi,2022-23,2025-11-30,wpi:primary/food_articles/condiments_spices,index,114.0,
wpi,2022-23,2025-11-30,wpi:primary/food_articles/eggs_meat_fish,index,107.1,
wpi,2022-23,2025-11-30,wpi:primary/food_articles/food_grains_cereals_pulses,index,115.3,
wpi,2022-23,2025-11-30,wpi:primary/food_articles/food_grains_cereals_pulses/cereals,index,116.2,
wpi,2022-23,2025-11-30,wpi:primary/food_articles/food_grains_cereals_pulses/pulses,index,110.3,
wpi,2022-23,2025-11-30,wpi:primary/food_articles/fruits_vegetables,index,122.6,
wpi,2022-23,2025-11-30,wpi:primary/food_articles/fruits_vegetables/fruits,index,109.3,
wpi,2022-23,2025-11-30,wpi:primary/food_articles/fruits_vegetables/vegetables,index,135.5,
wpi,2022-23,2025-11-30,wpi:primary/food_articles/milk,index,114.5,
wpi,2022-23,2025-11-30,wpi:primary/food_articles/other_food_articles,index,119.6,
wpi,2022-23,2025-11-30,wpi:primary/minerals,index,111.8,
wpi,2022-23,2025-11-30,wpi:primary/minerals/metallic_minerals,index,115.8,
wpi,2022-23,2025-11-30,wpi:primary/minerals/minor_minerals,index,103.4,
wpi,2022-23,2025-11-30,wpi:primary/minerals/other_minerals,index,114.9,
wpi,2022-23,2025-11-30,wpi:primary/non_food_articles,index,104.0,
wpi,2022-23,2025-11-30,wpi:primary/non_food_articles/fibres,index,77.7,
wpi,2022-23,2025-11-30,wpi:primary/non_food_articles/floriculture,index,123.5,
wpi,2022-23,2025-11-30,wpi:primary/non_food_articles/medicinal_plants,index,69.7,
wpi,2022-23,2025-11-30,wpi:primary/non_food_articles/oil_seeds,index,101.9,
wpi,2022-23,2025-11-30,wpi:primary/non_food_articles/other_non_food_articles,index,108.5,
wpi,2022-23,2025-12-31,nic:10,index,106.7,
wpi,2022-23,2025-12-31,nic:10/bakery_products,index,108.1,
wpi,2022-23,2025-12-31,nic:10/cocoa_chocolate_and_sugar_confectionery,index,113.0,
wpi,2022-23,2025-12-31,nic:10/dairy_products,index,109.5,
wpi,2022-23,2025-12-31,nic:10/grain_mill_products,index,108.1,
wpi,2022-23,2025-12-31,nic:10/macaroni_noodles_couscous_and_similar_farinaceous_products,index,109.7,
wpi,2022-23,2025-12-31,nic:10/other_food_products,index,104.5,
wpi,2022-23,2025-12-31,nic:10/prepared_animal_feeds,index,97.5,
wpi,2022-23,2025-12-31,nic:10/processing_and_preserving_of_fish_crustaceans_and_molluscs,index,107.7,
wpi,2022-23,2025-12-31,nic:10/processing_and_preserving_of_fruit_and_vegetables,index,105.0,
wpi,2022-23,2025-12-31,nic:10/processing_and_preserving_of_meat,index,126.6,
wpi,2022-23,2025-12-31,nic:10/processing_of_coffee_and_tea,index,105.6,
wpi,2022-23,2025-12-31,nic:10/starches_and_starch_products,index,82.8,
wpi,2022-23,2025-12-31,nic:10/sugar,index,112.1,
wpi,2022-23,2025-12-31,nic:10/vegetable_and_animal_oils_and_fats,index,102.3,
wpi,2022-23,2025-12-31,nic:11,index,102.5,
wpi,2022-23,2025-12-31,nic:11/beer,index,108.0,
wpi,2022-23,2025-12-31,nic:11/distilling_rectifying_and_blending_of_spirits,index,109.4,
wpi,2022-23,2025-12-31,nic:11/soft_drinks_production_of_mineral_waters_and_other_bottled_waters,index,99.8,
wpi,2022-23,2025-12-31,nic:11/wines,index,110.9,
wpi,2022-23,2025-12-31,nic:12,index,110.8,
wpi,2022-23,2025-12-31,nic:12/tobacco_products,index,110.8,
wpi,2022-23,2025-12-31,nic:13,index,92.4,
wpi,2022-23,2025-12-31,nic:13/carpets_and_rugs,index,104.5,
wpi,2022-23,2025-12-31,nic:13/cordage_rope_twine_and_netting,index,101.0,
wpi,2022-23,2025-12-31,nic:13/knitted_and_crocheted_fabrics,index,89.9,
wpi,2022-23,2025-12-31,nic:13/made_up_textile_articles_except_apparel,index,102.6,
wpi,2022-23,2025-12-31,nic:13/other_textiles,index,100.0,
wpi,2022-23,2025-12-31,nic:13/preparation_and_spinning_of_textile_fibres,index,89.2,
wpi,2022-23,2025-12-31,nic:13/weaving_of_textiles,index,93.5,
wpi,2022-23,2025-12-31,nic:14,index,110.4,
wpi,2022-23,2025-12-31,nic:14/knitted_and_crocheted_apparel,index,107.9,
wpi,2022-23,2025-12-31,nic:14/wearing_apparel_except_fur_apparel,index,112.5,
wpi,2022-23,2025-12-31,nic:15,index,104.0,
wpi,2022-23,2025-12-31,nic:15/footwear,index,102.9,
wpi,2022-23,2025-12-31,nic:15/luggage_handbags_and_the_like_saddlery_and_harness_of_any_material,index,105.7,
wpi,2022-23,2025-12-31,nic:15/tanning_and_dressing_of_leather_dressing_and_dyeing_of_fur,index,109.5,
wpi,2022-23,2025-12-31,nic:16,index,109.3,
wpi,2022-23,2025-12-31,nic:16/other_products_of_wood_manufacture_of_articles_of_cork_straw_and_plaiting_materials,index,113.6,
wpi,2022-23,2025-12-31,nic:16/sawmilling_and_planing_of_wood,index,103.8,
wpi,2022-23,2025-12-31,nic:16/veneer_sheets_and_wood_based_panels,index,109.7,
wpi,2022-23,2025-12-31,nic:16/wooden_containers,index,107.8,
wpi,2022-23,2025-12-31,nic:17,index,89.9,
wpi,2022-23,2025-12-31,nic:17/corrugated_paper_and_paperboard_and_of_containers_of_paper_and_paperboard,index,92.3,
wpi,2022-23,2025-12-31,nic:17/other_articles_of_paper_and_paperboard,index,81.5,
wpi,2022-23,2025-12-31,nic:17/pulp_paper_and_paperboard,index,92.5,
wpi,2022-23,2025-12-31,nic:18,index,104.7,
wpi,2022-23,2025-12-31,nic:18/printing,index,104.7,
wpi,2022-23,2025-12-31,nic:20,index,90.4,
wpi,2022-23,2025-12-31,nic:20/basic_chemicals,index,86.6,
wpi,2022-23,2025-12-31,nic:20/fertilizers_and_nitrogen_compounds,index,95.3,
wpi,2022-23,2025-12-31,nic:20/man_made_fibres,index,89.9,
wpi,2022-23,2025-12-31,nic:20/other_chemical_products,index,86.9,
wpi,2022-23,2025-12-31,nic:20/paints_varnishes_and_similar_coatings_printing_ink_and_mastics,index,89.6,
wpi,2022-23,2025-12-31,nic:20/pesticides_and_other_agrochemical_products,index,85.1,
wpi,2022-23,2025-12-31,nic:20/plastics_and_synthetic_rubber_in_primary_forms,index,85.1,
wpi,2022-23,2025-12-31,nic:20/soap_and_detergents_cleaning_and_polishing_preparations_perfumes_and_toilet_preparations,index,101.1,
wpi,2022-23,2025-12-31,nic:21,index,99.9,
wpi,2022-23,2025-12-31,nic:21/pharmaceuticals_medicinal_chemical_and_botanical_products,index,99.9,
wpi,2022-23,2025-12-31,nic:22,index,95.3,
wpi,2022-23,2025-12-31,nic:22/other_rubber_products,index,106.4,
wpi,2022-23,2025-12-31,nic:22/plastics_products,index,91.7,
wpi,2022-23,2025-12-31,nic:22/rubber_tyres_and_tubes_retreading_and_rebuilding_of_rubber_tyres,index,102.8,
wpi,2022-23,2025-12-31,nic:23,index,96.1,
wpi,2022-23,2025-12-31,nic:23/articles_of_concrete_cement_and_plaster,index,105.5,
wpi,2022-23,2025-12-31,nic:23/cement_lime_and_plaster,index,93.2,
wpi,2022-23,2025-12-31,nic:23/clay_building_materials,index,109.6,
wpi,2022-23,2025-12-31,nic:23/cutting_shaping_and_finishing_of_stone,index,116.9,
wpi,2022-23,2025-12-31,nic:23/glass_and_glass_products,index,94.9,
wpi,2022-23,2025-12-31,nic:23/other_porcelain_and_ceramic_products,index,104.2,
wpi,2022-23,2025-12-31,nic:23/refractory_products,index,95.5,
wpi,2022-23,2025-12-31,nic:24,index,91.8,
wpi,2022-23,2025-12-31,nic:24/basic_iron_and_steel,index,82.1,
wpi,2022-23,2025-12-31,nic:24/basic_precious_and_other_non_ferrous_metals,index,134.3,
wpi,2022-23,2025-12-31,nic:24/casting_of_iron_and_steel,index,91.4,
wpi,2022-23,2025-12-31,nic:25,index,100.1,
wpi,2022-23,2025-12-31,nic:25/cutlery_hand_tools_and_general_hardware,index,101.3,
wpi,2022-23,2025-12-31,nic:25/forging_pressing_stamping_and_roll_forming_of_metal_powder_metallurgy,index,99.5,
wpi,2022-23,2025-12-31,nic:25/other_fabricated_metal_products,index,102.5,
wpi,2022-23,2025-12-31,nic:25/steam_generators_except_central_heating_hot_water_boilers,index,105.7,
wpi,2022-23,2025-12-31,nic:25/structural_metal_products,index,101.6,
wpi,2022-23,2025-12-31,nic:25/tanks_reservoirs_and_containers_of_metal,index,95.2,
wpi,2022-23,2025-12-31,nic:25/treatment_and_coating_of_metals_machining,index,84.6,
wpi,2022-23,2025-12-31,nic:25/weapons_and_ammunition,index,96.6,
wpi,2022-23,2025-12-31,nic:26,index,101.1,
wpi,2022-23,2025-12-31,nic:26/communication_equipment,index,99.9,
wpi,2022-23,2025-12-31,nic:26/computers_and_peripheral_equipment,index,102.1,
wpi,2022-23,2025-12-31,nic:26/consumer_electronics,index,97.0,
wpi,2022-23,2025-12-31,nic:26/irradiation_electromedical_and_electrotherapeutic_equipment,index,105.4,
wpi,2022-23,2025-12-31,nic:26/magnetic_and_optical_media,index,101.6,
wpi,2022-23,2025-12-31,nic:26/measuring_testing_navigating_and_control_equipment,index,124.7,
wpi,2022-23,2025-12-31,nic:26/optical_instruments_and_photographic_equipment,index,115.2,
wpi,2022-23,2025-12-31,nic:26/other_electronic_components_and_boards,index,97.1,
wpi,2022-23,2025-12-31,nic:26/solar_cells_solar_panels_and_photovoltaic_inverters,index,98.6,
wpi,2022-23,2025-12-31,nic:26/watches_and_clocks,index,114.7,
wpi,2022-23,2025-12-31,nic:27,index,107.1,
wpi,2022-23,2025-12-31,nic:27/batteries_and_accumulators,index,97.4,
wpi,2022-23,2025-12-31,nic:27/domestic_appliances,index,97.4,
wpi,2022-23,2025-12-31,nic:27/electric_lighting_equipment,index,86.6,
wpi,2022-23,2025-12-31,nic:27/electric_motors_generators_transformers_and_electricity_distribution_and_control_apparatus,index,108.6,
wpi,2022-23,2025-12-31,nic:27/fibre_optic_cables,index,101.9,
wpi,2022-23,2025-12-31,nic:27/other_electrical_equipment,index,98.7,
wpi,2022-23,2025-12-31,nic:27/other_electronic_and_electric_wires_and_cables,index,122.6,
wpi,2022-23,2025-12-31,nic:27/wiring_devices,index,106.6,
wpi,2022-23,2025-12-31,nic:28,index,103.8,
wpi,2022-23,2025-12-31,nic:28/agricultural_and_forestry_machinery,index,103.9,
wpi,2022-23,2025-12-31,nic:28/bearings_gears_gearing_and_driving_elements,index,104.4,
wpi,2022-23,2025-12-31,nic:28/engines_and_turbines_except_aircraft_vehicle_and_cycle_engines,index,99.8,
wpi,2022-23,2025-12-31,nic:28/fluid_power_equipment,index,97.9,
wpi,2022-23,2025-12-31,nic:28/lifting_and_handling_equipment,index,103.4,
wpi,2022-23,2025-12-31,nic:28/machinery_for_food_beverage_and_tobacco_processing,index,104.5,
wpi,2022-23,2025-12-31,nic:28/machinery_for_metallurgy,index,106.6,
wpi,2022-23,2025-12-31,nic:28/machinery_for_mining_quarrying_and_construction,index,106.9,
wpi,2022-23,2025-12-31,nic:28/machinery_for_textile_apparel_and_leather_production,index,105.5,
wpi,2022-23,2025-12-31,nic:28/metal_forming_machinery_and_machine_tools,index,108.3,
wpi,2022-23,2025-12-31,nic:28/other_general_purpose_machinery,index,100.6,
wpi,2022-23,2025-12-31,nic:28/other_pumps_compressors_taps_and_valves,index,106.4,
wpi,2022-23,2025-12-31,nic:28/other_special_purpose_machinery,index,99.8,
wpi,2022-23,2025-12-31,nic:28/ovens_furnaces_and_permanent_household_heating_equipment,index,108.2,
wpi,2022-23,2025-12-31,nic:28/power_driven_hand_tools,index,102.7,
wpi,2022-23,2025-12-31,nic:29,index,105.5,
wpi,2022-23,2025-12-31,nic:29/bodies_coachwork_for_motor_vehicles_manufacture_of_trailers_and_semi_trailers,index,103.5,
wpi,2022-23,2025-12-31,nic:29/motor_vehicles,index,110.9,
wpi,2022-23,2025-12-31,nic:29/parts_and_accessories_for_motor_vehicles,index,98.9,
wpi,2022-23,2025-12-31,nic:30,index,105.2,
wpi,2022-23,2025-12-31,nic:30/air_and_spacecraft_and_related_machinery,index,120.8,
wpi,2022-23,2025-12-31,nic:30/bicycles_and_invalid_carriages,index,99.8,
wpi,2022-23,2025-12-31,nic:30/building_of_ships_and_floating_structures,index,101.9,
wpi,2022-23,2025-12-31,nic:30/motorcycles,index,104.7,
wpi,2022-23,2025-12-31,nic:30/other_transport_equipment,index,101.6,
wpi,2022-23,2025-12-31,nic:30/railway_locomotives_and_rolling_stock,index,106.2,
wpi,2022-23,2025-12-31,nic:31,index,101.8,
wpi,2022-23,2025-12-31,nic:31/other_furniture,index,95.6,
wpi,2022-23,2025-12-31,nic:31/wooden_furniture,index,105.3,
wpi,2022-23,2025-12-31,nic:32,index,147.7,
wpi,2022-23,2025-12-31,nic:32/games_and_toys,index,107.1,
wpi,2022-23,2025-12-31,nic:32/imitation_jewellery_and_related_articles,index,133.0,
wpi,2022-23,2025-12-31,nic:32/jewellery_and_related_articles,index,157.4,
wpi,2022-23,2025-12-31,nic:32/medical_and_dental_instruments_and_supplies,index,106.6,
wpi,2022-23,2025-12-31,nic:32/musical_instruments,index,115.8,
wpi,2022-23,2025-12-31,nic:32/other_manufacturing,index,107.9,
wpi,2022-23,2025-12-31,nic:32/sports_goods,index,111.9,
wpi,2022-23,2025-12-31,wpi:all,index,101.9,
wpi,2022-23,2025-12-31,wpi:food_index,index,111.7,
wpi,2022-23,2025-12-31,wpi:fuel_power,index,89.0,
wpi,2022-23,2025-12-31,wpi:fuel_power/coal_and_lignite,index,86.7,
wpi,2022-23,2025-12-31,wpi:fuel_power/coal_and_lignite/coking_coal,index,87.0,
wpi,2022-23,2025-12-31,wpi:fuel_power/coal_and_lignite/coking_coal/coking_coal,index,87.0,
wpi,2022-23,2025-12-31,wpi:fuel_power/coal_and_lignite/lignite,index,65.7,
wpi,2022-23,2025-12-31,wpi:fuel_power/coal_and_lignite/non_coking_coal,index,87.5,
wpi,2022-23,2025-12-31,wpi:fuel_power/coal_and_lignite/non_coking_coal/non_coking_coal_g15_to_g17_gcv_3100_kcal_kg,index,81.5,
wpi,2022-23,2025-12-31,wpi:fuel_power/coal_and_lignite/non_coking_coal/non_coking_coal_g1_to_g6_gcv_exceeding_5500_kcal_kg,index,94.1,
wpi,2022-23,2025-12-31,wpi:fuel_power/coal_and_lignite/non_coking_coal/non_coking_coal_g7_to_g14_gcv_3100_kcal_kg_to_5500_kcal_kg,index,86.6,
wpi,2022-23,2025-12-31,wpi:fuel_power/crude_petroleum_natural_gas,index,85.5,
wpi,2022-23,2025-12-31,wpi:fuel_power/electricity,index,95.6,
wpi,2022-23,2025-12-31,wpi:fuel_power/electricity/hydro_electricity,index,157.4,
wpi,2022-23,2025-12-31,wpi:fuel_power/electricity/nuclear,index,100.8,
wpi,2022-23,2025-12-31,wpi:fuel_power/electricity/solar,index,95.0,
wpi,2022-23,2025-12-31,wpi:fuel_power/electricity/thermal_electricity,index,89.5,
wpi,2022-23,2025-12-31,wpi:fuel_power/electricity/wind,index,109.2,
wpi,2022-23,2025-12-31,wpi:fuel_power/mineral_oils,index,86.0,
wpi,2022-23,2025-12-31,wpi:manufactured,index,101.1,
wpi,2022-23,2025-12-31,wpi:primary,index,112.0,
wpi,2022-23,2025-12-31,wpi:primary/food_articles,index,114.5,
wpi,2022-23,2025-12-31,wpi:primary/food_articles/condiments_spices,index,118.0,
wpi,2022-23,2025-12-31,wpi:primary/food_articles/eggs_meat_fish,index,106.2,
wpi,2022-23,2025-12-31,wpi:primary/food_articles/food_grains_cereals_pulses,index,116.1,
wpi,2022-23,2025-12-31,wpi:primary/food_articles/food_grains_cereals_pulses/cereals,index,117.4,
wpi,2022-23,2025-12-31,wpi:primary/food_articles/food_grains_cereals_pulses/pulses,index,109.0,
wpi,2022-23,2025-12-31,wpi:primary/food_articles/fruits_vegetables,index,118.4,
wpi,2022-23,2025-12-31,wpi:primary/food_articles/fruits_vegetables/fruits,index,107.3,
wpi,2022-23,2025-12-31,wpi:primary/food_articles/fruits_vegetables/vegetables,index,129.1,
wpi,2022-23,2025-12-31,wpi:primary/food_articles/milk,index,114.6,
wpi,2022-23,2025-12-31,wpi:primary/food_articles/other_food_articles,index,118.6,
wpi,2022-23,2025-12-31,wpi:primary/minerals,index,111.4,
wpi,2022-23,2025-12-31,wpi:primary/minerals/metallic_minerals,index,114.5,
wpi,2022-23,2025-12-31,wpi:primary/minerals/minor_minerals,index,103.4,
wpi,2022-23,2025-12-31,wpi:primary/minerals/other_minerals,index,116.7,
wpi,2022-23,2025-12-31,wpi:primary/non_food_articles,index,105.1,
wpi,2022-23,2025-12-31,wpi:primary/non_food_articles/fibres,index,79.4,
wpi,2022-23,2025-12-31,wpi:primary/non_food_articles/floriculture,index,127.6,
wpi,2022-23,2025-12-31,wpi:primary/non_food_articles/medicinal_plants,index,76.7,
wpi,2022-23,2025-12-31,wpi:primary/non_food_articles/oil_seeds,index,103.7,
wpi,2022-23,2025-12-31,wpi:primary/non_food_articles/other_non_food_articles,index,109.1,
wpi,2022-23,2026-01-31,nic:10,index,107.0,
wpi,2022-23,2026-01-31,nic:10/bakery_products,index,107.2,
wpi,2022-23,2026-01-31,nic:10/cocoa_chocolate_and_sugar_confectionery,index,112.6,
wpi,2022-23,2026-01-31,nic:10/dairy_products,index,109.6,
wpi,2022-23,2026-01-31,nic:10/grain_mill_products,index,108.9,
wpi,2022-23,2026-01-31,nic:10/macaroni_noodles_couscous_and_similar_farinaceous_products,index,107.8,
wpi,2022-23,2026-01-31,nic:10/other_food_products,index,105.5,
wpi,2022-23,2026-01-31,nic:10/prepared_animal_feeds,index,98.4,
wpi,2022-23,2026-01-31,nic:10/processing_and_preserving_of_fish_crustaceans_and_molluscs,index,108.6,
wpi,2022-23,2026-01-31,nic:10/processing_and_preserving_of_fruit_and_vegetables,index,105.3,
wpi,2022-23,2026-01-31,nic:10/processing_and_preserving_of_meat,index,128.1,
wpi,2022-23,2026-01-31,nic:10/processing_of_coffee_and_tea,index,100.0,
wpi,2022-23,2026-01-31,nic:10/starches_and_starch_products,index,81.2,
wpi,2022-23,2026-01-31,nic:10/sugar,index,111.4,
wpi,2022-23,2026-01-31,nic:10/vegetable_and_animal_oils_and_fats,index,103.9,
wpi,2022-23,2026-01-31,nic:11,index,102.9,
wpi,2022-23,2026-01-31,nic:11/beer,index,108.8,
wpi,2022-23,2026-01-31,nic:11/distilling_rectifying_and_blending_of_spirits,index,109.0,
wpi,2022-23,2026-01-31,nic:11/soft_drinks_production_of_mineral_waters_and_other_bottled_waters,index,100.4,
wpi,2022-23,2026-01-31,nic:11/wines,index,110.9,
wpi,2022-23,2026-01-31,nic:12,index,110.6,
wpi,2022-23,2026-01-31,nic:12/tobacco_products,index,110.6,
wpi,2022-23,2026-01-31,nic:13,index,93.3,
wpi,2022-23,2026-01-31,nic:13/carpets_and_rugs,index,104.4,
wpi,2022-23,2026-01-31,nic:13/cordage_rope_twine_and_netting,index,103.2,
wpi,2022-23,2026-01-31,nic:13/knitted_and_crocheted_fabrics,index,88.9,
wpi,2022-23,2026-01-31,nic:13/made_up_textile_articles_except_apparel,index,103.4,
wpi,2022-23,2026-01-31,nic:13/other_textiles,index,100.1,
wpi,2022-23,2026-01-31,nic:13/preparation_and_spinning_of_textile_fibres,index,90.3,
wpi,2022-23,2026-01-31,nic:13/weaving_of_textiles,index,93.8,
wpi,2022-23,2026-01-31,nic:14,index,109.9,
wpi,2022-23,2026-01-31,nic:14/knitted_and_crocheted_apparel,index,107.8,
wpi,2022-23,2026-01-31,nic:14/wearing_apparel_except_fur_apparel,index,111.7,
wpi,2022-23,2026-01-31,nic:15,index,104.3,
wpi,2022-23,2026-01-31,nic:15/footwear,index,103.3,
wpi,2022-23,2026-01-31,nic:15/luggage_handbags_and_the_like_saddlery_and_harness_of_any_material,index,106.4,
wpi,2022-23,2026-01-31,nic:15/tanning_and_dressing_of_leather_dressing_and_dyeing_of_fur,index,108.7,
wpi,2022-23,2026-01-31,nic:16,index,109.9,
wpi,2022-23,2026-01-31,nic:16/other_products_of_wood_manufacture_of_articles_of_cork_straw_and_plaiting_materials,index,113.6,
wpi,2022-23,2026-01-31,nic:16/sawmilling_and_planing_of_wood,index,103.5,
wpi,2022-23,2026-01-31,nic:16/veneer_sheets_and_wood_based_panels,index,110.3,
wpi,2022-23,2026-01-31,nic:16/wooden_containers,index,108.5,
wpi,2022-23,2026-01-31,nic:17,index,90.1,
wpi,2022-23,2026-01-31,nic:17/corrugated_paper_and_paperboard_and_of_containers_of_paper_and_paperboard,index,92.2,
wpi,2022-23,2026-01-31,nic:17/other_articles_of_paper_and_paperboard,index,81.3,
wpi,2022-23,2026-01-31,nic:17/pulp_paper_and_paperboard,index,93.0,
wpi,2022-23,2026-01-31,nic:18,index,104.8,
wpi,2022-23,2026-01-31,nic:18/printing,index,104.8,
wpi,2022-23,2026-01-31,nic:20,index,91.0,
wpi,2022-23,2026-01-31,nic:20/basic_chemicals,index,88.2,
wpi,2022-23,2026-01-31,nic:20/fertilizers_and_nitrogen_compounds,index,95.8,
wpi,2022-23,2026-01-31,nic:20/man_made_fibres,index,90.0,
wpi,2022-23,2026-01-31,nic:20/other_chemical_products,index,87.1,
wpi,2022-23,2026-01-31,nic:20/paints_varnishes_and_similar_coatings_printing_ink_and_mastics,index,89.7,
wpi,2022-23,2026-01-31,nic:20/pesticides_and_other_agrochemical_products,index,84.4,
wpi,2022-23,2026-01-31,nic:20/plastics_and_synthetic_rubber_in_primary_forms,index,86.0,
wpi,2022-23,2026-01-31,nic:20/soap_and_detergents_cleaning_and_polishing_preparations_perfumes_and_toilet_preparations,index,100.9,
wpi,2022-23,2026-01-31,nic:21,index,99.6,
wpi,2022-23,2026-01-31,nic:21/pharmaceuticals_medicinal_chemical_and_botanical_products,index,99.6,
wpi,2022-23,2026-01-31,nic:22,index,95.5,
wpi,2022-23,2026-01-31,nic:22/other_rubber_products,index,107.4,
wpi,2022-23,2026-01-31,nic:22/plastics_products,index,92.0,
wpi,2022-23,2026-01-31,nic:22/rubber_tyres_and_tubes_retreading_and_rebuilding_of_rubber_tyres,index,102.6,
wpi,2022-23,2026-01-31,nic:23,index,96.3,
wpi,2022-23,2026-01-31,nic:23/articles_of_concrete_cement_and_plaster,index,104.7,
wpi,2022-23,2026-01-31,nic:23/cement_lime_and_plaster,index,93.4,
wpi,2022-23,2026-01-31,nic:23/clay_building_materials,index,110.3,
wpi,2022-23,2026-01-31,nic:23/cutting_shaping_and_finishing_of_stone,index,115.4,
wpi,2022-23,2026-01-31,nic:23/glass_and_glass_products,index,96.0,
wpi,2022-23,2026-01-31,nic:23/other_porcelain_and_ceramic_products,index,105.4,
wpi,2022-23,2026-01-31,nic:23/refractory_products,index,96.0,
wpi,2022-23,2026-01-31,nic:24,index,95.2,
wpi,2022-23,2026-01-31,nic:24/basic_iron_and_steel,index,85.2,
wpi,2022-23,2026-01-31,nic:24/basic_precious_and_other_non_ferrous_metals,index,140.1,
wpi,2022-23,2026-01-31,nic:24/casting_of_iron_and_steel,index,92.8,
wpi,2022-23,2026-01-31,nic:25,index,100.9,
wpi,2022-23,2026-01-31,nic:25/cutlery_hand_tools_and_general_hardware,index,101.9,
wpi,2022-23,2026-01-31,nic:25/forging_pressing_stamping_and_roll_forming_of_metal_powder_metallurgy,index,99.6,
wpi,2022-23,2026-01-31,nic:25/other_fabricated_metal_products,index,103.4,
wpi,2022-23,2026-01-31,nic:25/steam_generators_except_central_heating_hot_water_boilers,index,105.5,
wpi,2022-23,2026-01-31,nic:25/structural_metal_products,index,102.0,
wpi,2022-23,2026-01-31,nic:25/tanks_reservoirs_and_containers_of_metal,index,95.2,
wpi,2022-23,2026-01-31,nic:25/treatment_and_coating_of_metals_machining,index,88.8,
wpi,2022-23,2026-01-31,nic:25/weapons_and_ammunition,index,94.6,
wpi,2022-23,2026-01-31,nic:26,index,101.2,
wpi,2022-23,2026-01-31,nic:26/communication_equipment,index,100.4,
wpi,2022-23,2026-01-31,nic:26/computers_and_peripheral_equipment,index,101.3,
wpi,2022-23,2026-01-31,nic:26/consumer_electronics,index,97.4,
wpi,2022-23,2026-01-31,nic:26/irradiation_electromedical_and_electrotherapeutic_equipment,index,104.0,
wpi,2022-23,2026-01-31,nic:26/magnetic_and_optical_media,index,94.3,
wpi,2022-23,2026-01-31,nic:26/measuring_testing_navigating_and_control_equipment,index,122.7,
wpi,2022-23,2026-01-31,nic:26/optical_instruments_and_photographic_equipment,index,115.3,
wpi,2022-23,2026-01-31,nic:26/other_electronic_components_and_boards,index,97.1,
wpi,2022-23,2026-01-31,nic:26/solar_cells_solar_panels_and_photovoltaic_inverters,index,95.7,
wpi,2022-23,2026-01-31,nic:26/watches_and_clocks,index,112.8,
wpi,2022-23,2026-01-31,nic:27,index,108.5,
wpi,2022-23,2026-01-31,nic:27/batteries_and_accumulators,index,97.8,
wpi,2022-23,2026-01-31,nic:27/domestic_appliances,index,98.4,
wpi,2022-23,2026-01-31,nic:27/electric_lighting_equipment,index,87.1,
wpi,2022-23,2026-01-31,nic:27/electric_motors_generators_transformers_and_electricity_distribution_and_control_apparatus,index,109.3,
wpi,2022-23,2026-01-31,nic:27/fibre_optic_cables,index,103.8,
wpi,2022-23,2026-01-31,nic:27/other_electrical_equipment,index,98.2,
wpi,2022-23,2026-01-31,nic:27/other_electronic_and_electric_wires_and_cables,index,126.6,
wpi,2022-23,2026-01-31,nic:27/wiring_devices,index,105.8,
wpi,2022-23,2026-01-31,nic:28,index,103.9,
wpi,2022-23,2026-01-31,nic:28/agricultural_and_forestry_machinery,index,103.7,
wpi,2022-23,2026-01-31,nic:28/bearings_gears_gearing_and_driving_elements,index,104.1,
wpi,2022-23,2026-01-31,nic:28/engines_and_turbines_except_aircraft_vehicle_and_cycle_engines,index,100.4,
wpi,2022-23,2026-01-31,nic:28/fluid_power_equipment,index,97.1,
wpi,2022-23,2026-01-31,nic:28/lifting_and_handling_equipment,index,102.6,
wpi,2022-23,2026-01-31,nic:28/machinery_for_food_beverage_and_tobacco_processing,index,104.5,
wpi,2022-23,2026-01-31,nic:28/machinery_for_metallurgy,index,107.0,
wpi,2022-23,2026-01-31,nic:28/machinery_for_mining_quarrying_and_construction,index,106.9,
wpi,2022-23,2026-01-31,nic:28/machinery_for_textile_apparel_and_leather_production,index,106.5,
wpi,2022-23,2026-01-31,nic:28/metal_forming_machinery_and_machine_tools,index,108.5,
wpi,2022-23,2026-01-31,nic:28/other_general_purpose_machinery,index,100.3,
wpi,2022-23,2026-01-31,nic:28/other_pumps_compressors_taps_and_valves,index,107.2,
wpi,2022-23,2026-01-31,nic:28/other_special_purpose_machinery,index,99.7,
wpi,2022-23,2026-01-31,nic:28/ovens_furnaces_and_permanent_household_heating_equipment,index,109.6,
wpi,2022-23,2026-01-31,nic:28/power_driven_hand_tools,index,102.8,
wpi,2022-23,2026-01-31,nic:29,index,105.9,
wpi,2022-23,2026-01-31,nic:29/bodies_coachwork_for_motor_vehicles_manufacture_of_trailers_and_semi_trailers,index,103.8,
wpi,2022-23,2026-01-31,nic:29/motor_vehicles,index,111.5,
wpi,2022-23,2026-01-31,nic:29/parts_and_accessories_for_motor_vehicles,index,99.0,
wpi,2022-23,2026-01-31,nic:30,index,105.1,
wpi,2022-23,2026-01-31,nic:30/air_and_spacecraft_and_related_machinery,index,121.2,
wpi,2022-23,2026-01-31,nic:30/bicycles_and_invalid_carriages,index,100.3,
wpi,2022-23,2026-01-31,nic:30/building_of_ships_and_floating_structures,index,101.9,
wpi,2022-23,2026-01-31,nic:30/motorcycles,index,104.3,
wpi,2022-23,2026-01-31,nic:30/other_transport_equipment,index,102.4,
wpi,2022-23,2026-01-31,nic:30/railway_locomotives_and_rolling_stock,index,106.5,
wpi,2022-23,2026-01-31,nic:31,index,102.0,
wpi,2022-23,2026-01-31,nic:31/other_furniture,index,95.4,
wpi,2022-23,2026-01-31,nic:31/wooden_furniture,index,105.8,
wpi,2022-23,2026-01-31,nic:32,index,152.4,
wpi,2022-23,2026-01-31,nic:32/games_and_toys,index,107.2,
wpi,2022-23,2026-01-31,nic:32/imitation_jewellery_and_related_articles,index,135.3,
wpi,2022-23,2026-01-31,nic:32/jewellery_and_related_articles,index,163.3,
wpi,2022-23,2026-01-31,nic:32/medical_and_dental_instruments_and_supplies,index,106.2,
wpi,2022-23,2026-01-31,nic:32/musical_instruments,index,116.5,
wpi,2022-23,2026-01-31,nic:32/other_manufacturing,index,107.6,
wpi,2022-23,2026-01-31,nic:32/sports_goods,index,112.9,
wpi,2022-23,2026-01-31,wpi:all,index,102.3,
wpi,2022-23,2026-01-31,wpi:food_index,index,111.4,
wpi,2022-23,2026-01-31,wpi:fuel_power,index,88.0,
wpi,2022-23,2026-01-31,wpi:fuel_power/coal_and_lignite,index,86.2,
wpi,2022-23,2026-01-31,wpi:fuel_power/coal_and_lignite/coking_coal,index,86.1,
wpi,2022-23,2026-01-31,wpi:fuel_power/coal_and_lignite/coking_coal/coking_coal,index,86.1,
wpi,2022-23,2026-01-31,wpi:fuel_power/coal_and_lignite/lignite,index,65.7,
wpi,2022-23,2026-01-31,wpi:fuel_power/coal_and_lignite/non_coking_coal,index,87.0,
wpi,2022-23,2026-01-31,wpi:fuel_power/coal_and_lignite/non_coking_coal/non_coking_coal_g15_to_g17_gcv_3100_kcal_kg,index,81.6,
wpi,2022-23,2026-01-31,wpi:fuel_power/coal_and_lignite/non_coking_coal/non_coking_coal_g1_to_g6_gcv_exceeding_5500_kcal_kg,index,93.9,
wpi,2022-23,2026-01-31,wpi:fuel_power/coal_and_lignite/non_coking_coal/non_coking_coal_g7_to_g14_gcv_3100_kcal_kg_to_5500_kcal_kg,index,86.1,
wpi,2022-23,2026-01-31,wpi:fuel_power/crude_petroleum_natural_gas,index,88.7,
wpi,2022-23,2026-01-31,wpi:fuel_power/electricity,index,94.5,
wpi,2022-23,2026-01-31,wpi:fuel_power/electricity/hydro_electricity,index,147.3,
wpi,2022-23,2026-01-31,wpi:fuel_power/electricity/nuclear,index,100.6,
wpi,2022-23,2026-01-31,wpi:fuel_power/electricity/solar,index,94.7,
wpi,2022-23,2026-01-31,wpi:fuel_power/electricity/thermal_electricity,index,89.1,
wpi,2022-23,2026-01-31,wpi:fuel_power/electricity/wind,index,108.8,
wpi,2022-23,2026-01-31,wpi:fuel_power/mineral_oils,index,84.6,
wpi,2022-23,2026-01-31,wpi:manufactured,index,102.0,
wpi,2022-23,2026-01-31,wpi:primary,index,112.1,
wpi,2022-23,2026-01-31,wpi:primary/food_articles,index,113.9,
wpi,2022-23,2026-01-31,wpi:primary/food_articles/condiments_spices,index,124.0,
wpi,2022-23,2026-01-31,wpi:primary/food_articles/eggs_meat_fish,index,110.2,
wpi,2022-23,2026-01-31,wpi:primary/food_articles/food_grains_cereals_pulses,index,116.5,
wpi,2022-23,2026-01-31,wpi:primary/food_articles/food_grains_cereals_pulses/cereals,index,117.6,
wpi,2022-23,2026-01-31,wpi:primary/food_articles/food_grains_cereals_pulses/pulses,index,110.3,
wpi,2022-23,2026-01-31,wpi:primary/food_articles/fruits_vegetables,index,110.2,
wpi,2022-23,2026-01-31,wpi:primary/food_articles/fruits_vegetables/fruits,index,108.2,
wpi,2022-23,2026-01-31,wpi:primary/food_articles/fruits_vegetables/vegetables,index,112.2,
wpi,2022-23,2026-01-31,wpi:primary/food_articles/milk,index,114.5,
wpi,2022-23,2026-01-31,wpi:primary/food_articles/other_food_articles,index,118.8,
wpi,2022-23,2026-01-31,wpi:primary/minerals,index,111.1,
wpi,2022-23,2026-01-31,wpi:primary/minerals/metallic_minerals,index,116.3,
wpi,2022-23,2026-01-31,wpi:primary/minerals/minor_minerals,index,99.7,
wpi,2022-23,2026-01-31,wpi:primary/minerals/other_minerals,index,116.2,
wpi,2022-23,2026-01-31,wpi:primary/non_food_articles,index,107.0,
wpi,2022-23,2026-01-31,wpi:primary/non_food_articles/fibres,index,84.3,
wpi,2022-23,2026-01-31,wpi:primary/non_food_articles/floriculture,index,137.3,
wpi,2022-23,2026-01-31,wpi:primary/non_food_articles/medicinal_plants,index,81.3,
wpi,2022-23,2026-01-31,wpi:primary/non_food_articles/oil_seeds,index,108.3,
wpi,2022-23,2026-01-31,wpi:primary/non_food_articles/other_non_food_articles,index,109.3,
wpi,2022-23,2026-02-28,nic:10,index,108.0,
wpi,2022-23,2026-02-28,nic:10/bakery_products,index,107.2,
wpi,2022-23,2026-02-28,nic:10/cocoa_chocolate_and_sugar_confectionery,index,113.0,
wpi,2022-23,2026-02-28,nic:10/dairy_products,index,110.2,
wpi,2022-23,2026-02-28,nic:10/grain_mill_products,index,109.3,
wpi,2022-23,2026-02-28,nic:10/macaroni_noodles_couscous_and_similar_farinaceous_products,index,106.2,
wpi,2022-23,2026-02-28,nic:10/other_food_products,index,105.7,
wpi,2022-23,2026-02-28,nic:10/prepared_animal_feeds,index,98.9,
wpi,2022-23,2026-02-28,nic:10/processing_and_preserving_of_fish_crustaceans_and_molluscs,index,108.6,
wpi,2022-23,2026-02-28,nic:10/processing_and_preserving_of_fruit_and_vegetables,index,104.8,
wpi,2022-23,2026-02-28,nic:10/processing_and_preserving_of_meat,index,127.3,
wpi,2022-23,2026-02-28,nic:10/processing_of_coffee_and_tea,index,103.5,
wpi,2022-23,2026-02-28,nic:10/starches_and_starch_products,index,81.0,
wpi,2022-23,2026-02-28,nic:10/sugar,index,112.9,
wpi,2022-23,2026-02-28,nic:10/vegetable_and_animal_oils_and_fats,index,106.3,
wpi,2022-23,2026-02-28,nic:11,index,102.6,
wpi,2022-23,2026-02-28,nic:11/beer,index,108.4,
wpi,2022-23,2026-02-28,nic:11/distilling_rectifying_and_blending_of_spirits,index,108.5,
wpi,2022-23,2026-02-28,nic:11/soft_drinks_production_of_mineral_waters_and_other_bottled_waters,index,100.2,
wpi,2022-23,2026-02-28,nic:11/wines,index,111.0,
wpi,2022-23,2026-02-28,nic:12,index,122.7,
wpi,2022-23,2026-02-28,nic:12/tobacco_products,index,122.7,
wpi,2022-23,2026-02-28,nic:13,index,94.4,
wpi,2022-23,2026-02-28,nic:13/carpets_and_rugs,index,104.7,
wpi,2022-23,2026-02-28,nic:13/cordage_rope_twine_and_netting,index,103.5,
wpi,2022-23,2026-02-28,nic:13/knitted_and_crocheted_fabrics,index,90.8,
wpi,2022-23,2026-02-28,nic:13/made_up_textile_articles_except_apparel,index,103.4,
wpi,2022-23,2026-02-28,nic:13/other_textiles,index,100.5,
wpi,2022-23,2026-02-28,nic:13/preparation_and_spinning_of_textile_fibres,index,91.9,
wpi,2022-23,2026-02-28,nic:13/weaving_of_textiles,index,94.0,
wpi,2022-23,2026-02-28,nic:14,index,109.8,
wpi,2022-23,2026-02-28,nic:14/knitted_and_crocheted_apparel,index,107.6,
wpi,2022-23,2026-02-28,nic:14/wearing_apparel_except_fur_apparel,index,111.7,
wpi,2022-23,2026-02-28,nic:15,index,104.9,
wpi,2022-23,2026-02-28,nic:15/footwear,index,104.2,
wpi,2022-23,2026-02-28,nic:15/luggage_handbags_and_the_like_saddlery_and_harness_of_any_material,index,106.6,
wpi,2022-23,2026-02-28,nic:15/tanning_and_dressing_of_leather_dressing_and_dyeing_of_fur,index,108.0,
wpi,2022-23,2026-02-28,nic:16,index,110.0,
wpi,2022-23,2026-02-28,nic:16/other_products_of_wood_manufacture_of_articles_of_cork_straw_and_plaiting_materials,index,113.4,
wpi,2022-23,2026-02-28,nic:16/sawmilling_and_planing_of_wood,index,101.9,
wpi,2022-23,2026-02-28,nic:16/veneer_sheets_and_wood_based_panels,index,110.5,
wpi,2022-23,2026-02-28,nic:16/wooden_containers,index,108.3,
wpi,2022-23,2026-02-28,nic:17,index,90.6,
wpi,2022-23,2026-02-28,nic:17/corrugated_paper_and_paperboard_and_of_containers_of_paper_and_paperboard,index,92.3,
wpi,2022-23,2026-02-28,nic:17/other_articles_of_paper_and_paperboard,index,82.9,
wpi,2022-23,2026-02-28,nic:17/pulp_paper_and_paperboard,index,93.2,
wpi,2022-23,2026-02-28,nic:18,index,105.1,
wpi,2022-23,2026-02-28,nic:18/printing,index,105.1,
wpi,2022-23,2026-02-28,nic:20,index,91.8,
wpi,2022-23,2026-02-28,nic:20/basic_chemicals,index,89.2,
wpi,2022-23,2026-02-28,nic:20/fertilizers_and_nitrogen_compounds,index,96.1,
wpi,2022-23,2026-02-28,nic:20/man_made_fibres,index,91.3,
wpi,2022-23,2026-02-28,nic:20/other_chemical_products,index,87.1,
wpi,2022-23,2026-02-28,nic:20/paints_varnishes_and_similar_coatings_printing_ink_and_mastics,index,89.9,
wpi,2022-23,2026-02-28,nic:20/pesticides_and_other_agrochemical_products,index,84.4,
wpi,2022-23,2026-02-28,nic:20/plastics_and_synthetic_rubber_in_primary_forms,index,88.8,
wpi,2022-23,2026-02-28,nic:20/soap_and_detergents_cleaning_and_polishing_preparations_perfumes_and_toilet_preparations,index,101.4,
wpi,2022-23,2026-02-28,nic:21,index,99.6,
wpi,2022-23,2026-02-28,nic:21/pharmaceuticals_medicinal_chemical_and_botanical_products,index,99.6,
wpi,2022-23,2026-02-28,nic:22,index,96.3,
wpi,2022-23,2026-02-28,nic:22/other_rubber_products,index,108.2,
wpi,2022-23,2026-02-28,nic:22/plastics_products,index,93.3,
wpi,2022-23,2026-02-28,nic:22/rubber_tyres_and_tubes_retreading_and_rebuilding_of_rubber_tyres,index,102.1,
wpi,2022-23,2026-02-28,nic:23,index,96.1,
wpi,2022-23,2026-02-28,nic:23/articles_of_concrete_cement_and_plaster,index,105.1,
wpi,2022-23,2026-02-28,nic:23/cement_lime_and_plaster,index,93.4,
wpi,2022-23,2026-02-28,nic:23/clay_building_materials,index,110.8,
wpi,2022-23,2026-02-28,nic:23/cutting_shaping_and_finishing_of_stone,index,116.3,
wpi,2022-23,2026-02-28,nic:23/glass_and_glass_products,index,95.7,
wpi,2022-23,2026-02-28,nic:23/other_porcelain_and_ceramic_products,index,105.9,
wpi,2022-23,2026-02-28,nic:23/refractory_products,index,94.8,
wpi,2022-23,2026-02-28,nic:24,index,98.0,
wpi,2022-23,2026-02-28,nic:24/basic_iron_and_steel,index,87.5,
wpi,2022-23,2026-02-28,nic:24/basic_precious_and_other_non_ferrous_metals,index,145.6,
wpi,2022-23,2026-02-28,nic:24/casting_of_iron_and_steel,index,94.3,
wpi,2022-23,2026-02-28,nic:25,index,102.0,
wpi,2022-23,2026-02-28,nic:25/cutlery_hand_tools_and_general_hardware,index,102.5,
wpi,2022-23,2026-02-28,nic:25/forging_pressing_stamping_and_roll_forming_of_metal_powder_metallurgy,index,100.0,
wpi,2022-23,2026-02-28,nic:25/other_fabricated_metal_products,index,104.4,
wpi,2022-23,2026-02-28,nic:25/steam_generators_except_central_heating_hot_water_boilers,index,105.9,
wpi,2022-23,2026-02-28,nic:25/structural_metal_products,index,103.5,
wpi,2022-23,2026-02-28,nic:25/tanks_reservoirs_and_containers_of_metal,index,96.1,
wpi,2022-23,2026-02-28,nic:25/treatment_and_coating_of_metals_machining,index,92.8,
wpi,2022-23,2026-02-28,nic:25/weapons_and_ammunition,index,90.9,
wpi,2022-23,2026-02-28,nic:26,index,101.5,
wpi,2022-23,2026-02-28,nic:26/communication_equipment,index,100.5,
wpi,2022-23,2026-02-28,nic:26/computers_and_peripheral_equipment,index,102.4,
wpi,2022-23,2026-02-28,nic:26/consumer_electronics,index,97.6,
wpi,2022-23,2026-02-28,nic:26/irradiation_electromedical_and_electrotherapeutic_equipment,index,106.2,
wpi,2022-23,2026-02-28,nic:26/magnetic_and_optical_media,index,97.1,
wpi,2022-23,2026-02-28,nic:26/measuring_testing_navigating_and_control_equipment,index,124.3,
wpi,2022-23,2026-02-28,nic:26/optical_instruments_and_photographic_equipment,index,113.2,
wpi,2022-23,2026-02-28,nic:26/other_electronic_components_and_boards,index,97.2,
wpi,2022-23,2026-02-28,nic:26/solar_cells_solar_panels_and_photovoltaic_inverters,index,97.6,
wpi,2022-23,2026-02-28,nic:26/watches_and_clocks,index,114.7,
wpi,2022-23,2026-02-28,nic:27,index,110.2,
wpi,2022-23,2026-02-28,nic:27/batteries_and_accumulators,index,98.1,
wpi,2022-23,2026-02-28,nic:27/domestic_appliances,index,99.3,
wpi,2022-23,2026-02-28,nic:27/electric_lighting_equipment,index,87.6,
wpi,2022-23,2026-02-28,nic:27/electric_motors_generators_transformers_and_electricity_distribution_and_control_apparatus,index,110.5,
wpi,2022-23,2026-02-28,nic:27/fibre_optic_cables,index,104.5,
wpi,2022-23,2026-02-28,nic:27/other_electrical_equipment,index,98.8,
wpi,2022-23,2026-02-28,nic:27/other_electronic_and_electric_wires_and_cables,index,130.8,
wpi,2022-23,2026-02-28,nic:27/wiring_devices,index,106.2,
wpi,2022-23,2026-02-28,nic:28,index,104.3,
wpi,2022-23,2026-02-28,nic:28/agricultural_and_forestry_machinery,index,103.9,
wpi,2022-23,2026-02-28,nic:28/bearings_gears_gearing_and_driving_elements,index,104.7,
wpi,2022-23,2026-02-28,nic:28/engines_and_turbines_except_aircraft_vehicle_and_cycle_engines,index,100.7,
wpi,2022-23,2026-02-28,nic:28/fluid_power_equipment,index,97.8,
wpi,2022-23,2026-02-28,nic:28/lifting_and_handling_equipment,index,104.1,
wpi,2022-23,2026-02-28,nic:28/machinery_for_food_beverage_and_tobacco_processing,index,102.8,
wpi,2022-23,2026-02-28,nic:28/machinery_for_metallurgy,index,109.7,
wpi,2022-23,2026-02-28,nic:28/machinery_for_mining_quarrying_and_construction,index,107.2,
wpi,2022-23,2026-02-28,nic:28/machinery_for_textile_apparel_and_leather_production,index,108.9,
wpi,2022-23,2026-02-28,nic:28/metal_forming_machinery_and_machine_tools,index,109.3,
wpi,2022-23,2026-02-28,nic:28/other_general_purpose_machinery,index,100.5,
wpi,2022-23,2026-02-28,nic:28/other_pumps_compressors_taps_and_valves,index,106.7,
wpi,2022-23,2026-02-28,nic:28/other_special_purpose_machinery,index,99.6,
wpi,2022-23,2026-02-28,nic:28/ovens_furnaces_and_permanent_household_heating_equipment,index,112.7,
wpi,2022-23,2026-02-28,nic:28/power_driven_hand_tools,index,102.6,
wpi,2022-23,2026-02-28,nic:29,index,106.4,
wpi,2022-23,2026-02-28,nic:29/bodies_coachwork_for_motor_vehicles_manufacture_of_trailers_and_semi_trailers,index,103.9,
wpi,2022-23,2026-02-28,nic:29/motor_vehicles,index,112.3,
wpi,2022-23,2026-02-28,nic:29/parts_and_accessories_for_motor_vehicles,index,99.1,
wpi,2022-23,2026-02-28,nic:30,index,105.2,
wpi,2022-23,2026-02-28,nic:30/air_and_spacecraft_and_related_machinery,index,120.3,
wpi,2022-23,2026-02-28,nic:30/bicycles_and_invalid_carriages,index,101.2,
wpi,2022-23,2026-02-28,nic:30/building_of_ships_and_floating_structures,index,102.1,
wpi,2022-23,2026-02-28,nic:30/motorcycles,index,104.4,
wpi,2022-23,2026-02-28,nic:30/other_transport_equipment,index,102.5,
wpi,2022-23,2026-02-28,nic:30/railway_locomotives_and_rolling_stock,index,106.8,
wpi,2022-23,2026-02-28,nic:31,index,102.6,
wpi,2022-23,2026-02-28,nic:31/other_furniture,index,95.9,
wpi,2022-23,2026-02-28,nic:31/wooden_furniture,index,106.4,
wpi,2022-23,2026-02-28,nic:32,index,156.4,
wpi,2022-23,2026-02-28,nic:32/games_and_toys,index,107.1,
wpi,2022-23,2026-02-28,nic:32/imitation_jewellery_and_related_articles,index,137.6,
wpi,2022-23,2026-02-28,nic:32/jewellery_and_related_articles,index,168.2,
wpi,2022-23,2026-02-28,nic:32/medical_and_dental_instruments_and_supplies,index,106.0,
wpi,2022-23,2026-02-28,nic:32/musical_instruments,index,116.9,
wpi,2022-23,2026-02-28,nic:32/other_manufacturing,index,107.7,
wpi,2022-23,2026-02-28,nic:32/sports_goods,index,113.0,
wpi,2022-23,2026-02-28,wpi:all,index,103.1,
wpi,2022-23,2026-02-28,wpi:food_index,index,111.3,
wpi,2022-23,2026-02-28,wpi:fuel_power,index,89.0,
wpi,2022-23,2026-02-28,wpi:fuel_power/coal_and_lignite,index,86.5,
wpi,2022-23,2026-02-28,wpi:fuel_power/coal_and_lignite/coking_coal,index,86.3,
wpi,2022-23,2026-02-28,wpi:fuel_power/coal_and_lignite/coking_coal/coking_coal,index,86.3,
wpi,2022-23,2026-02-28,wpi:fuel_power/coal_and_lignite/lignite,index,65.7,
wpi,2022-23,2026-02-28,wpi:fuel_power/coal_and_lignite/non_coking_coal,index,87.3,
wpi,2022-23,2026-02-28,wpi:fuel_power/coal_and_lignite/non_coking_coal/non_coking_coal_g15_to_g17_gcv_3100_kcal_kg,index,81.2,
wpi,2022-23,2026-02-28,wpi:fuel_power/coal_and_lignite/non_coking_coal/non_coking_coal_g1_to_g6_gcv_exceeding_5500_kcal_kg,index,94.6,
wpi,2022-23,2026-02-28,wpi:fuel_power/coal_and_lignite/non_coking_coal/non_coking_coal_g7_to_g14_gcv_3100_kcal_kg_to_5500_kcal_kg,index,86.3,
wpi,2022-23,2026-02-28,wpi:fuel_power/crude_petroleum_natural_gas,index,92.4,
wpi,2022-23,2026-02-28,wpi:fuel_power/electricity,index,94.7,
wpi,2022-23,2026-02-28,wpi:fuel_power/electricity/hydro_electricity,index,145.4,
wpi,2022-23,2026-02-28,wpi:fuel_power/electricity/nuclear,index,110.9,
wpi,2022-23,2026-02-28,wpi:fuel_power/electricity/solar,index,93.7,
wpi,2022-23,2026-02-28,wpi:fuel_power/electricity/thermal_electricity,index,89.2,
wpi,2022-23,2026-02-28,wpi:fuel_power/electricity/wind,index,109.2,
wpi,2022-23,2026-02-28,wpi:fuel_power/mineral_oils,index,85.8,
wpi,2022-23,2026-02-28,wpi:manufactured,index,103.2,
wpi,2022-23,2026-02-28,wpi:primary,index,111.6,
wpi,2022-23,2026-02-28,wpi:primary/food_articles,index,113.1,
wpi,2022-23,2026-02-28,wpi:primary/food_articles/condiments_spices,index,126.3,
wpi,2022-23,2026-02-28,wpi:primary/food_articles/eggs_meat_fish,index,109.4,
wpi,2022-23,2026-02-28,wpi:primary/food_articles/food_grains_cereals_pulses,index,115.6,
wpi,2022-23,2026-02-28,wpi:primary/food_articles/food_grains_cereals_pulses/cereals,index,116.4,
wpi,2022-23,2026-02-28,wpi:primary/food_articles/food_grains_cereals_pulses/pulses,index,111.6,
wpi,2022-23,2026-02-28,wpi:primary/food_articles/fruits_vegetables,index,107.1,
wpi,2022-23,2026-02-28,wpi:primary/food_articles/fruits_vegetables/fruits,index,118.5,
wpi,2022-23,2026-02-28,wpi:primary/food_articles/fruits_vegetables/vegetables,index,96.1,
wpi,2022-23,2026-02-28,wpi:primary/food_articles/milk,index,114.9,
wpi,2022-23,2026-02-28,wpi:primary/food_articles/other_food_articles,index,119.5,
wpi,2022-23,2026-02-28,wpi:primary/minerals,index,112.0,
wpi,2022-23,2026-02-28,wpi:primary/minerals/metallic_minerals,index,118.1,
wpi,2022-23,2026-02-28,wpi:primary/minerals/minor_minerals,index,99.6,
wpi,2022-23,2026-02-28,wpi:primary/minerals/other_minerals,index,115.9,
wpi,2022-23,2026-02-28,wpi:primary/non_food_articles,index,107.3,
wpi,2022-23,2026-02-28,wpi:primary/non_food_articles/fibres,index,83.9,
wpi,2022-23,2026-02-28,wpi:primary/non_food_articles/floriculture,index,126.3,
wpi,2022-23,2026-02-28,wpi:primary/non_food_articles/medicinal_plants,index,81.3,
wpi,2022-23,2026-02-28,wpi:primary/non_food_articles/oil_seeds,index,109.8,
wpi,2022-23,2026-02-28,wpi:primary/non_food_articles/other_non_food_articles,index,109.9,
wpi,2022-23,2026-03-31,nic:10,index,109.1,
wpi,2022-23,2026-03-31,nic:10/bakery_products,index,107.2,
wpi,2022-23,2026-03-31,nic:10/cocoa_chocolate_and_sugar_confectionery,index,113.7,
wpi,2022-23,2026-03-31,nic:10/dairy_products,index,110.9,
wpi,2022-23,2026-03-31,nic:10/grain_mill_products,index,108.7,
wpi,2022-23,2026-03-31,nic:10/macaroni_noodles_couscous_and_similar_farinaceous_products,index,108.0,
wpi,2022-23,2026-03-31,nic:10/other_food_products,index,107.9,
wpi,2022-23,2026-03-31,nic:10/prepared_animal_feeds,index,99.3,
wpi,2022-23,2026-03-31,nic:10/processing_and_preserving_of_fish_crustaceans_and_molluscs,index,111.7,
wpi,2022-23,2026-03-31,nic:10/processing_and_preserving_of_fruit_and_vegetables,index,105.9,
wpi,2022-23,2026-03-31,nic:10/processing_and_preserving_of_meat,index,128.1,
wpi,2022-23,2026-03-31,nic:10/processing_of_coffee_and_tea,index,113.2,
wpi,2022-23,2026-03-31,nic:10/starches_and_starch_products,index,82.1,
wpi,2022-23,2026-03-31,nic:10/sugar,index,113.0,
wpi,2022-23,2026-03-31,nic:10/vegetable_and_animal_oils_and_fats,index,108.0,
wpi,2022-23,2026-03-31,nic:11,index,102.7,
wpi,2022-23,2026-03-31,nic:11/beer,index,108.1,
wpi,2022-23,2026-03-31,nic:11/distilling_rectifying_and_blending_of_spirits,index,107.8,
wpi,2022-23,2026-03-31,nic:11/soft_drinks_production_of_mineral_waters_and_other_bottled_waters,index,100.6,
wpi,2022-23,2026-03-31,nic:11/wines,index,110.0,
wpi,2022-23,2026-03-31,nic:12,index,122.6,
wpi,2022-23,2026-03-31,nic:12/tobacco_products,index,122.6,
wpi,2022-23,2026-03-31,nic:13,index,96.4,
wpi,2022-23,2026-03-31,nic:13/carpets_and_rugs,index,105.3,
wpi,2022-23,2026-03-31,nic:13/cordage_rope_twine_and_netting,index,107.8,
wpi,2022-23,2026-03-31,nic:13/knitted_and_crocheted_fabrics,index,91.4,
wpi,2022-23,2026-03-31,nic:13/made_up_textile_articles_except_apparel,index,105.3,
wpi,2022-23,2026-03-31,nic:13/other_textiles,index,102.8,
wpi,2022-23,2026-03-31,nic:13/preparation_and_spinning_of_textile_fibres,index,93.9,
wpi,2022-23,2026-03-31,nic:13/weaving_of_textiles,index,95.9,
wpi,2022-23,2026-03-31,nic:14,index,109.9,
wpi,2022-23,2026-03-31,nic:14/knitted_and_crocheted_apparel,index,108.5,
wpi,2022-23,2026-03-31,nic:14/wearing_apparel_except_fur_apparel,index,111.0,
wpi,2022-23,2026-03-31,nic:15,index,105.5,
wpi,2022-23,2026-03-31,nic:15/footwear,index,104.3,
wpi,2022-23,2026-03-31,nic:15/luggage_handbags_and_the_like_saddlery_and_harness_of_any_material,index,110.4,
wpi,2022-23,2026-03-31,nic:15/tanning_and_dressing_of_leather_dressing_and_dyeing_of_fur,index,107.3,
wpi,2022-23,2026-03-31,nic:16,index,112.1,
wpi,2022-23,2026-03-31,nic:16/other_products_of_wood_manufacture_of_articles_of_cork_straw_and_plaiting_materials,index,114.0,
wpi,2022-23,2026-03-31,nic:16/sawmilling_and_planing_of_wood,index,103.4,
wpi,2022-23,2026-03-31,nic:16/veneer_sheets_and_wood_based_panels,index,112.8,
wpi,2022-23,2026-03-31,nic:16/wooden_containers,index,108.8,
wpi,2022-23,2026-03-31,nic:17,index,91.4,
wpi,2022-23,2026-03-31,nic:17/corrugated_paper_and_paperboard_and_of_containers_of_paper_and_paperboard,index,93.0,
wpi,2022-23,2026-03-31,nic:17/other_articles_of_paper_and_paperboard,index,83.9,
wpi,2022-23,2026-03-31,nic:17/pulp_paper_and_paperboard,index,94.0,
wpi,2022-23,2026-03-31,nic:18,index,105.8,
wpi,2022-23,2026-03-31,nic:18/printing,index,105.8,
wpi,2022-23,2026-03-31,nic:20,index,96.5,
wpi,2022-23,2026-03-31,nic:20/basic_chemicals,index,97.0,
wpi,2022-23,2026-03-31,nic:20/fertilizers_and_nitrogen_compounds,index,97.0,
wpi,2022-23,2026-03-31,nic:20/man_made_fibres,index,101.0,
wpi,2022-23,2026-03-31,nic:20/other_chemical_products,index,89.7,
wpi,2022-23,2026-03-31,nic:20/paints_varnishes_and_similar_coatings_printing_ink_and_mastics,index,91.8,
wpi,2022-23,2026-03-31,nic:20/pesticides_and_other_agrochemical_products,index,85.2,
wpi,2022-23,2026-03-31,nic:20/plastics_and_synthetic_rubber_in_primary_forms,index,101.4,
wpi,2022-23,2026-03-31,nic:20/soap_and_detergents_cleaning_and_polishing_preparations_perfumes_and_toilet_preparations,index,101.4,
wpi,2022-23,2026-03-31,nic:21,index,100.8,
wpi,2022-23,2026-03-31,nic:21/pharmaceuticals_medicinal_chemical_and_botanical_products,index,100.8,
wpi,2022-23,2026-03-31,nic:22,index,101.9,
wpi,2022-23,2026-03-31,nic:22/other_rubber_products,index,108.7,
wpi,2022-23,2026-03-31,nic:22/plastics_products,index,101.1,
wpi,2022-23,2026-03-31,nic:22/rubber_tyres_and_tubes_retreading_and_rebuilding_of_rubber_tyres,index,102.4,
wpi,2022-23,2026-03-31,nic:23,index,96.8,
wpi,2022-23,2026-03-31,nic:23/articles_of_concrete_cement_and_plaster,index,106.1,
wpi,2022-23,2026-03-31,nic:23/cement_lime_and_plaster,index,94.2,
wpi,2022-23,2026-03-31,nic:23/clay_building_materials,index,111.2,
wpi,2022-23,2026-03-31,nic:23/cutting_shaping_and_finishing_of_stone,index,117.0,
wpi,2022-23,2026-03-31,nic:23/glass_and_glass_products,index,95.8,
wpi,2022-23,2026-03-31,nic:23/other_porcelain_and_ceramic_products,index,107.9,
wpi,2022-23,2026-03-31,nic:23/refractory_products,index,95.3,
wpi,2022-23,2026-03-31,nic:24,index,100.1,
wpi,2022-23,2026-03-31,nic:24/basic_iron_and_steel,index,89.5,
wpi,2022-23,2026-03-31,nic:24/basic_precious_and_other_non_ferrous_metals,index,149.1,
wpi,2022-23,2026-03-31,nic:24/casting_of_iron_and_steel,index,94.9,
wpi,2022-23,2026-03-31,nic:25,index,102.7,
wpi,2022-23,2026-03-31,nic:25/cutlery_hand_tools_and_general_hardware,index,102.1,
wpi,2022-23,2026-03-31,nic:25/forging_pressing_stamping_and_roll_forming_of_metal_powder_metallurgy,index,100.2,
wpi,2022-23,2026-03-31,nic:25/other_fabricated_metal_products,index,104.2,
wpi,2022-23,2026-03-31,nic:25/steam_generators_except_central_heating_hot_water_boilers,index,108.2,
wpi,2022-23,2026-03-31,nic:25/structural_metal_products,index,104.2,
wpi,2022-23,2026-03-31,nic:25/tanks_reservoirs_and_containers_of_metal,index,99.5,
wpi,2022-23,2026-03-31,nic:25/treatment_and_coating_of_metals_machining,index,95.1,
wpi,2022-23,2026-03-31,nic:25/weapons_and_ammunition,index,93.2,
wpi,2022-23,2026-03-31,nic:26,index,102.0,
wpi,2022-23,2026-03-31,nic:26/communication_equipment,index,101.1,
wpi,2022-23,2026-03-31,nic:26/computers_and_peripheral_equipment,index,104.5,
wpi,2022-23,2026-03-31,nic:26/consumer_electronics,index,97.1,
wpi,2022-23,2026-03-31,nic:26/irradiation_electromedical_and_electrotherapeutic_equipment,index,105.8,
wpi,2022-23,2026-03-31,nic:26/magnetic_and_optical_media,index,96.5,
wpi,2022-23,2026-03-31,nic:26/measuring_testing_navigating_and_control_equipment,index,123.8,
wpi,2022-23,2026-03-31,nic:26/optical_instruments_and_photographic_equipment,index,114.7,
wpi,2022-23,2026-03-31,nic:26/other_electronic_components_and_boards,index,97.8,
wpi,2022-23,2026-03-31,nic:26/solar_cells_solar_panels_and_photovoltaic_inverters,index,97.8,
wpi,2022-23,2026-03-31,nic:26/watches_and_clocks,index,115.3,
wpi,2022-23,2026-03-31,nic:27,index,111.0,
wpi,2022-23,2026-03-31,nic:27/batteries_and_accumulators,index,98.8,
wpi,2022-23,2026-03-31,nic:27/domestic_appliances,index,98.5,
wpi,2022-23,2026-03-31,nic:27/electric_lighting_equipment,index,87.7,
wpi,2022-23,2026-03-31,nic:27/electric_motors_generators_transformers_and_electricity_distribution_and_control_apparatus,index,110.7,
wpi,2022-23,2026-03-31,nic:27/fibre_optic_cables,index,103.2,
wpi,2022-23,2026-03-31,nic:27/other_electrical_equipment,index,100.6,
wpi,2022-23,2026-03-31,nic:27/other_electronic_and_electric_wires_and_cables,index,133.3,
wpi,2022-23,2026-03-31,nic:27/wiring_devices,index,107.9,
wpi,2022-23,2026-03-31,nic:28,index,104.3,
wpi,2022-23,2026-03-31,nic:28/agricultural_and_forestry_machinery,index,104.4,
wpi,2022-23,2026-03-31,nic:28/bearings_gears_gearing_and_driving_elements,index,104.4,
wpi,2022-23,2026-03-31,nic:28/engines_and_turbines_except_aircraft_vehicle_and_cycle_engines,index,101.1,
wpi,2022-23,2026-03-31,nic:28/fluid_power_equipment,index,97.9,
wpi,2022-23,2026-03-31,nic:28/lifting_and_handling_equipment,index,105.0,
wpi,2022-23,2026-03-31,nic:28/machinery_for_food_beverage_and_tobacco_processing,index,104.1,
wpi,2022-23,2026-03-31,nic:28/machinery_for_metallurgy,index,109.7,
wpi,2022-23,2026-03-31,nic:28/machinery_for_mining_quarrying_and_construction,index,107.4,
wpi,2022-23,2026-03-31,nic:28/machinery_for_textile_apparel_and_leather_production,index,104.8,
wpi,2022-23,2026-03-31,nic:28/metal_forming_machinery_and_machine_tools,index,110.5,
wpi,2022-23,2026-03-31,nic:28/other_general_purpose_machinery,index,100.5,
wpi,2022-23,2026-03-31,nic:28/other_pumps_compressors_taps_and_valves,index,106.9,
wpi,2022-23,2026-03-31,nic:28/other_special_purpose_machinery,index,99.1,
wpi,2022-23,2026-03-31,nic:28/ovens_furnaces_and_permanent_household_heating_equipment,index,110.0,
wpi,2022-23,2026-03-31,nic:28/power_driven_hand_tools,index,103.7,
wpi,2022-23,2026-03-31,nic:29,index,105.9,
wpi,2022-23,2026-03-31,nic:29/bodies_coachwork_for_motor_vehicles_manufacture_of_trailers_and_semi_trailers,index,103.8,
wpi,2022-23,2026-03-31,nic:29/motor_vehicles,index,111.1,
wpi,2022-23,2026-03-31,nic:29/parts_and_accessories_for_motor_vehicles,index,99.4,
wpi,2022-23,2026-03-31,nic:30,index,105.4,
wpi,2022-23,2026-03-31,nic:30/air_and_spacecraft_and_related_machinery,index,121.0,
wpi,2022-23,2026-03-31,nic:30/bicycles_and_invalid_carriages,index,101.0,
wpi,2022-23,2026-03-31,nic:30/building_of_ships_and_floating_structures,index,102.1,
wpi,2022-23,2026-03-31,nic:30/motorcycles,index,104.6,
wpi,2022-23,2026-03-31,nic:30/other_transport_equipment,index,102.6,
wpi,2022-23,2026-03-31,nic:30/railway_locomotives_and_rolling_stock,index,106.9,
wpi,2022-23,2026-03-31,nic:31,index,102.8,
wpi,2022-23,2026-03-31,nic:31/other_furniture,index,96.5,
wpi,2022-23,2026-03-31,nic:31/wooden_furniture,index,106.3,
wpi,2022-23,2026-03-31,nic:32,index,158.8,
wpi,2022-23,2026-03-31,nic:32/games_and_toys,index,107.4,
wpi,2022-23,2026-03-31,nic:32/imitation_jewellery_and_related_articles,index,142.2,
wpi,2022-23,2026-03-31,nic:32/jewellery_and_related_articles,index,171.4,
wpi,2022-23,2026-03-31,nic:32/medical_and_dental_instruments_and_supplies,index,102.2,
wpi,2022-23,2026-03-31,nic:32/musical_instruments,index,118.2,
wpi,2022-23,2026-03-31,nic:32/other_manufacturing,index,109.1,
wpi,2022-23,2026-03-31,nic:32/sports_goods,index,112.8,
wpi,2022-23,2026-03-31,wpi:all,index,104.6,
wpi,2022-23,2026-03-31,wpi:food_index,index,111.5,
wpi,2022-23,2026-03-31,wpi:fuel_power,index,93.5,
wpi,2022-23,2026-03-31,wpi:fuel_power/coal_and_lignite,index,87.8,
wpi,2022-23,2026-03-31,wpi:fuel_power/coal_and_lignite/coking_coal,index,86.5,
wpi,2022-23,2026-03-31,wpi:fuel_power/coal_and_lignite/coking_coal/coking_coal,index,86.5,
wpi,2022-23,2026-03-31,wpi:fuel_power/coal_and_lignite/lignite,index,66.0,
wpi,2022-23,2026-03-31,wpi:fuel_power/coal_and_lignite/non_coking_coal,index,88.8,
wpi,2022-23,2026-03-31,wpi:fuel_power/coal_and_lignite/non_coking_coal/non_coking_coal_g15_to_g17_gcv_3100_kcal_kg,index,81.5,
wpi,2022-23,2026-03-31,wpi:fuel_power/coal_and_lignite/non_coking_coal/non_coking_coal_g1_to_g6_gcv_exceeding_5500_kcal_kg,index,95.2,
wpi,2022-23,2026-03-31,wpi:fuel_power/coal_and_lignite/non_coking_coal/non_coking_coal_g7_to_g14_gcv_3100_kcal_kg_to_5500_kcal_kg,index,88.0,
wpi,2022-23,2026-03-31,wpi:fuel_power/crude_petroleum_natural_gas,index,119.7,
wpi,2022-23,2026-03-31,wpi:fuel_power/electricity,index,91.2,
wpi,2022-23,2026-03-31,wpi:fuel_power/electricity/hydro_electricity,index,111.6,
wpi,2022-23,2026-03-31,wpi:fuel_power/electricity/nuclear,index,110.9,
wpi,2022-23,2026-03-31,wpi:fuel_power/electricity/solar,index,96.6,
wpi,2022-23,2026-03-31,wpi:fuel_power/electricity/thermal_electricity,index,87.9,
wpi,2022-23,2026-03-31,wpi:fuel_power/electricity/wind,index,108.0,
wpi,2022-23,2026-03-31,wpi:fuel_power/mineral_oils,index,92.9,
wpi,2022-23,2026-03-31,wpi:manufactured,index,104.7,
wpi,2022-23,2026-03-31,wpi:primary,index,111.4,
wpi,2022-23,2026-03-31,wpi:primary/food_articles,index,112.8,
wpi,2022-23,2026-03-31,wpi:primary/food_articles/condiments_spices,index,125.5,
wpi,2022-23,2026-03-31,wpi:primary/food_articles/eggs_meat_fish,index,109.6,
wpi,2022-23,2026-03-31,wpi:primary/food_articles/food_grains_cereals_pulses,index,114.3,
wpi,2022-23,2026-03-31,wpi:primary/food_articles/food_grains_cereals_pulses/cereals,index,115.0,
wpi,2022-23,2026-03-31,wpi:primary/food_articles/food_grains_cereals_pulses/pulses,index,110.6,
wpi,2022-23,2026-03-31,wpi:primary/food_articles/fruits_vegetables,index,106.8,
wpi,2022-23,2026-03-31,wpi:primary/food_articles/fruits_vegetables/fruits,index,125.5,
wpi,2022-23,2026-03-31,wpi:primary/food_articles/fruits_vegetables/vegetables,index,88.8,
wpi,2022-23,2026-03-31,wpi:primary/food_articles/milk,index,114.9,
wpi,2022-23,2026-03-31,wpi:primary/food_articles/other_food_articles,index,119.8,
wpi,2022-23,2026-03-31,wpi:primary/minerals,index,110.8,
wpi,2022-23,2026-03-31,wpi:primary/minerals/metallic_minerals,index,118.7,
wpi,2022-23,2026-03-31,wpi:primary/minerals/minor_minerals,index,96.9,
wpi,2022-23,2026-03-31,wpi:primary/minerals/other_minerals,index,111.2,
wpi,2022-23,2026-03-31,wpi:primary/non_food_articles,index,107.4,
wpi,2022-23,2026-03-31,wpi:primary/non_food_articles/fibres,index,85.0,
wpi,2022-23,2026-03-31,wpi:primary/non_food_articles/floriculture,index,113.3,
wpi,2022-23,2026-03-31,wpi:primary/non_food_articles/medicinal_plants,index,79.1,
wpi,2022-23,2026-03-31,wpi:primary/non_food_articles/oil_seeds,index,107.7,
wpi,2022-23,2026-03-31,wpi:primary/non_food_articles/other_non_food_articles,index,111.1,
wpi,2022-23,2026-04-30,nic:10,index,111.0,
wpi,2022-23,2026-04-30,nic:10/bakery_products,index,108.8,
wpi,2022-23,2026-04-30,nic:10/cocoa_chocolate_and_sugar_confectionery,index,114.6,
wpi,2022-23,2026-04-30,nic:10/dairy_products,index,111.1,
wpi,2022-23,2026-04-30,nic:10/grain_mill_products,index,109.6,
wpi,2022-23,2026-04-30,nic:10/macaroni_noodles_couscous_and_similar_farinaceous_products,index,107.3,
wpi,2022-23,2026-04-30,nic:10/other_food_products,index,109.0,
wpi,2022-23,2026-04-30,nic:10/prepared_animal_feeds,index,100.1,
wpi,2022-23,2026-04-30,nic:10/processing_and_preserving_of_fish_crustaceans_and_molluscs,index,112.8,
wpi,2022-23,2026-04-30,nic:10/processing_and_preserving_of_fruit_and_vegetables,index,105.1,
wpi,2022-23,2026-04-30,nic:10/processing_and_preserving_of_meat,index,134.1,
wpi,2022-23,2026-04-30,nic:10/processing_of_coffee_and_tea,index,122.8,
wpi,2022-23,2026-04-30,nic:10/starches_and_starch_products,index,84.5,
wpi,2022-23,2026-04-30,nic:10/sugar,index,113.2,
wpi,2022-23,2026-04-30,nic:10/vegetable_and_animal_oils_and_fats,index,112.8,
wpi,2022-23,2026-04-30,nic:11,index,104.4,
wpi,2022-23,2026-04-30,nic:11/beer,index,107.5,
wpi,2022-23,2026-04-30,nic:11/distilling_rectifying_and_blending_of_spirits,index,108.3,
wpi,2022-23,2026-04-30,nic:11/soft_drinks_production_of_mineral_waters_and_other_bottled_waters,index,102.9,
wpi,2022-23,2026-04-30,nic:11/wines,index,110.8,
wpi,2022-23,2026-04-30,nic:12,index,122.5,
wpi,2022-23,2026-04-30,nic:12/tobacco_products,index,122.5,
wpi,2022-23,2026-04-30,nic:13,index,99.1,
wpi,2022-23,2026-04-30,nic:13/carpets_and_rugs,index,106.7,
wpi,2022-23,2026-04-30,nic:13/cordage_rope_twine_and_netting,index,111.1,
wpi,2022-23,2026-04-30,nic:13/knitted_and_crocheted_fabrics,index,93.5,
wpi,2022-23,2026-04-30,nic:13/made_up_textile_articles_except_apparel,index,106.9,
wpi,2022-23,2026-04-30,nic:13/other_textiles,index,105.7,
wpi,2022-23,2026-04-30,nic:13/preparation_and_spinning_of_textile_fibres,index,97.0,
wpi,2022-23,2026-04-30,nic:13/weaving_of_textiles,index,97.7,
wpi,2022-23,2026-04-30,nic:14,index,111.0,
wpi,2022-23,2026-04-30,nic:14/knitted_and_crocheted_apparel,index,109.5,
wpi,2022-23,2026-04-30,nic:14/wearing_apparel_except_fur_apparel,index,112.3,
wpi,2022-23,2026-04-30,nic:15,index,107.3,
wpi,2022-23,2026-04-30,nic:15/footwear,index,106.6,
wpi,2022-23,2026-04-30,nic:15/luggage_handbags_and_the_like_saddlery_and_harness_of_any_material,index,110.1,
wpi,2022-23,2026-04-30,nic:15/tanning_and_dressing_of_leather_dressing_and_dyeing_of_fur,index,108.5,
wpi,2022-23,2026-04-30,nic:16,index,115.2,
wpi,2022-23,2026-04-30,nic:16/other_products_of_wood_manufacture_of_articles_of_cork_straw_and_plaiting_materials,index,116.0,
wpi,2022-23,2026-04-30,nic:16/sawmilling_and_planing_of_wood,index,107.1,
wpi,2022-23,2026-04-30,nic:16/veneer_sheets_and_wood_based_panels,index,115.9,
wpi,2022-23,2026-04-30,nic:16/wooden_containers,index,110.9,
wpi,2022-23,2026-04-30,nic:17,index,93.7,
wpi,2022-23,2026-04-30,nic:17/corrugated_paper_and_paperboard_and_of_containers_of_paper_and_paperboard,index,94.5,
wpi,2022-23,2026-04-30,nic:17/other_articles_of_paper_and_paperboard,index,88.2,
wpi,2022-23,2026-04-30,nic:17/pulp_paper_and_paperboard,index,95.9,
wpi,2022-23,2026-04-30,nic:18,index,107.0,
wpi,2022-23,2026-04-30,nic:18/printing,index,107.0,
wpi,2022-23,2026-04-30,nic:20,index,102.6,
wpi,2022-23,2026-04-30,nic:20/basic_chemicals,index,107.3,
wpi,2022-23,2026-04-30,nic:20/fertilizers_and_nitrogen_compounds,index,100.6,
wpi,2022-23,2026-04-30,nic:20/man_made_fibres,index,107.7,
wpi,2022-23,2026-04-30,nic:20/other_chemical_products,index,97.5,
wpi,2022-23,2026-04-30,nic:20/paints_varnishes_and_similar_coatings_printing_ink_and_mastics,index,94.2,
wpi,2022-23,2026-04-30,nic:20/pesticides_and_other_agrochemical_products,index,88.8,
wpi,2022-23,2026-04-30,nic:20/plastics_and_synthetic_rubber_in_primary_forms,index,110.9,
wpi,2022-23,2026-04-30,nic:20/soap_and_detergents_cleaning_and_polishing_preparations_perfumes_and_toilet_preparations,index,103.2,
wpi,2022-23,2026-04-30,nic:21,index,102.3,
wpi,2022-23,2026-04-30,nic:21/pharmaceuticals_medicinal_chemical_and_botanical_products,index,102.3,
wpi,2022-23,2026-04-30,nic:22,index,106.0,
wpi,2022-23,2026-04-30,nic:22/other_rubber_products,index,110.5,
wpi,2022-23,2026-04-30,nic:22/plastics_products,index,106.6,
wpi,2022-23,2026-04-30,nic:22/rubber_tyres_and_tubes_retreading_and_rebuilding_of_rubber_tyres,index,103.4,
wpi,2022-23,2026-04-30,nic:23,index,99.0,
wpi,2022-23,2026-04-30,nic:23/articles_of_concrete_cement_and_plaster,index,109.4,
wpi,2022-23,2026-04-30,nic:23/cement_lime_and_plaster,index,95.6,
wpi,2022-23,2026-04-30,nic:23/clay_building_materials,index,112.5,
wpi,2022-23,2026-04-30,nic:23/cutting_shaping_and_finishing_of_stone,index,117.7,
wpi,2022-23,2026-04-30,nic:23/glass_and_glass_products,index,100.1,
wpi,2022-23,2026-04-30,nic:23/other_porcelain_and_ceramic_products,index,109.6,
wpi,2022-23,2026-04-30,nic:23/refractory_products,index,98.9,
wpi,2022-23,2026-04-30,nic:24,index,103.5,
wpi,2022-23,2026-04-30,nic:24/basic_iron_and_steel,index,91.9,
wpi,2022-23,2026-04-30,nic:24/basic_precious_and_other_non_ferrous_metals,index,157.1,
wpi,2022-23,2026-04-30,nic:24/casting_of_iron_and_steel,index,96.8,
wpi,2022-23,2026-04-30,nic:25,index,104.4,
wpi,2022-23,2026-04-30,nic:25/cutlery_hand_tools_and_general_hardware,index,103.6,
wpi,2022-23,2026-04-30,nic:25/forging_pressing_stamping_and_roll_forming_of_metal_powder_metallurgy,index,101.2,
wpi,2022-23,2026-04-30,nic:25/other_fabricated_metal_products,index,105.4,
wpi,2022-23,2026-04-30,nic:25/steam_generators_except_central_heating_hot_water_boilers,index,105.7,
wpi,2022-23,2026-04-30,nic:25/structural_metal_products,index,108.1,
wpi,2022-23,2026-04-30,nic:25/tanks_reservoirs_and_containers_of_metal,index,98.6,
wpi,2022-23,2026-04-30,nic:25/treatment_and_coating_of_metals_machining,index,98.9,
wpi,2022-23,2026-04-30,nic:25/weapons_and_ammunition,index,94.4,
wpi,2022-23,2026-04-30,nic:26,index,101.7,
wpi,2022-23,2026-04-30,nic:26/communication_equipment,index,101.5,
wpi,2022-23,2026-04-30,nic:26/computers_and_peripheral_equipment,index,103.6,
wpi,2022-23,2026-04-30,nic:26/consumer_electronics,index,98.0,
wpi,2022-23,2026-04-30,nic:26/irradiation_electromedical_and_electrotherapeutic_equipment,index,107.4,
wpi,2022-23,2026-04-30,nic:26/magnetic_and_optical_media,index,96.5,
wpi,2022-23,2026-04-30,nic:26/measuring_testing_navigating_and_control_equipment,index,108.5,
wpi,2022-23,2026-04-30,nic:26/optical_instruments_and_photographic_equipment,index,116.0,
wpi,2022-23,2026-04-30,nic:26/other_electronic_components_and_boards,index,100.4,
wpi,2022-23,2026-04-30,nic:26/solar_cells_solar_panels_and_photovoltaic_inverters,index,97.5,
wpi,2022-23,2026-04-30,nic:26/watches_and_clocks,index,112.9,
wpi,2022-23,2026-04-30,nic:27,index,112.7,
wpi,2022-23,2026-04-30,nic:27/batteries_and_accumulators,index,98.4,
wpi,2022-23,2026-04-30,nic:27/domestic_appliances,index,100.6,
wpi,2022-23,2026-04-30,nic:27/electric_lighting_equipment,index,87.9,
wpi,2022-23,2026-04-30,nic:27/electric_motors_generators_transformers_and_electricity_distribution_and_control_apparatus,index,112.5,
wpi,2022-23,2026-04-30,nic:27/fibre_optic_cables,index,110.4,
wpi,2022-23,2026-04-30,nic:27/other_electrical_equipment,index,100.8,
wpi,2022-23,2026-04-30,nic:27/other_electronic_and_electric_wires_and_cables,index,136.2,
wpi,2022-23,2026-04-30,nic:27/wiring_devices,index,107.4,
wpi,2022-23,2026-04-30,nic:28,index,105.1,
wpi,2022-23,2026-04-30,nic:28/agricultural_and_forestry_machinery,index,104.2,
wpi,2022-23,2026-04-30,nic:28/bearings_gears_gearing_and_driving_elements,index,103.7,
wpi,2022-23,2026-04-30,nic:28/engines_and_turbines_except_aircraft_vehicle_and_cycle_engines,index,100.9,
wpi,2022-23,2026-04-30,nic:28/fluid_power_equipment,index,95.6,
wpi,2022-23,2026-04-30,nic:28/lifting_and_handling_equipment,index,106.1,
wpi,2022-23,2026-04-30,nic:28/machinery_for_food_beverage_and_tobacco_processing,index,104.1,
wpi,2022-23,2026-04-30,nic:28/machinery_for_metallurgy,index,110.4,
wpi,2022-23,2026-04-30,nic:28/machinery_for_mining_quarrying_and_construction,index,107.3,
wpi,2022-23,2026-04-30,nic:28/machinery_for_textile_apparel_and_leather_production,index,108.6,
wpi,2022-23,2026-04-30,nic:28/metal_forming_machinery_and_machine_tools,index,112.5,
wpi,2022-23,2026-04-30,nic:28/other_general_purpose_machinery,index,102.1,
wpi,2022-23,2026-04-30,nic:28/other_pumps_compressors_taps_and_valves,index,108.6,
wpi,2022-23,2026-04-30,nic:28/other_special_purpose_machinery,index,102.1,
wpi,2022-23,2026-04-30,nic:28/ovens_furnaces_and_permanent_household_heating_equipment,index,114.3,
wpi,2022-23,2026-04-30,nic:28/power_driven_hand_tools,index,101.3,
wpi,2022-23,2026-04-30,nic:29,index,106.7,
wpi,2022-23,2026-04-30,nic:29/bodies_coachwork_for_motor_vehicles_manufacture_of_trailers_and_semi_trailers,index,103.0,
wpi,2022-23,2026-04-30,nic:29/motor_vehicles,index,112.4,
wpi,2022-23,2026-04-30,nic:29/parts_and_accessories_for_motor_vehicles,index,99.7,
wpi,2022-23,2026-04-30,nic:30,index,106.0,
wpi,2022-23,2026-04-30,nic:30/air_and_spacecraft_and_related_machinery,index,121.2,
wpi,2022-23,2026-04-30,nic:30/bicycles_and_invalid_carriages,index,102.8,
wpi,2022-23,2026-04-30,nic:30/building_of_ships_and_floating_structures,index,100.3,
wpi,2022-23,2026-04-30,nic:30/motorcycles,index,105.2,
wpi,2022-23,2026-04-30,nic:30/other_transport_equipment,index,102.8,
wpi,2022-23,2026-04-30,nic:30/railway_locomotives_and_rolling_stock,index,107.9,
wpi,2022-23,2026-04-30,nic:31,index,105.6,
wpi,2022-23,2026-04-30,nic:31/other_furniture,index,99.7,
wpi,2022-23,2026-04-30,nic:31/wooden_furniture,index,109.0,
wpi,2022-23,2026-04-30,nic:32,index,157.0,
wpi,2022-23,2026-04-30,nic:32/games_and_toys,index,106.7,
wpi,2022-23,2026-04-30,nic:32/imitation_jewellery_and_related_articles,index,143.7,
wpi,2022-23,2026-04-30,nic:32/jewellery_and_related_articles,index,168.8,
wpi,2022-23,2026-04-30,nic:32/medical_and_dental_instruments_and_supplies,index,104.7,
wpi,2022-23,2026-04-30,nic:32/musical_instruments,index,120.4,
wpi,2022-23,2026-04-30,nic:32/other_manufacturing,index,110.0,
wpi,2022-23,2026-04-30,nic:32/sports_goods,index,116.5,
wpi,2022-23,2026-04-30,wpi:all,index,108.9,
wpi,2022-23,2026-04-30,wpi:food_index,index,113.0,
wpi,2022-23,2026-04-30,wpi:fuel_power,index,111.0,
wpi,2022-23,2026-04-30,wpi:fuel_power/coal_and_lignite,index,87.7,
wpi,2022-23,2026-04-30,wpi:fuel_power/coal_and_lignite/coking_coal,index,87.0,
wpi,2022-23,2026-04-30,wpi:fuel_power/coal_and_lignite/coking_coal/coking_coal,index,87.0,
wpi,2022-23,2026-04-30,wpi:fuel_power/coal_and_lignite/lignite,index,70.3,
wpi,2022-23,2026-04-30,wpi:fuel_power/coal_and_lignite/non_coking_coal,index,88.5,
wpi,2022-23,2026-04-30,wpi:fuel_power/coal_and_lignite/non_coking_coal/non_coking_coal_g15_to_g17_gcv_3100_kcal_kg,index,82.7,
wpi,2022-23,2026-04-30,wpi:fuel_power/coal_and_lignite/non_coking_coal/non_coking_coal_g1_to_g6_gcv_exceeding_5500_kcal_kg,index,95.9,
wpi,2022-23,2026-04-30,wpi:fuel_power/coal_and_lignite/non_coking_coal/non_coking_coal_g7_to_g14_gcv_3100_kcal_kg_to_5500_kcal_kg,index,87.5,
wpi,2022-23,2026-04-30,wpi:fuel_power/crude_petroleum_natural_gas,index,138.8,
wpi,2022-23,2026-04-30,wpi:fuel_power/electricity,index,90.8,
wpi,2022-23,2026-04-30,wpi:fuel_power/electricity/hydro_electricity,index,99.7,
wpi,2022-23,2026-04-30,wpi:fuel_power/electricity/nuclear,index,106.7,
wpi,2022-23,2026-04-30,wpi:fuel_power/electricity/solar,index,95.3,
wpi,2022-23,2026-04-30,wpi:fuel_power/electricity/thermal_electricity,index,88.7,
wpi,2022-23,2026-04-30,wpi:fuel_power/electricity/wind,index,107.6,
wpi,2022-23,2026-04-30,wpi:fuel_power/mineral_oils,index,121.6,
wpi,2022-23,2026-04-30,wpi:manufactured,index,107.0,
wpi,2022-23,2026-04-30,wpi:primary,index,112.8,
wpi,2022-23,2026-04-30,wpi:primary/food_articles,index,114.2,
wpi,2022-23,2026-04-30,wpi:primary/food_articles/condiments_spices,index,130.1,
wpi,2022-23,2026-04-30,wpi:primary/food_articles/eggs_meat_fish,index,111.7,
wpi,2022-23,2026-04-30,wpi:primary/food_articles/food_grains_cereals_pulses,index,114.6,
wpi,2022-23,2026-04-30,wpi:primary/food_articles/food_grains_cereals_pulses/cereals,index,115.2,
wpi,2022-23,2026-04-30,wpi:primary/food_articles/food_grains_cereals_pulses/pulses,index,111.5,
wpi,2022-23,2026-04-30,wpi:primary/food_articles/fruits_vegetables,index,109.6,
wpi,2022-23,2026-04-30,wpi:primary/food_articles/fruits_vegetables/fruits,index,128.8,
wpi,2022-23,2026-04-30,wpi:primary/food_articles/fruits_vegetables/vegetables,index,91.1,
wpi,2022-23,2026-04-30,wpi:primary/food_articles/milk,index,115.0,
wpi,2022-23,2026-04-30,wpi:primary/food_articles/other_food_articles,index,121.6,
wpi,2022-23,2026-04-30,wpi:primary/minerals,index,118.8,
wpi,2022-23,2026-04-30,wpi:primary/minerals/metallic_minerals,index,125.2,
wpi,2022-23,2026-04-30,wpi:primary/minerals/minor_minerals,index,107.7,
wpi,2022-23,2026-04-30,wpi:primary/minerals/other_minerals,index,119.0,
wpi,2022-23,2026-04-30,wpi:primary/non_food_articles,index,107.6,
wpi,2022-23,2026-04-30,wpi:primary/non_food_articles/fibres,index,89.1,
wpi,2022-23,2026-04-30,wpi:primary/non_food_articles/floriculture,index,92.9,
wpi,2022-23,2026-04-30,wpi:primary/non_food_articles/medicinal_plants,index,80.8,
wpi,2022-23,2026-04-30,wpi:primary/non_food_articles/oil_seeds,index,109.0,
wpi,2022-23,2026-04-30,wpi:primary/non_food_articles/other_non_food_articles,index,111.3,
wpi,2022-23,2026-05-31,nic:10,index,112.4,
wpi,2022-23,2026-05-31,nic:10/bakery_products,index,110.8,
wpi,2022-23,2026-05-31,nic:10/cocoa_chocolate_and_sugar_confectionery,index,115.2,
wpi,2022-23,2026-05-31,nic:10/dairy_products,index,112.2,
wpi,2022-23,2026-05-31,nic:10/grain_mill_products,index,110.4,
wpi,2022-23,2026-05-31,nic:10/macaroni_noodles_couscous_and_similar_farinaceous_products,index,107.5,
wpi,2022-23,2026-05-31,nic:10/other_food_products,index,108.6,
wpi,2022-23,2026-05-31,nic:10/prepared_animal_feeds,index,102.9,
wpi,2022-23,2026-05-31,nic:10/processing_and_preserving_of_fish_crustaceans_and_molluscs,index,112.8,
wpi,2022-23,2026-05-31,nic:10/processing_and_preserving_of_fruit_and_vegetables,index,105.7,
wpi,2022-23,2026-05-31,nic:10/processing_and_preserving_of_meat,index,136.6,
wpi,2022-23,2026-05-31,nic:10/processing_of_coffee_and_tea,index,121.3,
wpi,2022-23,2026-05-31,nic:10/starches_and_starch_products,index,86.5,
wpi,2022-23,2026-05-31,nic:10/sugar,index,114.2,
wpi,2022-23,2026-05-31,nic:10/vegetable_and_animal_oils_and_fats,index,115.8,
wpi,2022-23,2026-05-31,nic:11,index,104.9,
wpi,2022-23,2026-05-31,nic:11/beer,index,107.9,
wpi,2022-23,2026-05-31,nic:11/distilling_rectifying_and_blending_of_spirits,index,108.4,
wpi,2022-23,2026-05-31,nic:11/soft_drinks_production_of_mineral_waters_and_other_bottled_waters,index,103.5,
wpi,2022-23,2026-05-31,nic:11/wines,index,110.8,
wpi,2022-23,2026-05-31,nic:12,index,122.8,
wpi,2022-23,2026-05-31,nic:12/tobacco_products,index,122.8,
wpi,2022-23,2026-05-31,nic:13,index,102.1,
wpi,2022-23,2026-05-31,nic:13/carpets_and_rugs,index,107.0,
wpi,2022-23,2026-05-31,nic:13/cordage_rope_twine_and_netting,index,111.9,
wpi,2022-23,2026-05-31,nic:13/knitted_and_crocheted_fabrics,index,96.4,
wpi,2022-23,2026-05-31,nic:13/made_up_textile_articles_except_apparel,index,108.1,
wpi,2022-23,2026-05-31,nic:13/other_textiles,index,107.8,
wpi,2022-23,2026-05-31,nic:13/preparation_and_spinning_of_textile_fibres,index,100.8,
wpi,2022-23,2026-05-31,nic:13/weaving_of_textiles,index,99.4,
wpi,2022-23,2026-05-31,nic:14,index,111.6,
wpi,2022-23,2026-05-31,nic:14/knitted_and_crocheted_apparel,index,109.8,
wpi,2022-23,2026-05-31,nic:14/wearing_apparel_except_fur_apparel,index,113.1,
wpi,2022-23,2026-05-31,nic:15,index,108.4,
wpi,2022-23,2026-05-31,nic:15/footwear,index,107.9,
wpi,2022-23,2026-05-31,nic:15/luggage_handbags_and_the_like_saddlery_and_harness_of_any_material,index,110.3,
wpi,2022-23,2026-05-31,nic:15/tanning_and_dressing_of_leather_dressing_and_dyeing_of_fur,index,109.5,
wpi,2022-23,2026-05-31,nic:16,index,115.0,
wpi,2022-23,2026-05-31,nic:16/other_products_of_wood_manufacture_of_articles_of_cork_straw_and_plaiting_materials,index,116.3,
wpi,2022-23,2026-05-31,nic:16/sawmilling_and_planing_of_wood,index,99.0,
wpi,2022-23,2026-05-31,nic:16/veneer_sheets_and_wood_based_panels,index,116.1,
wpi,2022-23,2026-05-31,nic:16/wooden_containers,index,110.7,
wpi,2022-23,2026-05-31,nic:17,index,94.1,
wpi,2022-23,2026-05-31,nic:17/corrugated_paper_and_paperboard_and_of_containers_of_paper_and_paperboard,index,94.9,
wpi,2022-23,2026-05-31,nic:17/other_articles_of_paper_and_paperboard,index,88.1,
wpi,2022-23,2026-05-31,nic:17/pulp_paper_and_paperboard,index,96.7,
wpi,2022-23,2026-05-31,nic:18,index,108.1,
wpi,2022-23,2026-05-31,nic:18/printing,index,108.1,
wpi,2022-23,2026-05-31,nic:20,index,103.6,
wpi,2022-23,2026-05-31,nic:20/basic_chemicals,index,108.6,
wpi,2022-23,2026-05-31,nic:20/fertilizers_and_nitrogen_compounds,index,102.9,
wpi,2022-23,2026-05-31,nic:20/man_made_fibres,index,109.9,
wpi,2022-23,2026-05-31,nic:20/other_chemical_products,index,97.9,
wpi,2022-23,2026-05-31,nic:20/paints_varnishes_and_similar_coatings_printing_ink_and_mastics,index,95.5,
wpi,2022-23,2026-05-31,nic:20/pesticides_and_other_agrochemical_products,index,89.8,
wpi,2022-23,2026-05-31,nic:20/plastics_and_synthetic_rubber_in_primary_forms,index,107.9,
wpi,2022-23,2026-05-31,nic:20/soap_and_detergents_cleaning_and_polishing_preparations_perfumes_and_toilet_preparations,index,104.5,
wpi,2022-23,2026-05-31,nic:21,index,102.9,
wpi,2022-23,2026-05-31,nic:21/pharmaceuticals_medicinal_chemical_and_botanical_products,index,102.9,
wpi,2022-23,2026-05-31,nic:22,index,106.3,
wpi,2022-23,2026-05-31,nic:22/other_rubber_products,index,111.6,
wpi,2022-23,2026-05-31,nic:22/plastics_products,index,106.4,
wpi,2022-23,2026-05-31,nic:22/rubber_tyres_and_tubes_retreading_and_rebuilding_of_rubber_tyres,index,104.7,
wpi,2022-23,2026-05-31,nic:23,index,99.2,
wpi,2022-23,2026-05-31,nic:23/articles_of_concrete_cement_and_plaster,index,110.5,
wpi,2022-23,2026-05-31,nic:23/cement_lime_and_plaster,index,95.5,
wpi,2022-23,2026-05-31,nic:23/clay_building_materials,index,112.1,
wpi,2022-23,2026-05-31,nic:23/cutting_shaping_and_finishing_of_stone,index,117.6,
wpi,2022-23,2026-05-31,nic:23/glass_and_glass_products,index,100.8,
wpi,2022-23,2026-05-31,nic:23/other_porcelain_and_ceramic_products,index,109.5,
wpi,2022-23,2026-05-31,nic:23/refractory_products,index,99.2,
wpi,2022-23,2026-05-31,nic:24,index,104.9,
wpi,2022-23,2026-05-31,nic:24/basic_iron_and_steel,index,92.5,
wpi,2022-23,2026-05-31,nic:24/basic_precious_and_other_non_ferrous_metals,index,162.2,
wpi,2022-23,2026-05-31,nic:24/casting_of_iron_and_steel,index,98.1,
wpi,2022-23,2026-05-31,nic:25,index,105.9,
wpi,2022-23,2026-05-31,nic:25/cutlery_hand_tools_and_general_hardware,index,105.0,
wpi,2022-23,2026-05-31,nic:25/forging_pressing_stamping_and_roll_forming_of_metal_powder_metallurgy,index,101.4,
wpi,2022-23,2026-05-31,nic:25/other_fabricated_metal_products,index,106.8,
wpi,2022-23,2026-05-31,nic:25/steam_generators_except_central_heating_hot_water_boilers,index,105.4,
wpi,2022-23,2026-05-31,nic:25/structural_metal_products,index,110.0,
wpi,2022-23,2026-05-31,nic:25/tanks_reservoirs_and_containers_of_metal,index,98.5,
wpi,2022-23,2026-05-31,nic:25/treatment_and_coating_of_metals_machining,index,103.9,
wpi,2022-23,2026-05-31,nic:25/weapons_and_ammunition,index,95.1,
wpi,2022-23,2026-05-31,nic:26,index,102.7,
wpi,2022-23,2026-05-31,nic:26/communication_equipment,index,102.5,
wpi,2022-23,2026-05-31,nic:26/computers_and_peripheral_equipment,index,103.9,
wpi,2022-23,2026-05-31,nic:26/consumer_electronics,index,98.8,
wpi,2022-23,2026-05-31,nic:26/irradiation_electromedical_and_electrotherapeutic_equipment,index,109.0,
wpi,2022-23,2026-05-31,nic:26/magnetic_and_optical_media,index,95.7,
wpi,2022-23,2026-05-31,nic:26/measuring_testing_navigating_and_control_equipment,index,109.9,
wpi,2022-23,2026-05-31,nic:26/optical_instruments_and_photographic_equipment,index,116.9,
wpi,2022-23,2026-05-31,nic:26/other_electronic_components_and_boards,index,100.3,
wpi,2022-23,2026-05-31,nic:26/solar_cells_solar_panels_and_photovoltaic_inverters,index,99.1,
wpi,2022-23,2026-05-31,nic:26/watches_and_clocks,index,115.6,
wpi,2022-23,2026-05-31,nic:27,index,114.2,
wpi,2022-23,2026-05-31,nic:27/batteries_and_accumulators,index,99.7,
wpi,2022-23,2026-05-31,nic:27/domestic_appliances,index,102.0,
wpi,2022-23,2026-05-31,nic:27/electric_lighting_equipment,index,90.2,
wpi,2022-23,2026-05-31,nic:27/electric_motors_generators_transformers_and_electricity_distribution_and_control_apparatus,index,112.6,
wpi,2022-23,2026-05-31,nic:27/fibre_optic_cables,index,112.0,
wpi,2022-23,2026-05-31,nic:27/other_electrical_equipment,index,101.1,
wpi,2022-23,2026-05-31,nic:27/other_electronic_and_electric_wires_and_cables,index,139.4,
wpi,2022-23,2026-05-31,nic:27/wiring_devices,index,109.0,
wpi,2022-23,2026-05-31,nic:28,index,105.3,
wpi,2022-23,2026-05-31,nic:28/agricultural_and_forestry_machinery,index,104.4,
wpi,2022-23,2026-05-31,nic:28/bearings_gears_gearing_and_driving_elements,index,103.2,
wpi,2022-23,2026-05-31,nic:28/engines_and_turbines_except_aircraft_vehicle_and_cycle_engines,index,101.6,
wpi,2022-23,2026-05-31,nic:28/fluid_power_equipment,index,95.5,
wpi,2022-23,2026-05-31,nic:28/lifting_and_handling_equipment,index,107.4,
wpi,2022-23,2026-05-31,nic:28/machinery_for_food_beverage_and_tobacco_processing,index,105.0,
wpi,2022-23,2026-05-31,nic:28/machinery_for_metallurgy,index,110.4,
wpi,2022-23,2026-05-31,nic:28/machinery_for_mining_quarrying_and_construction,index,108.0,
wpi,2022-23,2026-05-31,nic:28/machinery_for_textile_apparel_and_leather_production,index,103.4,
wpi,2022-23,2026-05-31,nic:28/metal_forming_machinery_and_machine_tools,index,113.9,
wpi,2022-23,2026-05-31,nic:28/other_general_purpose_machinery,index,103.6,
wpi,2022-23,2026-05-31,nic:28/other_pumps_compressors_taps_and_valves,index,108.7,
wpi,2022-23,2026-05-31,nic:28/other_special_purpose_machinery,index,102.5,
wpi,2022-23,2026-05-31,nic:28/ovens_furnaces_and_permanent_household_heating_equipment,index,105.1,
wpi,2022-23,2026-05-31,nic:28/power_driven_hand_tools,index,100.4,
wpi,2022-23,2026-05-31,nic:29,index,107.0,
wpi,2022-23,2026-05-31,nic:29/bodies_coachwork_for_motor_vehicles_manufacture_of_trailers_and_semi_trailers,index,103.2,
wpi,2022-23,2026-05-31,nic:29/motor_vehicles,index,112.6,
wpi,2022-23,2026-05-31,nic:29/parts_and_accessories_for_motor_vehicles,index,100.1,
wpi,2022-23,2026-05-31,nic:30,index,106.4,
wpi,2022-23,2026-05-31,nic:30/air_and_spacecraft_and_related_machinery,index,123.2,
wpi,2022-23,2026-05-31,nic:30/bicycles_and_invalid_carriages,index,104.7,
wpi,2022-23,2026-05-31,nic:30/building_of_ships_and_floating_structures,index,102.1,
wpi,2022-23,2026-05-31,nic:30/motorcycles,index,105.5,
wpi,2022-23,2026-05-31,nic:30/other_transport_equipment,index,104.2,
wpi,2022-23,2026-05-31,nic:30/railway_locomotives_and_rolling_stock,index,107.6,
wpi,2022-23,2026-05-31,nic:31,index,105.6,
wpi,2022-23,2026-05-31,nic:31/other_furniture,index,100.6,
wpi,2022-23,2026-05-31,nic:31/wooden_furniture,index,108.5,
wpi,2022-23,2026-05-31,nic:32,index,158.2,
wpi,2022-23,2026-05-31,nic:32/games_and_toys,index,107.6,
wpi,2022-23,2026-05-31,nic:32/imitation_jewellery_and_related_articles,index,145.1,
wpi,2022-23,2026-05-31,nic:32/jewellery_and_related_articles,index,170.0,
wpi,2022-23,2026-05-31,nic:32/medical_and_dental_instruments_and_supplies,index,105.2,
wpi,2022-23,2026-05-31,nic:32/musical_instruments,index,127.1,
wpi,2022-23,2026-05-31,nic:32/other_manufacturing,index,111.4,
wpi,2022-23,2026-05-31,nic:32/sports_goods,index,117.1,
wpi,2022-23,2026-05-31,wpi:all,index,110.1,
wpi,2022-23,2026-05-31,wpi:food_index,index,114.1,
wpi,2022-23,2026-05-31,wpi:fuel_power,index,113.4,
wpi,2022-23,2026-05-31,wpi:fuel_power/coal_and_lignite,index,86.6,
wpi,2022-23,2026-05-31,wpi:fuel_power/coal_and_lignite/coking_coal,index,84.3,
wpi,2022-23,2026-05-31,wpi:fuel_power/coal_and_lignite/coking_coal/coking_coal,index,84.3,
wpi,2022-23,2026-05-31,wpi:fuel_power/coal_and_lignite/lignite,index,76.0,
wpi,2022-23,2026-05-31,wpi:fuel_power/coal_and_lignite/non_coking_coal,index,87.3,
wpi,2022-23,2026-05-31,wpi:fuel_power/coal_and_lignite/non_coking_coal/non_coking_coal_g15_to_g17_gcv_3100_kcal_kg,index,81.1,
wpi,2022-23,2026-05-31,wpi:fuel_power/coal_and_lignite/non_coking_coal/non_coking_coal_g1_to_g6_gcv_exceeding_5500_kcal_kg,index,94.3,
wpi,2022-23,2026-05-31,wpi:fuel_power/coal_and_lignite/non_coking_coal/non_coking_coal_g7_to_g14_gcv_3100_kcal_kg_to_5500_kcal_kg,index,86.4,
wpi,2022-23,2026-05-31,wpi:fuel_power/crude_petroleum_natural_gas,index,136.8,
wpi,2022-23,2026-05-31,wpi:fuel_power/electricity,index,91.5,
wpi,2022-23,2026-05-31,wpi:fuel_power/electricity/hydro_electricity,index,91.3,
wpi,2022-23,2026-05-31,wpi:fuel_power/electricity/nuclear,index,106.7,
wpi,2022-23,2026-05-31,wpi:fuel_power/electricity/solar,index,95.3,
wpi,2022-23,2026-05-31,wpi:fuel_power/electricity/thermal_electricity,index,90.3,
wpi,2022-23,2026-05-31,wpi:fuel_power/electricity/wind,index,108.4,
wpi,2022-23,2026-05-31,wpi:fuel_power/mineral_oils,index,125.7,
wpi,2022-23,2026-05-31,wpi:manufactured,index,108.0,
wpi,2022-23,2026-05-31,wpi:primary,index,114.0,
wpi,2022-23,2026-05-31,wpi:primary/food_articles,index,115.1,
wpi,2022-23,2026-05-31,wpi:primary/food_articles/condiments_spices,index,133.5,
wpi,2022-23,2026-05-31,wpi:primary/food_articles/eggs_meat_fish,index,114.0,
wpi,2022-23,2026-05-31,wpi:primary/food_articles/food_grains_cereals_pulses,index,115.1,
wpi,2022-23,2026-05-31,wpi:primary/food_articles/food_grains_cereals_pulses/cereals,index,115.5,
wpi,2022-23,2026-05-31,wpi:primary/food_articles/food_grains_cereals_pulses/pulses,index,112.8,
wpi,2022-23,2026-05-31,wpi:primary/food_articles/fruits_vegetables,index,107.5,
wpi,2022-23,2026-05-31,wpi:primary/food_articles/fruits_vegetables/fruits,index,121.7,
wpi,2022-23,2026-05-31,wpi:primary/food_articles/fruits_vegetables/vegetables,index,93.8,
wpi,2022-23,2026-05-31,wpi:primary/food_articles/milk,index,117.5,
wpi,2022-23,2026-05-31,wpi:primary/food_articles/other_food_articles,index,120.7,
wpi,2022-23,2026-05-31,wpi:primary/minerals,index,121.0,
wpi,2022-23,2026-05-31,wpi:primary/minerals/metallic_minerals,index,130.7,
wpi,2022-23,2026-05-31,wpi:primary/minerals/minor_minerals,index,105.8,
wpi,2022-23,2026-05-31,wpi:primary/minerals/other_minerals,index,117.8,
wpi,2022-23,2026-05-31,wpi:primary/non_food_articles,index,109.1,
wpi,2022-23,2026-05-31,wpi:primary/non_food_articles/fibres,index,93.5,
wpi,2022-23,2026-05-31,wpi:primary/non_food_articles/floriculture,index,96.9,
wpi,2022-23,2026-05-31,wpi:primary/non_food_articles/medicinal_plants,index,79.9,
wpi,2022-23,2026-05-31,wpi:primary/non_food_articles/oil_seeds,index,114.4,
wpi,2022-23,2026-05-31,wpi:primary/non_food_articles/other_non_food_articles,index,111.1,
wpi,2022-23,2026-06-30,nic:10,index,113.5,
wpi,2022-23,2026-06-30,nic:10/bakery_products,index,112.3,
wpi,2022-23,2026-06-30,nic:10/cocoa_chocolate_and_sugar_confectionery,index,116.1,
wpi,2022-23,2026-06-30,nic:10/dairy_products,index,113.2,
wpi,2022-23,2026-06-30,nic:10/grain_mill_products,index,111.5,
wpi,2022-23,2026-06-30,nic:10/macaroni_noodles_couscous_and_similar_farinaceous_products,index,108.6,
wpi,2022-23,2026-06-30,nic:10/other_food_products,index,108.5,
wpi,2022-23,2026-06-30,nic:10/prepared_animal_feeds,index,105.9,
wpi,2022-23,2026-06-30,nic:10/processing_and_preserving_of_fish_crustaceans_and_molluscs,index,113.2,
wpi,2022-23,2026-06-30,nic:10/processing_and_preserving_of_fruit_and_vegetables,index,105.2,
wpi,2022-23,2026-06-30,nic:10/processing_and_preserving_of_meat,index,138.4,
wpi,2022-23,2026-06-30,nic:10/processing_of_coffee_and_tea,index,123.2,
wpi,2022-23,2026-06-30,nic:10/starches_and_starch_products,index,88.6,
wpi,2022-23,2026-06-30,nic:10/sugar,index,115.0,
wpi,2022-23,2026-06-30,nic:10/vegetable_and_animal_oils_and_fats,index,117.0,
wpi,2022-23,2026-06-30,nic:11,index,105.1,
wpi,2022-23,2026-06-30,nic:11/beer,index,108.7,
wpi,2022-23,2026-06-30,nic:11/distilling_rectifying_and_blending_of_spirits,index,108.7,
wpi,2022-23,2026-06-30,nic:11/soft_drinks_production_of_mineral_waters_and_other_bottled_waters,index,103.6,
wpi,2022-23,2026-06-30,nic:11/wines,index,109.7,
wpi,2022-23,2026-06-30,nic:12,index,124.8,
wpi,2022-23,2026-06-30,nic:12/tobacco_products,index,124.8,
wpi,2022-23,2026-06-30,nic:13,index,103.4,
wpi,2022-23,2026-06-30,nic:13/carpets_and_rugs,index,107.4,
wpi,2022-23,2026-06-30,nic:13/cordage_rope_twine_and_netting,index,113.7,
wpi,2022-23,2026-06-30,nic:13/knitted_and_crocheted_fabrics,index,97.0,
wpi,2022-23,2026-06-30,nic:13/made_up_textile_articles_except_apparel,index,108.6,
wpi,2022-23,2026-06-30,nic:13/other_textiles,index,109.0,
wpi,2022-23,2026-06-30,nic:13/preparation_and_spinning_of_textile_fibres,index,102.6,
wpi,2022-23,2026-06-30,nic:13/weaving_of_textiles,index,98.8,
wpi,2022-23,2026-06-30,nic:14,index,111.9,
wpi,2022-23,2026-06-30,nic:14/knitted_and_crocheted_apparel,index,110.3,
wpi,2022-23,2026-06-30,nic:14/wearing_apparel_except_fur_apparel,index,113.3,
wpi,2022-23,2026-06-30,nic:15,index,108.9,
wpi,2022-23,2026-06-30,nic:15/footwear,index,108.6,
wpi,2022-23,2026-06-30,nic:15/luggage_handbags_and_the_like_saddlery_and_harness_of_any_material,index,110.9,
wpi,2022-23,2026-06-30,nic:15/tanning_and_dressing_of_leather_dressing_and_dyeing_of_fur,index,108.1,
wpi,2022-23,2026-06-30,nic:16,index,115.4,
wpi,2022-23,2026-06-30,nic:16/other_products_of_wood_manufacture_of_articles_of_cork_straw_and_plaiting_materials,index,119.1,
wpi,2022-23,2026-06-30,nic:16/sawmilling_and_planing_of_wood,index,100.3,
wpi,2022-23,2026-06-30,nic:16/veneer_sheets_and_wood_based_panels,index,116.4,
wpi,2022-23,2026-06-30,nic:16/wooden_containers,index,111.8,
wpi,2022-23,2026-06-30,nic:17,index,93.8,
wpi,2022-23,2026-06-30,nic:17/corrugated_paper_and_paperboard_and_of_containers_of_paper_and_paperboard,index,94.7,
wpi,2022-23,2026-06-30,nic:17/other_articles_of_paper_and_paperboard,index,87.2,
wpi,2022-23,2026-06-30,nic:17/pulp_paper_and_paperboard,index,96.5,
wpi,2022-23,2026-06-30,nic:18,index,108.0,
wpi,2022-23,2026-06-30,nic:18/printing,index,108.0,
wpi,2022-23,2026-06-30,nic:20,index,103.8,
wpi,2022-23,2026-06-30,nic:20/basic_chemicals,index,107.7,
wpi,2022-23,2026-06-30,nic:20/fertilizers_and_nitrogen_compounds,index,104.5,
wpi,2022-23,2026-06-30,nic:20/man_made_fibres,index,111.7,
wpi,2022-23,2026-06-30,nic:20/other_chemical_products,index,95.9,
wpi,2022-23,2026-06-30,nic:20/paints_varnishes_and_similar_coatings_printing_ink_and_mastics,index,96.2,
wpi,2022-23,2026-06-30,nic:20/pesticides_and_other_agrochemical_products,index,89.6,
wpi,2022-23,2026-06-30,nic:20/plastics_and_synthetic_rubber_in_primary_forms,index,107.9,
wpi,2022-23,2026-06-30,nic:20/soap_and_detergents_cleaning_and_polishing_preparations_perfumes_and_toilet_preparations,index,105.1,
wpi,2022-23,2026-06-30,nic:21,index,102.8,
wpi,2022-23,2026-06-30,nic:21/pharmaceuticals_medicinal_chemical_and_botanical_products,index,102.8,
wpi,2022-23,2026-06-30,nic:22,index,106.7,
wpi,2022-23,2026-06-30,nic:22/other_rubber_products,index,112.4,
wpi,2022-23,2026-06-30,nic:22/plastics_products,index,106.5,
wpi,2022-23,2026-06-30,nic:22/rubber_tyres_and_tubes_retreading_and_rebuilding_of_rubber_tyres,index,105.9,
wpi,2022-23,2026-06-30,nic:23,index,99.8,
wpi,2022-23,2026-06-30,nic:23/articles_of_concrete_cement_and_plaster,index,110.7,
wpi,2022-23,2026-06-30,nic:23/cement_lime_and_plaster,index,95.7,
wpi,2022-23,2026-06-30,nic:23/clay_building_materials,index,114.3,
wpi,2022-23,2026-06-30,nic:23/cutting_shaping_and_finishing_of_stone,index,117.8,
wpi,2022-23,2026-06-30,nic:23/glass_and_glass_products,index,101.5,
wpi,2022-23,2026-06-30,nic:23/other_porcelain_and_ceramic_products,index,108.4,
wpi,2022-23,2026-06-30,nic:23/refractory_products,index,101.8,
wpi,2022-23,2026-06-30,nic:24,index,101.6,
wpi,2022-23,2026-06-30,nic:24/basic_iron_and_steel,index,88.5,
wpi,2022-23,2026-06-30,nic:24/basic_precious_and_other_non_ferrous_metals,index,160.9,
wpi,2022-23,2026-06-30,nic:24/casting_of_iron_and_steel,index,97.9,
wpi,2022-23,2026-06-30,nic:25,index,106.1,
wpi,2022-23,2026-06-30,nic:25/cutlery_hand_tools_and_general_hardware,index,105.7,
wpi,2022-23,2026-06-30,nic:25/forging_pressing_stamping_and_roll_forming_of_metal_powder_metallurgy,index,101.7,
wpi,2022-23,2026-06-30,nic:25/other_fabricated_metal_products,index,107.5,
wpi,2022-23,2026-06-30,nic:25/steam_generators_except_central_heating_hot_water_boilers,index,108.0,
wpi,2022-23,2026-06-30,nic:25/structural_metal_products,index,110.9,
wpi,2022-23,2026-06-30,nic:25/tanks_reservoirs_and_containers_of_metal,index,98.4,
wpi,2022-23,2026-06-30,nic:25/treatment_and_coating_of_metals_machining,index,96.1,
wpi,2022-23,2026-06-30,nic:25/weapons_and_ammunition,index,95.2,
wpi,2022-23,2026-06-30,nic:26,index,103.4,
wpi,2022-23,2026-06-30,nic:26/communication_equipment,index,103.4,
wpi,2022-23,2026-06-30,nic:26/computers_and_peripheral_equipment,index,103.8,
wpi,2022-23,2026-06-30,nic:26/consumer_electronics,index,99.1,
wpi,2022-23,2026-06-30,nic:26/irradiation_electromedical_and_electrotherapeutic_equipment,index,110.4,
wpi,2022-23,2026-06-30,nic:26/magnetic_and_optical_media,index,96.6,
wpi,2022-23,2026-06-30,nic:26/measuring_testing_navigating_and_control_equipment,index,112.0,
wpi,2022-23,2026-06-30,nic:26/optical_instruments_and_photographic_equipment,index,117.2,
wpi,2022-23,2026-06-30,nic:26/other_electronic_components_and_boards,index,100.7,
wpi,2022-23,2026-06-30,nic:26/solar_cells_solar_panels_and_photovoltaic_inverters,index,97.6,
wpi,2022-23,2026-06-30,nic:26/watches_and_clocks,index,116.8,
wpi,2022-23,2026-06-30,nic:27,index,115.0,
wpi,2022-23,2026-06-30,nic:27/batteries_and_accumulators,index,101.6,
wpi,2022-23,2026-06-30,nic:27/domestic_appliances,index,100.1,
wpi,2022-23,2026-06-30,nic:27/electric_lighting_equipment,index,90.0,
wpi,2022-23,2026-06-30,nic:27/electric_motors_generators_transformers_and_electricity_distribution_and_control_apparatus,index,113.3,
wpi,2022-23,2026-06-30,nic:27/fibre_optic_cables,index,111.6,
wpi,2022-23,2026-06-30,nic:27/other_electrical_equipment,index,102.0,
wpi,2022-23,2026-06-30,nic:27/other_electronic_and_electric_wires_and_cables,index,141.5,
wpi,2022-23,2026-06-30,nic:27/wiring_devices,index,108.1,
wpi,2022-23,2026-06-30,nic:28,index,105.5,
wpi,2022-23,2026-06-30,nic:28/agricultural_and_forestry_machinery,index,104.1,
wpi,2022-23,2026-06-30,nic:28/bearings_gears_gearing_and_driving_elements,index,103.3,
wpi,2022-23,2026-06-30,nic:28/engines_and_turbines_except_aircraft_vehicle_and_cycle_engines,index,102.1,
wpi,2022-23,2026-06-30,nic:28/fluid_power_equipment,index,93.3,
wpi,2022-23,2026-06-30,nic:28/lifting_and_handling_equipment,index,106.9,
wpi,2022-23,2026-06-30,nic:28/machinery_for_food_beverage_and_tobacco_processing,index,104.4,
wpi,2022-23,2026-06-30,nic:28/machinery_for_metallurgy,index,111.5,
wpi,2022-23,2026-06-30,nic:28/machinery_for_mining_quarrying_and_construction,index,108.5,
wpi,2022-23,2026-06-30,nic:28/machinery_for_textile_apparel_and_leather_production,index,105.7,
wpi,2022-23,2026-06-30,nic:28/metal_forming_machinery_and_machine_tools,index,114.4,
wpi,2022-23,2026-06-30,nic:28/other_general_purpose_machinery,index,103.6,
wpi,2022-23,2026-06-30,nic:28/other_pumps_compressors_taps_and_valves,index,109.3,
wpi,2022-23,2026-06-30,nic:28/other_special_purpose_machinery,index,101.5,
wpi,2022-23,2026-06-30,nic:28/ovens_furnaces_and_permanent_household_heating_equipment,index,108.0,
wpi,2022-23,2026-06-30,nic:28/power_driven_hand_tools,index,101.4,
wpi,2022-23,2026-06-30,nic:29,index,108.7,
wpi,2022-23,2026-06-30,nic:29/bodies_coachwork_for_motor_vehicles_manufacture_of_trailers_and_semi_trailers,index,103.5,
wpi,2022-23,2026-06-30,nic:29/motor_vehicles,index,115.6,
wpi,2022-23,2026-06-30,nic:29/parts_and_accessories_for_motor_vehicles,index,100.4,
wpi,2022-23,2026-06-30,nic:30,index,107.2,
wpi,2022-23,2026-06-30,nic:30/air_and_spacecraft_and_related_machinery,index,123.0,
wpi,2022-23,2026-06-30,nic:30/bicycles_and_invalid_carriages,index,105.6,
wpi,2022-23,2026-06-30,nic:30/building_of_ships_and_floating_structures,index,102.1,
wpi,2022-23,2026-06-30,nic:30/motorcycles,index,106.3,
wpi,2022-23,2026-06-30,nic:30/other_transport_equipment,index,104.8,
wpi,2022-23,2026-06-30,nic:30/railway_locomotives_and_rolling_stock,index,108.9,
wpi,2022-23,2026-06-30,nic:31,index,105.8,
wpi,2022-23,2026-06-30,nic:31/other_furniture,index,100.0,
wpi,2022-23,2026-06-30,nic:31/wooden_furniture,index,109.1,
wpi,2022-23,2026-06-30,nic:32,index,156.8,
wpi,2022-23,2026-06-30,nic:32/games_and_toys,index,108.0,
wpi,2022-23,2026-06-30,nic:32/imitation_jewellery_and_related_articles,index,142.2,
wpi,2022-23,2026-06-30,nic:32/jewellery_and_related_articles,index,168.3,
wpi,2022-23,2026-06-30,nic:32/medical_and_dental_instruments_and_supplies,index,105.4,
wpi,2022-23,2026-06-30,nic:32/musical_instruments,index,126.8,
wpi,2022-23,2026-06-30,nic:32/other_manufacturing,index,111.3,
wpi,2022-23,2026-06-30,nic:32/sports_goods,index,117.9,
wpi,2022-23,2026-06-30,wpi:all,index,110.3,
wpi,2022-23,2026-06-30,wpi:food_index,index,115.9,
wpi,2022-23,2026-06-30,wpi:fuel_power,index,110.9,
wpi,2022-23,2026-06-30,wpi:fuel_power/coal_and_lignite,index,87.9,
wpi,2022-23,2026-06-30,wpi:fuel_power/coal_and_lignite/coking_coal,index,85.8,
wpi,2022-23,2026-06-30,wpi:fuel_power/coal_and_lignite/coking_coal/coking_coal,index,85.8,
wpi,2022-23,2026-06-30,wpi:fuel_power/coal_and_lignite/lignite,index,93.2,
wpi,2022-23,2026-06-30,wpi:fuel_power/coal_and_lignite/non_coking_coal,index,87.9,
wpi,2022-23,2026-06-30,wpi:fuel_power/coal_and_lignite/non_coking_coal/non_coking_coal_g15_to_g17_gcv_3100_kcal_kg,index,81.0,
wpi,2022-23,2026-06-30,wpi:fuel_power/coal_and_lignite/non_coking_coal/non_coking_coal_g1_to_g6_gcv_exceeding_5500_kcal_kg,index,96.2,
wpi,2022-23,2026-06-30,wpi:fuel_power/coal_and_lignite/non_coking_coal/non_coking_coal_g7_to_g14_gcv_3100_kcal_kg_to_5500_kcal_kg,index,86.9,
wpi,2022-23,2026-06-30,wpi:fuel_power/crude_petroleum_natural_gas,index,120.2,
wpi,2022-23,2026-06-30,wpi:fuel_power/electricity,index,91.2,
wpi,2022-23,2026-06-30,wpi:fuel_power/electricity/hydro_electricity,index,89.5,
wpi,2022-23,2026-06-30,wpi:fuel_power/electricity/nuclear,index,109.1,
wpi,2022-23,2026-06-30,wpi:fuel_power/electricity/solar,index,93.2,
wpi,2022-23,2026-06-30,wpi:fuel_power/electricity/thermal_electricity,index,90.1,
wpi,2022-23,2026-06-30,wpi:fuel_power/electricity/wind,index,108.8,
wpi,2022-23,2026-06-30,wpi:fuel_power/mineral_oils,index,122.9,
wpi,2022-23,2026-06-30,wpi:manufactured,index,108.1,
wpi,2022-23,2026-06-30,wpi:primary,index,116.1,
wpi,2022-23,2026-06-30,wpi:primary/food_articles,index,117.2,
wpi,2022-23,2026-06-30,wpi:primary/food_articles/condiments_spices,index,136.8,
wpi,2022-23,2026-06-30,wpi:primary/food_articles/eggs_meat_fish,index,116.6,
wpi,2022-23,2026-06-30,wpi:primary/food_articles/food_grains_cereals_pulses,index,115.7,
wpi,2022-23,2026-06-30,wpi:primary/food_articles/food_grains_cereals_pulses/cereals,index,116.0,
wpi,2022-23,2026-06-30,wpi:primary/food_articles/food_grains_cereals_pulses/pulses,index,114.4,
wpi,2022-23,2026-06-30,wpi:primary/food_articles/fruits_vegetables,index,113.5,
wpi,2022-23,2026-06-30,wpi:primary/food_articles/fruits_vegetables/fruits,index,117.0,
wpi,2022-23,2026-06-30,wpi:primary/food_articles/fruits_vegetables/vegetables,index,110.2,
wpi,2022-23,2026-06-30,wpi:primary/food_articles/milk,index,118.1,
wpi,2022-23,2026-06-30,wpi:primary/food_articles/other_food_articles,index,118.6,
wpi,2022-23,2026-06-30,wpi:primary/minerals,index,123.8,
wpi,2022-23,2026-06-30,wpi:primary/minerals/metallic_minerals,index,134.9,
wpi,2022-23,2026-06-30,wpi:primary/minerals/minor_minerals,index,108.2,
wpi,2022-23,2026-06-30,wpi:primary/minerals/other_minerals,index,116.3,
wpi,2022-23,2026-06-30,wpi:primary/non_food_articles,index,111.0,
wpi,2022-23,2026-06-30,wpi:primary/non_food_articles/fibres,index,94.6,
wpi,2022-23,2026-06-30,wpi:primary/non_food_articles/floriculture,index,93.1,
wpi,2022-23,2026-06-30,wpi:primary/non_food_articles/medicinal_plants,index,78.6,
wpi,2022-23,2026-06-30,wpi:primary/non_food_articles/oil_seeds,index,117.2,
wpi,2022-23,2026-06-30,wpi:primary/non_food_articles/other_non_food_articles,index,113.2,
wpi,2022-23,2026-07-31,nic:10,index,115.1,
wpi,2022-23,2026-07-31,nic:10/bakery_products,index,112.8,
wpi,2022-23,2026-07-31,nic:10/cocoa_chocolate_and_sugar_confectionery,index,116.4,
wpi,2022-23,2026-07-31,nic:10/dairy_products,index,113.1,
wpi,2022-23,2026-07-31,nic:10/grain_mill_products,index,113.8,
wpi,2022-23,2026-07-31,nic:10/macaroni_noodles_couscous_and_similar_farinaceous_products,index,110.6,
wpi,2022-23,2026-07-31,nic:10/other_food_products,index,110.0,
wpi,2022-23,2026-07-31,nic:10/prepared_animal_feeds,index,106.9,
wpi,2022-23,2026-07-31,nic:10/processing_and_preserving_of_fish_crustaceans_and_molluscs,index,111.9,
wpi,2022-23,2026-07-31,nic:10/processing_and_preserving_of_fruit_and_vegetables,index,106.6,
wpi,2022-23,2026-07-31,nic:10/processing_and_preserving_of_meat,index,142.4,
wpi,2022-23,2026-07-31,nic:10/processing_of_coffee_and_tea,index,122.3,
wpi,2022-23,2026-07-31,nic:10/starches_and_starch_products,index,91.1,
wpi,2022-23,2026-07-31,nic:10/sugar,index,120.0,
wpi,2022-23,2026-07-31,nic:10/vegetable_and_animal_oils_and_fats,index,118.4,
wpi,2022-23,2026-07-31,nic:11,index,105.1,
wpi,2022-23,2026-07-31,nic:11/beer,index,108.3,
wpi,2022-23,2026-07-31,nic:11/distilling_rectifying_and_blending_of_spirits,index,108.5,
wpi,2022-23,2026-07-31,nic:11/soft_drinks_production_of_mineral_waters_and_other_bottled_waters,index,103.7,
wpi,2022-23,2026-07-31,nic:11/wines,index,109.8,
wpi,2022-23,2026-07-31,nic:12,index,124.7,
wpi,2022-23,2026-07-31,nic:12/tobacco_products,index,124.7,
wpi,2022-23,2026-07-31,nic:13,index,104.0,
wpi,2022-23,2026-07-31,nic:13/carpets_and_rugs,index,107.9,
wpi,2022-23,2026-07-31,nic:13/cordage_rope_twine_and_netting,index,112.7,
wpi,2022-23,2026-07-31,nic:13/knitted_and_crocheted_fabrics,index,98.9,
wpi,2022-23,2026-07-31,nic:13/made_up_textile_articles_except_apparel,index,108.6,
wpi,2022-23,2026-07-31,nic:13/other_textiles,index,107.1,
wpi,2022-23,2026-07-31,nic:13/preparation_and_spinning_of_textile_fibres,index,103.4,
wpi,2022-23,2026-07-31,nic:13/weaving_of_textiles,index,100.0,
wpi,2022-23,2026-07-31,nic:14,index,111.6,
wpi,2022-23,2026-07-31,nic:14/knitted_and_crocheted_apparel,index,111.1,
wpi,2022-23,2026-07-31,nic:14/wearing_apparel_except_fur_apparel,index,112.0,
wpi,2022-23,2026-07-31,nic:15,index,109.4,
wpi,2022-23,2026-07-31,nic:15/footwear,index,108.9,
wpi,2022-23,2026-07-31,nic:15/luggage_handbags_and_the_like_saddlery_and_harness_of_any_material,index,111.0,
wpi,2022-23,2026-07-31,nic:15/tanning_and_dressing_of_leather_dressing_and_dyeing_of_fur,index,111.1,
wpi,2022-23,2026-07-31,nic:16,index,116.3,
wpi,2022-23,2026-07-31,nic:16/other_products_of_wood_manufacture_of_articles_of_cork_straw_and_plaiting_materials,index,119.1,
wpi,2022-23,2026-07-31,nic:16/sawmilling_and_planing_of_wood,index,100.8,
wpi,2022-23,2026-07-31,nic:16/veneer_sheets_and_wood_based_panels,index,117.2,
wpi,2022-23,2026-07-31,nic:16/wooden_containers,index,113.7,
wpi,2022-23,2026-07-31,nic:17,index,94.2,
wpi,2022-23,2026-07-31,nic:17/corrugated_paper_and_paperboard_and_of_containers_of_paper_and_paperboard,index,95.5,
wpi,2022-23,2026-07-31,nic:17/other_articles_of_paper_and_paperboard,index,87.3,
wpi,2022-23,2026-07-31,nic:17/pulp_paper_and_paperboard,index,96.7,
wpi,2022-23,2026-07-31,nic:18,index,108.5,
wpi,2022-23,2026-07-31,nic:18/printing,index,108.5,
wpi,2022-23,2026-07-31,nic:20,index,102.6,
wpi,2022-23,2026-07-31,nic:20/basic_chemicals,index,105.1,
wpi,2022-23,2026-07-31,nic:20/fertilizers_and_nitrogen_compounds,index,105.0,
wpi,2022-23,2026-07-31,nic:20/man_made_fibres,index,109.4,
wpi,2022-23,2026-07-31,nic:20/other_chemical_products,index,96.3,
wpi,2022-23,2026-07-31,nic:20/paints_varnishes_and_similar_coatings_printing_ink_and_mastics,index,96.4,
wpi,2022-23,2026-07-31,nic:20/pesticides_and_other_agrochemical_products,index,91.3,
wpi,2022-23,2026-07-31,nic:20/plastics_and_synthetic_rubber_in_primary_forms,index,102.8,
wpi,2022-23,2026-07-31,nic:20/soap_and_detergents_cleaning_and_polishing_preparations_perfumes_and_toilet_preparations,index,104.5,
wpi,2022-23,2026-07-31,nic:21,index,103.6,
wpi,2022-23,2026-07-31,nic:21/pharmaceuticals_medicinal_chemical_and_botanical_products,index,103.6,
wpi,2022-23,2026-07-31,nic:22,index,106.3,
wpi,2022-23,2026-07-31,nic:22/other_rubber_products,index,114.0,
wpi,2022-23,2026-07-31,nic:22/plastics_products,index,105.1,
wpi,2022-23,2026-07-31,nic:22/rubber_tyres_and_tubes_retreading_and_rebuilding_of_rubber_tyres,index,107.8,
wpi,2022-23,2026-07-31,nic:23,index,99.9,
wpi,2022-23,2026-07-31,nic:23/articles_of_concrete_cement_and_plaster,index,112.0,
wpi,2022-23,2026-07-31,nic:23/cement_lime_and_plaster,index,95.4,
wpi,2022-23,2026-07-31,nic:23/clay_building_materials,index,115.0,
wpi,2022-23,2026-07-31,nic:23/cutting_shaping_and_finishing_of_stone,index,117.5,
wpi,2022-23,2026-07-31,nic:23/glass_and_glass_products,index,101.5,
wpi,2022-23,2026-07-31,nic:23/other_porcelain_and_ceramic_products,index,110.3,
wpi,2022-23,2026-07-31,nic:23/refractory_products,index,102.2,
wpi,2022-23,2026-07-31,nic:24,index,102.2,
wpi,2022-23,2026-07-31,nic:24/basic_iron_and_steel,index,90.2,
wpi,2022-23,2026-07-31,nic:24/basic_precious_and_other_non_ferrous_metals,index,156.7,
wpi,2022-23,2026-07-31,nic:24/casting_of_iron_and_steel,index,98.3,
wpi,2022-23,2026-07-31,nic:25,index,106.6,
wpi,2022-23,2026-07-31,nic:25/cutlery_hand_tools_and_general_hardware,index,105.3,
wpi,2022-23,2026-07-31,nic:25/forging_pressing_stamping_and_roll_forming_of_metal_powder_metallurgy,index,102.2,
wpi,2022-23,2026-07-31,nic:25/other_fabricated_metal_products,index,108.0,
wpi,2022-23,2026-07-31,nic:25/steam_generators_except_central_heating_hot_water_boilers,index,106.9,
wpi,2022-23,2026-07-31,nic:25/structural_metal_products,index,110.8,
wpi,2022-23,2026-07-31,nic:25/tanks_reservoirs_and_containers_of_metal,index,97.6,
wpi,2022-23,2026-07-31,nic:25/treatment_and_coating_of_metals_machining,index,103.8,
wpi,2022-23,2026-07-31,nic:25/weapons_and_ammunition,index,95.2,
wpi,2022-23,2026-07-31,nic:26,index,104.1,
wpi,2022-23,2026-07-31,nic:26/communication_equipment,index,103.9,
wpi,2022-23,2026-07-31,nic:26/computers_and_peripheral_equipment,index,104.6,
wpi,2022-23,2026-07-31,nic:26/consumer_electronics,index,101.5,
wpi,2022-23,2026-07-31,nic:26/irradiation_electromedical_and_electrotherapeutic_equipment,index,110.3,
wpi,2022-23,2026-07-31,nic:26/magnetic_and_optical_media,index,96.6,
wpi,2022-23,2026-07-31,nic:26/measuring_testing_navigating_and_control_equipment,index,111.5,
wpi,2022-23,2026-07-31,nic:26/optical_instruments_and_photographic_equipment,index,115.9,
wpi,2022-23,2026-07-31,nic:26/other_electronic_components_and_boards,index,102.1,
wpi,2022-23,2026-07-31,nic:26/solar_cells_solar_panels_and_photovoltaic_inverters,index,98.1,
wpi,2022-23,2026-07-31,nic:26/watches_and_clocks,index,117.2,
wpi,2022-23,2026-07-31,nic:27,index,116.5,
wpi,2022-23,2026-07-31,nic:27/batteries_and_accumulators,index,102.0,
wpi,2022-23,2026-07-31,nic:27/domestic_appliances,index,103.5,
wpi,2022-23,2026-07-31,nic:27/electric_lighting_equipment,index,90.2,
wpi,2022-23,2026-07-31,nic:27/electric_motors_generators_transformers_and_electricity_distribution_and_control_apparatus,index,114.6,
wpi,2022-23,2026-07-31,nic:27/fibre_optic_cables,index,114.2,
wpi,2022-23,2026-07-31,nic:27/other_electrical_equipment,index,103.7,
wpi,2022-23,2026-07-31,nic:27/other_electronic_and_electric_wires_and_cables,index,143.5,
wpi,2022-23,2026-07-31,nic:27/wiring_devices,index,108.1,
wpi,2022-23,2026-07-31,nic:28,index,106.0,
wpi,2022-23,2026-07-31,nic:28/agricultural_and_forestry_machinery,index,104.1,
wpi,2022-23,2026-07-31,nic:28/bearings_gears_gearing_and_driving_elements,index,104.2,
wpi,2022-23,2026-07-31,nic:28/engines_and_turbines_except_aircraft_vehicle_and_cycle_engines,index,103.0,
wpi,2022-23,2026-07-31,nic:28/fluid_power_equipment,index,94.0,
wpi,2022-23,2026-07-31,nic:28/lifting_and_handling_equipment,index,107.1,
wpi,2022-23,2026-07-31,nic:28/machinery_for_food_beverage_and_tobacco_processing,index,104.8,
wpi,2022-23,2026-07-31,nic:28/machinery_for_metallurgy,index,111.7,
wpi,2022-23,2026-07-31,nic:28/machinery_for_mining_quarrying_and_construction,index,109.2,
wpi,2022-23,2026-07-31,nic:28/machinery_for_textile_apparel_and_leather_production,index,105.5,
wpi,2022-23,2026-07-31,nic:28/metal_forming_machinery_and_machine_tools,index,112.2,
wpi,2022-23,2026-07-31,nic:28/other_general_purpose_machinery,index,104.3,
wpi,2022-23,2026-07-31,nic:28/other_pumps_compressors_taps_and_valves,index,110.4,
wpi,2022-23,2026-07-31,nic:28/other_special_purpose_machinery,index,102.8,
wpi,2022-23,2026-07-31,nic:28/ovens_furnaces_and_permanent_household_heating_equipment,index,111.0,
wpi,2022-23,2026-07-31,nic:28/power_driven_hand_tools,index,100.0,
wpi,2022-23,2026-07-31,nic:29,index,107.5,
wpi,2022-23,2026-07-31,nic:29/bodies_coachwork_for_motor_vehicles_manufacture_of_trailers_and_semi_trailers,index,103.3,
wpi,2022-23,2026-07-31,nic:29/motor_vehicles,index,113.1,
wpi,2022-23,2026-07-31,nic:29/parts_and_accessories_for_motor_vehicles,index,100.8,
wpi,2022-23,2026-07-31,nic:30,index,107.7,
wpi,2022-23,2026-07-31,nic:30/air_and_spacecraft_and_related_machinery,index,123.3,
wpi,2022-23,2026-07-31,nic:30/bicycles_and_invalid_carriages,index,106.7,
wpi,2022-23,2026-07-31,nic:30/building_of_ships_and_floating_structures,index,102.1,
wpi,2022-23,2026-07-31,nic:30/motorcycles,index,107.1,
wpi,2022-23,2026-07-31,nic:30/other_transport_equipment,index,104.1,
wpi,2022-23,2026-07-31,nic:30/railway_locomotives_and_rolling_stock,index,108.4,
wpi,2022-23,2026-07-31,nic:31,index,105.5,
wpi,2022-23,2026-07-31,nic:31/other_furniture,index,100.8,
wpi,2022-23,2026-07-31,nic:31/wooden_furniture,index,108.2,
wpi,2022-23,2026-07-31,nic:32,index,157.0,
wpi,2022-23,2026-07-31,nic:32/games_and_toys,index,109.4,
wpi,2022-23,2026-07-31,nic:32/imitation_jewellery_and_related_articles,index,141.0,
wpi,2022-23,2026-07-31,nic:32/jewellery_and_related_articles,index,168.4,
wpi,2022-23,2026-07-31,nic:32/medical_and_dental_instruments_and_supplies,index,105.7,
wpi,2022-23,2026-07-31,nic:32/musical_instruments,index,128.3,
wpi,2022-23,2026-07-31,nic:32/other_manufacturing,index,111.8,
wpi,2022-23,2026-07-31,nic:32/sports_goods,index,118.4,
wpi,2022-23,2026-07-31,wpi:all,index,110.0,
wpi,2022-23,2026-07-31,wpi:food_index,index,117.1,
wpi,2022-23,2026-07-31,wpi:fuel_power,index,105.4,
wpi,2022-23,2026-07-31,wpi:fuel_power/coal_and_lignite,index,88.4,
wpi,2022-23,2026-07-31,wpi:fuel_power/coal_and_lignite/coking_coal,index,87.2,
wpi,2022-23,2026-07-31,wpi:fuel_power/coal_and_lignite/coking_coal/coking_coal,index,87.2,
wpi,2022-23,2026-07-31,wpi:fuel_power/coal_and_lignite/lignite,index,101.2,
wpi,2022-23,2026-07-31,wpi:fuel_power/coal_and_lignite/non_coking_coal,index,88.1,
wpi,2022-23,2026-07-31,wpi:fuel_power/coal_and_lignite/non_coking_coal/non_coking_coal_g15_to_g17_gcv_3100_kcal_kg,index,85.4,
wpi,2022-23,2026-07-31,wpi:fuel_power/coal_and_lignite/non_coking_coal/non_coking_coal_g1_to_g6_gcv_exceeding_5500_kcal_kg,index,96.6,
wpi,2022-23,2026-07-31,wpi:fuel_power/coal_and_lignite/non_coking_coal/non_coking_coal_g7_to_g14_gcv_3100_kcal_kg_to_5500_kcal_kg,index,86.9,
wpi,2022-23,2026-07-31,wpi:fuel_power/crude_petroleum_natural_gas,index,114.8,
wpi,2022-23,2026-07-31,wpi:fuel_power/electricity,index,92.4,
wpi,2022-23,2026-07-31,wpi:fuel_power/electricity/hydro_electricity,index,80.5,
wpi,2022-23,2026-07-31,wpi:fuel_power/electricity/nuclear,index,107.6,
wpi,2022-23,2026-07-31,wpi:fuel_power/electricity/solar,index,93.2,
wpi,2022-23,2026-07-31,wpi:fuel_power/electricity/thermal_electricity,index,92.4,
wpi,2022-23,2026-07-31,wpi:fuel_power/electricity/wind,index,108.8,
wpi,2022-23,2026-07-31,wpi:fuel_power/mineral_oils,index,113.2,
wpi,2022-23,2026-07-31,wpi:manufactured,index,108.4,
wpi,2022-23,2026-07-31,wpi:primary,index,117.2,
wpi,2022-23,2026-07-31,wpi:primary/food_articles,index,118.2,
wpi,2022-23,2026-07-31,wpi:primary/food_articles/condiments_spices,index,141.7,
wpi,2022-23,2026-07-31,wpi:primary/food_articles/eggs_meat_fish,index,117.1,
wpi,2022-23,2026-07-31,wpi:primary/food_articles/food_grains_cereals_pulses,index,117.5,
wpi,2022-23,2026-07-31,wpi:primary/food_articles/food_grains_cereals_pulses/cereals,index,117.9,
wpi,2022-23,2026-07-31,wpi:primary/food_articles/food_grains_cereals_pulses/pulses,index,115.1,
wpi,2022-23,2026-07-31,wpi:primary/food_articles/fruits_vegetables,index,114.2,
wpi,2022-23,2026-07-31,wpi:primary/food_articles/fruits_vegetables/fruits,index,112.1,
wpi,2022-23,2026-07-31,wpi:primary/food_articles/fruits_vegetables/vegetables,index,116.3,
wpi,2022-23,2026-07-31,wpi:primary/food_articles/milk,index,118.3,
wpi,2022-23,2026-07-31,wpi:primary/food_articles/other_food_articles,index,118.9,
wpi,2022-23,2026-07-31,wpi:primary/minerals,index,125.4,
wpi,2022-23,2026-07-31,wpi:primary/minerals/metallic_minerals,index,135.8,
wpi,2022-23,2026-07-31,wpi:primary/minerals/minor_minerals,index,107.8,
wpi,2022-23,2026-07-31,wpi:primary/minerals/other_minerals,index,124.8,
wpi,2022-23,2026-07-31,wpi:primary/non_food_articles,index,112.6,
wpi,2022-23,2026-07-31,wpi:primary/non_food_articles/fibres,index,94.6,
wpi,2022-23,2026-07-31,wpi:primary/non_food_articles/floriculture,index,108.8,
wpi,2022-23,2026-07-31,wpi:primary/non_food_articles/medicinal_plants,index,77.8,
wpi,2022-23,2026-07-31,wpi:primary/non_food_articles/oil_seeds,index,119.8,
wpi,2022-23,2026-07-31,wpi:primary/non_food_articles/other_non_food_articles,index,114.2,
wpi,2022-23,2026-08-31,nic:10,index,117.0,
wpi,2022-23,2026-08-31,nic:10/bakery_products,index,113.6,
wpi,2022-23,2026-08-31,nic:10/cocoa_chocolate_and_sugar_confectionery,index,116.0,
wpi,2022-23,2026-08-31,nic:10/dairy_products,index,114.4,
wpi,2022-23,2026-08-31,nic:10/grain_mill_products,index,115.0,
wpi,2022-23,2026-08-31,nic:10/macaroni_noodles_couscous_and_similar_farinaceous_products,index,106.6,
wpi,2022-23,2026-08-31,nic:10/other_food_products,index,111.0,
wpi,2022-23,2026-08-31,nic:10/prepared_animal_feeds,index,107.6,
wpi,2022-23,2026-08-31,nic:10/processing_and_preserving_of_fish_crustaceans_and_molluscs,index,113.7,
wpi,2022-23,2026-08-31,nic:10/processing_and_preserving_of_fruit_and_vegetables,index,105.2,
wpi,2022-23,2026-08-31,nic:10/processing_and_preserving_of_meat,index,139.2,
wpi,2022-23,2026-08-31,nic:10/processing_of_coffee_and_tea,index,118.2,
wpi,2022-23,2026-08-31,nic:10/starches_and_starch_products,index,94.6,
wpi,2022-23,2026-08-31,nic:10/sugar,index,131.6,
wpi,2022-23,2026-08-31,nic:10/vegetable_and_animal_oils_and_fats,index,119.6,
wpi,2022-23,2026-08-31,nic:11,index,105.7,
wpi,2022-23,2026-08-31,nic:11/beer,index,109.0,
wpi,2022-23,2026-08-31,nic:11/distilling_rectifying_and_blending_of_spirits,index,109.1,
wpi,2022-23,2026-08-31,nic:11/soft_drinks_production_of_mineral_waters_and_other_bottled_waters,index,104.3,
wpi,2022-23,2026-08-31,nic:11/wines,index,110.0,
wpi,2022-23,2026-08-31,nic:12,index,124.6,
wpi,2022-23,2026-08-31,nic:12/tobacco_products,index,124.6,
wpi,2022-23,2026-08-31,nic:13,index,104.3,
wpi,2022-23,2026-08-31,nic:13/carpets_and_rugs,index,106.3,
wpi,2022-23,2026-08-31,nic:13/cordage_rope_twine_and_netting,index,116.4,
wpi,2022-23,2026-08-31,nic:13/knitted_and_crocheted_fabrics,index,97.4,
wpi,2022-23,2026-08-31,nic:13/made_up_textile_articles_except_apparel,index,109.0,
wpi,2022-23,2026-08-31,nic:13/other_textiles,index,107.6,
wpi,2022-23,2026-08-31,nic:13/preparation_and_spinning_of_textile_fibres,index,103.8,
wpi,2022-23,2026-08-31,nic:13/weaving_of_textiles,index,100.0,
wpi,2022-23,2026-08-31,nic:14,index,112.4,
wpi,2022-23,2026-08-31,nic:14/knitted_and_crocheted_apparel,index,111.0,
wpi,2022-23,2026-08-31,nic:14/wearing_apparel_except_fur_apparel,index,113.5,
wpi,2022-23,2026-08-31,nic:15,index,109.7,
wpi,2022-23,2026-08-31,nic:15/footwear,index,109.9,
wpi,2022-23,2026-08-31,nic:15/luggage_handbags_and_the_like_saddlery_and_harness_of_any_material,index,109.7,
wpi,2022-23,2026-08-31,nic:15/tanning_and_dressing_of_leather_dressing_and_dyeing_of_fur,index,108.1,
wpi,2022-23,2026-08-31,nic:16,index,115.3,
wpi,2022-23,2026-08-31,nic:16/other_products_of_wood_manufacture_of_articles_of_cork_straw_and_plaiting_materials,index,120.3,
wpi,2022-23,2026-08-31,nic:16/sawmilling_and_planing_of_wood,index,98.3,
wpi,2022-23,2026-08-31,nic:16/veneer_sheets_and_wood_based_panels,index,116.4,
wpi,2022-23,2026-08-31,nic:16/wooden_containers,index,112.1,
wpi,2022-23,2026-08-31,nic:17,index,95.0,
wpi,2022-23,2026-08-31,nic:17/corrugated_paper_and_paperboard_and_of_containers_of_paper_and_paperboard,index,96.1,
wpi,2022-23,2026-08-31,nic:17/other_articles_of_paper_and_paperboard,index,86.7,
wpi,2022-23,2026-08-31,nic:17/pulp_paper_and_paperboard,index,98.5,
wpi,2022-23,2026-08-31,nic:18,index,108.5,
wpi,2022-23,2026-08-31,nic:18/printing,index,108.5,
wpi,2022-23,2026-08-31,nic:20,index,103.9,
wpi,2022-23,2026-08-31,nic:20/basic_chemicals,index,107.8,
wpi,2022-23,2026-08-31,nic:20/fertilizers_and_nitrogen_compounds,index,105.6,
wpi,2022-23,2026-08-31,nic:20/man_made_fibres,index,114.7,
wpi,2022-23,2026-08-31,nic:20/other_chemical_products,index,96.8,
wpi,2022-23,2026-08-31,nic:20/paints_varnishes_and_similar_coatings_printing_ink_and_mastics,index,96.8,
wpi,2022-23,2026-08-31,nic:20/pesticides_and_other_agrochemical_products,index,89.5,
wpi,2022-23,2026-08-31,nic:20/plastics_and_synthetic_rubber_in_primary_forms,index,105.2,
wpi,2022-23,2026-08-31,nic:20/soap_and_detergents_cleaning_and_polishing_preparations_perfumes_and_toilet_preparations,index,104.1,
wpi,2022-23,2026-08-31,nic:21,index,103.3,
wpi,2022-23,2026-08-31,nic:21/pharmaceuticals_medicinal_chemical_and_botanical_products,index,103.3,
wpi,2022-23,2026-08-31,nic:22,index,107.4,
wpi,2022-23,2026-08-31,nic:22/other_rubber_products,index,114.1,
wpi,2022-23,2026-08-31,nic:22/plastics_products,index,106.3,
wpi,2022-23,2026-08-31,nic:22/rubber_tyres_and_tubes_retreading_and_rebuilding_of_rubber_tyres,index,108.8,
wpi,2022-23,2026-08-31,nic:23,index,99.7,
wpi,2022-23,2026-08-31,nic:23/articles_of_concrete_cement_and_plaster,index,111.0,
wpi,2022-23,2026-08-31,nic:23/cement_lime_and_plaster,index,95.4,
wpi,2022-23,2026-08-31,nic:23/clay_building_materials,index,116.4,
wpi,2022-23,2026-08-31,nic:23/cutting_shaping_and_finishing_of_stone,index,119.1,
wpi,2022-23,2026-08-31,nic:23/glass_and_glass_products,index,101.7,
wpi,2022-23,2026-08-31,nic:23/other_porcelain_and_ceramic_products,index,110.5,
wpi,2022-23,2026-08-31,nic:23/refractory_products,index,101.3,
wpi,2022-23,2026-08-31,nic:24,index,100.9,
wpi,2022-23,2026-08-31,nic:24/basic_iron_and_steel,index,87.8,
wpi,2022-23,2026-08-31,nic:24/basic_precious_and_other_non_ferrous_metals,index,158.8,
wpi,2022-23,2026-08-31,nic:24/casting_of_iron_and_steel,index,99.6,
wpi,2022-23,2026-08-31,nic:25,index,106.5,
wpi,2022-23,2026-08-31,nic:25/cutlery_hand_tools_and_general_hardware,index,106.8,
wpi,2022-23,2026-08-31,nic:25/forging_pressing_stamping_and_roll_forming_of_metal_powder_metallurgy,index,102.9,
wpi,2022-23,2026-08-31,nic:25/other_fabricated_metal_products,index,107.8,
wpi,2022-23,2026-08-31,nic:25/steam_generators_except_central_heating_hot_water_boilers,index,108.5,
wpi,2022-23,2026-08-31,nic:25/structural_metal_products,index,110.8,
wpi,2022-23,2026-08-31,nic:25/tanks_reservoirs_and_containers_of_metal,index,99.4,
wpi,2022-23,2026-08-31,nic:25/treatment_and_coating_of_metals_machining,index,96.3,
wpi,2022-23,2026-08-31,nic:25/weapons_and_ammunition,index,95.2,
wpi,2022-23,2026-08-31,nic:26,index,104.8,
wpi,2022-23,2026-08-31,nic:26/communication_equipment,index,105.1,
wpi,2022-23,2026-08-31,nic:26/computers_and_peripheral_equipment,index,103.5,
wpi,2022-23,2026-08-31,nic:26/consumer_electronics,index,100.7,
wpi,2022-23,2026-08-31,nic:26/irradiation_electromedical_and_electrotherapeutic_equipment,index,111.5,
wpi,2022-23,2026-08-31,nic:26/magnetic_and_optical_media,index,96.6,
wpi,2022-23,2026-08-31,nic:26/measuring_testing_navigating_and_control_equipment,index,111.1,
wpi,2022-23,2026-08-31,nic:26/optical_instruments_and_photographic_equipment,index,116.1,
wpi,2022-23,2026-08-31,nic:26/other_electronic_components_and_boards,index,101.1,
wpi,2022-23,2026-08-31,nic:26/solar_cells_solar_panels_and_photovoltaic_inverters,index,98.5,
wpi,2022-23,2026-08-31,nic:26/watches_and_clocks,index,120.8,
wpi,2022-23,2026-08-31,nic:27,index,116.0,
wpi,2022-23,2026-08-31,nic:27/batteries_and_accumulators,index,102.3,
wpi,2022-23,2026-08-31,nic:27/domestic_appliances,index,103.1,
wpi,2022-23,2026-08-31,nic:27/electric_lighting_equipment,index,89.7,
wpi,2022-23,2026-08-31,nic:27/electric_motors_generators_transformers_and_electricity_distribution_and_control_apparatus,index,114.0,
wpi,2022-23,2026-08-31,nic:27/fibre_optic_cables,index,113.6,
wpi,2022-23,2026-08-31,nic:27/other_electrical_equipment,index,103.0,
wpi,2022-23,2026-08-31,nic:27/other_electronic_and_electric_wires_and_cables,index,142.5,
wpi,2022-23,2026-08-31,nic:27/wiring_devices,index,109.1,
wpi,2022-23,2026-08-31,nic:28,index,107.0,
wpi,2022-23,2026-08-31,nic:28/agricultural_and_forestry_machinery,index,105.0,
wpi,2022-23,2026-08-31,nic:28/bearings_gears_gearing_and_driving_elements,index,105.0,
wpi,2022-23,2026-08-31,nic:28/engines_and_turbines_except_aircraft_vehicle_and_cycle_engines,index,104.1,
wpi,2022-23,2026-08-31,nic:28/fluid_power_equipment,index,95.0,
wpi,2022-23,2026-08-31,nic:28/lifting_and_handling_equipment,index,107.2,
wpi,2022-23,2026-08-31,nic:28/machinery_for_food_beverage_and_tobacco_processing,index,105.4,
wpi,2022-23,2026-08-31,nic:28/machinery_for_metallurgy,index,115.6,
wpi,2022-23,2026-08-31,nic:28/machinery_for_mining_quarrying_and_construction,index,108.9,
wpi,2022-23,2026-08-31,nic:28/machinery_for_textile_apparel_and_leather_production,index,106.2,
wpi,2022-23,2026-08-31,nic:28/metal_forming_machinery_and_machine_tools,index,114.8,
wpi,2022-23,2026-08-31,nic:28/other_general_purpose_machinery,index,105.1,
wpi,2022-23,2026-08-31,nic:28/other_pumps_compressors_taps_and_valves,index,112.4,
wpi,2022-23,2026-08-31,nic:28/other_special_purpose_machinery,index,104.0,
wpi,2022-23,2026-08-31,nic:28/ovens_furnaces_and_permanent_household_heating_equipment,index,110.6,
wpi,2022-23,2026-08-31,nic:28/power_driven_hand_tools,index,102.2,
wpi,2022-23,2026-08-31,nic:29,index,109.3,
wpi,2022-23,2026-08-31,nic:29/bodies_coachwork_for_motor_vehicles_manufacture_of_trailers_and_semi_trailers,index,104.1,
wpi,2022-23,2026-08-31,nic:29/motor_vehicles,index,115.9,
wpi,2022-23,2026-08-31,nic:29/parts_and_accessories_for_motor_vehicles,index,101.3,
wpi,2022-23,2026-08-31,nic:30,index,108.6,
wpi,2022-23,2026-08-31,nic:30/air_and_spacecraft_and_related_machinery,index,127.1,
wpi,2022-23,2026-08-31,nic:30/bicycles_and_invalid_carriages,index,106.8,
wpi,2022-23,2026-08-31,nic:30/building_of_ships_and_floating_structures,index,102.1,
wpi,2022-23,2026-08-31,nic:30/motorcycles,index,107.7,
wpi,2022-23,2026-08-31,nic:30/other_transport_equipment,index,105.6,
wpi,2022-23,2026-08-31,nic:30/railway_locomotives_and_rolling_stock,index,109.7,
wpi,2022-23,2026-08-31,nic:31,index,105.1,
wpi,2022-23,2026-08-31,nic:31/other_furniture,index,99.8,
wpi,2022-23,2026-08-31,nic:31/wooden_furniture,index,108.1,
wpi,2022-23,2026-08-31,nic:32,index,152.0,
wpi,2022-23,2026-08-31,nic:32/games_and_toys,index,112.7,
wpi,2022-23,2026-08-31,nic:32/imitation_jewellery_and_related_articles,index,142.2,
wpi,2022-23,2026-08-31,nic:32/jewellery_and_related_articles,index,162.0,
wpi,2022-23,2026-08-31,nic:32/medical_and_dental_instruments_and_supplies,index,107.2,
wpi,2022-23,2026-08-31,nic:32/musical_instruments,index,127.8,
wpi,2022-23,2026-08-31,nic:32/other_manufacturing,index,112.1,
wpi,2022-23,2026-08-31,nic:32/sports_goods,index,117.8,
wpi,2022-23,2026-08-31,wpi:all,index,110.8,
wpi,2022-23,2026-08-31,wpi:food_index,index,118.5,
wpi,2022-23,2026-08-31,wpi:fuel_power,index,108.3,
wpi,2022-23,2026-08-31,wpi:fuel_power/coal_and_lignite,index,90.5,
wpi,2022-23,2026-08-31,wpi:fuel_power/coal_and_lignite/coking_coal,index,90.3,
wpi,2022-23,2026-08-31,wpi:fuel_power/coal_and_lignite/coking_coal/coking_coal,index,90.3,
wpi,2022-23,2026-08-31,wpi:fuel_power/coal_and_lignite/lignite,index,105.9,
wpi,2022-23,2026-08-31,wpi:fuel_power/coal_and_lignite/non_coking_coal,index,89.9,
wpi,2022-23,2026-08-31,wpi:fuel_power/coal_and_lignite/non_coking_coal/non_coking_coal_g15_to_g17_gcv_3100_kcal_kg,index,82.5,
wpi,2022-23,2026-08-31,wpi:fuel_power/coal_and_lignite/non_coking_coal/non_coking_coal_g1_to_g6_gcv_exceeding_5500_kcal_kg,index,98.2,
wpi,2022-23,2026-08-31,wpi:fuel_power/coal_and_lignite/non_coking_coal/non_coking_coal_g7_to_g14_gcv_3100_kcal_kg_to_5500_kcal_kg,index,88.9,
wpi,2022-23,2026-08-31,wpi:fuel_power/crude_petroleum_natural_gas,index,120.3,
wpi,2022-23,2026-08-31,wpi:fuel_power/electricity,index,90.9,
wpi,2022-23,2026-08-31,wpi:fuel_power/electricity/hydro_electricity,index,77.5,
wpi,2022-23,2026-08-31,wpi:fuel_power/electricity/nuclear,index,107.7,
wpi,2022-23,2026-08-31,wpi:fuel_power/electricity/solar,index,91.6,
wpi,2022-23,2026-08-31,wpi:fuel_power/electricity/thermal_electricity,index,90.9,
wpi,2022-23,2026-08-31,wpi:fuel_power/electricity/wind,index,109.2,
wpi,2022-23,2026-08-31,wpi:fuel_power/mineral_oils,index,118.4,
wpi,2022-23,2026-08-31,wpi:manufactured,index,108.8,
wpi,2022-23,2026-08-31,wpi:primary,index,118.1,
wpi,2022-23,2026-08-31,wpi:primary/food_articles,index,119.3,
wpi,2022-23,2026-08-31,wpi:primary/food_articles/condiments_spices,index,145.6,
wpi,2022-23,2026-08-31,wpi:primary/food_articles/eggs_meat_fish,index,111.9,
wpi,2022-23,2026-08-31,wpi:primary/food_articles/food_grains_cereals_pulses,index,118.9,
wpi,2022-23,2026-08-31,wpi:primary/food_articles/food_grains_cereals_pulses/cereals,index,119.3,
wpi,2022-23,2026-08-31,wpi:primary/food_articles/food_grains_cereals_pulses/pulses,index,116.9,
wpi,2022-23,2026-08-31,wpi:primary/food_articles/fruits_vegetables,index,121.2,
wpi,2022-23,2026-08-31,wpi:primary/food_articles/fruits_vegetables/fruits,index,121.7,
wpi,2022-23,2026-08-31,wpi:primary/food_articles/fruits_vegetables/vegetables,index,120.7,
wpi,2022-23,2026-08-31,wpi:primary/food_articles/milk,index,118.9,
wpi,2022-23,2026-08-31,wpi:primary/food_articles/other_food_articles,index,118.7,
wpi,2022-23,2026-08-31,wpi:primary/minerals,index,124.8,
wpi,2022-23,2026-08-31,wpi:primary/minerals/metallic_minerals,index,133.2,
wpi,2022-23,2026-08-31,wpi:primary/minerals/minor_minerals,index,110.6,
wpi,2022-23,2026-08-31,wpi:primary/minerals/other_minerals,index,124.3,
wpi,2022-23,2026-08-31,wpi:primary/non_food_articles,index,113.3,
wpi,2022-23,2026-08-31,wpi:primary/non_food_articles/fibres,index,99.8,
wpi,2022-23,2026-08-31,wpi:primary/non_food_articles/floriculture,index,112.3,
wpi,2022-23,2026-08-31,wpi:primary/non_food_articles/medicinal_plants,index,74.0,
wpi,2022-23,2026-08-31,wpi:primary/non_food_articles/oil_seeds,index,120.3,
wpi,2022-23,2026-08-31,wpi:primary/non_food_articles/other_non_food_articles,index,114.0,
